Hours_Studied,Attendance,Parental_Involvement,Access_to_Resources,Extracurricular_Activities,Sleep_Hours,Previous_Scores,Internet_Access,Tutoring_Sessions,Family_Income,School_Type,Physical_Activity,Parental_Education_Level,Distance_from_Home,Gender,Exam_Score,Electricity_Access,Region,Transport_Mode,Class_Size,Language_Section
23,84,Low,High,No,7,73,Yes,0,Low,Public,3,High School,Near,Male,67,yes,South,Bus,184,Francophone
19,64,Low,Medium,No,8,59,Yes,2,Medium,Public,4,College,Moderate,Female,61,no,West,Bus,86,Bilingual
24,98,Medium,Medium,Yes,7,91,Yes,2,Medium,Public,4,Postgraduate,Near,Male,74,yes,West,Walk,176,Bilingual
29,89,Low,Medium,Yes,8,98,Yes,1,Medium,Public,4,High School,Moderate,Male,71,yes,Centre,Private car,41,Anglophone
19,92,Medium,Medium,Yes,6,65,Yes,3,Medium,Public,4,College,Near,Female,70,no,North West,Bus,41,Bilingual
19,88,Medium,Medium,Yes,8,89,Yes,3,Medium,Public,3,Postgraduate,Near,Male,71,sometimes,Far North,Private car,151,Anglophone
29,84,Medium,Low,Yes,7,68,Yes,1,Low,Private,2,High School,Moderate,Male,67,sometimes,South West,Bike,116,Bilingual
25,78,Low,High,Yes,6,50,Yes,1,High,Public,2,High School,Far,Male,66,yes,Centre,Bike,87,Francophone
17,94,Medium,High,No,6,80,Yes,0,Medium,Private,1,College,Near,Male,69,no,Littoral,Walk,136,Francophone
23,98,Medium,Medium,Yes,8,71,Yes,0,High,Public,5,High School,Moderate,Male,72,sometimes,South,Private car,97,Anglophone
17,80,Low,High,No,8,88,No,4,Medium,Private,4,College,Moderate,Male,68,yes,Adamawa,Taxi,186,Anglophone
17,97,Medium,High,Yes,6,87,Yes,2,Low,Private,2,High School,Near,Male,71,sometimes,Far North,Walk,22,Anglophone
21,83,Medium,Medium,Yes,8,97,Yes,2,Medium,Public,4,High School,Near,Male,70,sometimes,West,Bus,138,Bilingual
9,82,Medium,Medium,Yes,8,72,Yes,2,Medium,Private,3,Postgraduate,Near,Male,66,sometimes,Centre,Taxi,159,Anglophone
10,78,Medium,High,Yes,8,74,Yes,1,Low,Private,4,Postgraduate,Near,Male,65,no,Far North,Private car,152,Francophone
17,68,Medium,Medium,No,8,70,Yes,2,Medium,Private,4,High School,Near,Female,64,no,East,Bike,44,Francophone
14,60,Medium,Low,Yes,10,65,Yes,0,High,Private,3,College,Near,Male,60,yes,Adamawa,Bike,100,Francophone
22,70,Low,Medium,Yes,6,82,Yes,1,Low,Public,3,High School,Near,Female,65,yes,East,Bus,139,Francophone
15,80,Medium,Medium,Yes,9,91,Yes,3,Low,Public,2,College,Moderate,Female,67,yes,Far North,Walk,177,Bilingual
12,75,Medium,High,Yes,7,58,Yes,3,Medium,Private,4,College,Near,Male,66,no,South West,Taxi,145,Anglophone
29,78,Medium,Medium,No,5,99,Yes,0,High,Public,1,High School,Moderate,Female,69,yes,West,Taxi,56,Anglophone
19,99,Medium,High,No,6,84,Yes,1,Medium,Public,3,High School,Near,Male,72,yes,West,Private car,28,Bilingual
20,74,Medium,High,No,8,89,Yes,1,Medium,Public,2,College,Moderate,Female,66,sometimes,South West,Bus,115,Francophone
11,78,High,Medium,Yes,8,100,Yes,1,Low,Public,3,High School,Moderate,Male,66,yes,South,Bike,21,Anglophone
17,65,Low,High,Yes,5,75,Yes,2,Low,Public,3,High School,Near,Female,63,sometimes,South West,Walk,151,Anglophone
21,62,High,Low,Yes,6,54,Yes,0,High,Public,3,Postgraduate,Far,Male,64,sometimes,Adamawa,Bike,170,Francophone
13,91,Low,Medium,No,6,90,Yes,1,High,Public,2,High School,Moderate,Female,65,sometimes,South,Taxi,184,Bilingual
22,83,High,High,Yes,6,94,Yes,0,High,Public,2,College,Moderate,Male,71,no,Centre,Taxi,75,Anglophone
16,90,Medium,Medium,No,4,58,Yes,1,Low,Public,3,High School,Moderate,Female,66,yes,Far North,Bus,75,Francophone
18,66,High,High,No,4,51,Yes,2,Low,Private,2,College,Near,Male,64,no,East,Private car,148,Bilingual
16,83,Low,Medium,No,6,57,Yes,0,High,Public,4,High School,Near,Female,63,sometimes,South,Private car,67,Francophone
31,70,Medium,High,Yes,7,66,Yes,1,High,Public,3,College,Near,Male,69,yes,Adamawa,Private car,63,Bilingual
20,69,Medium,Medium,Yes,8,96,Yes,2,Medium,Public,3,High School,Near,Male,67,no,North West,Bike,66,Anglophone
14,60,High,Medium,No,5,50,Yes,2,Medium,Public,3,College,,Female,61,no,Far North,Walk,65,Francophone
25,65,High,Medium,No,5,90,Yes,2,Medium,Public,3,College,Moderate,Female,68,no,West,Private car,101,Anglophone
13,72,Low,Medium,No,6,93,Yes,1,Low,Public,3,High School,Near,Male,61,no,South West,Walk,52,Anglophone
21,65,Medium,Low,Yes,7,91,Yes,2,Medium,Public,3,High School,Far,Female,64,no,South,Private car,77,Anglophone
8,99,Medium,Medium,No,9,54,Yes,2,Low,Public,5,Postgraduate,Near,Female,67,yes,North West,Walk,182,Anglophone
12,72,Low,Medium,Yes,8,84,Yes,1,Low,Public,5,High School,Near,Female,63,yes,South,Taxi,193,Bilingual
21,65,Low,Medium,Yes,6,98,Yes,1,Medium,Public,4,High School,Near,Male,64,yes,Far North,Private car,124,Francophone
24,68,High,Medium,No,8,56,Yes,3,High,Public,1,College,Near,Male,67,yes,Littoral,Taxi,142,Bilingual
21,84,Medium,Medium,Yes,6,52,Yes,1,Medium,Public,2,College,Far,Female,65,no,Adamawa,Walk,43,Anglophone
19,63,Low,High,No,7,94,Yes,1,Medium,Private,3,High School,Moderate,Male,64,yes,Centre,Private car,87,Bilingual
18,94,Medium,High,Yes,7,82,Yes,3,Medium,Private,2,College,Near,Male,70,no,Adamawa,Walk,36,Bilingual
11,98,Medium,Medium,Yes,9,82,Yes,1,Medium,Private,3,Postgraduate,Far,Male,68,no,South,Walk,169,Bilingual
16,70,Medium,Medium,Yes,8,98,Yes,2,Medium,Public,3,High School,Moderate,Male,65,sometimes,Adamawa,Walk,172,Francophone
17,78,Medium,Medium,Yes,6,88,Yes,1,Medium,Private,3,College,Near,Female,68,no,Littoral,Walk,26,Bilingual
26,61,Medium,Low,Yes,6,70,Yes,2,Low,Public,3,High School,Moderate,Female,64,sometimes,Far North,Bike,162,Anglophone
22,86,Low,Medium,Yes,7,72,Yes,3,Low,Public,2,High School,Moderate,Male,68,sometimes,West,Bike,89,Bilingual
9,77,Medium,Medium,No,5,57,Yes,2,Medium,Public,3,High School,Near,Male,63,yes,Littoral,Walk,165,Anglophone
22,71,Low,Medium,Yes,7,65,Yes,1,Medium,Public,4,College,Moderate,Male,64,no,South West,Private car,158,Bilingual
18,68,High,Medium,No,7,72,Yes,0,Medium,Public,3,College,Near,Male,64,no,Centre,Private car,46,Anglophone
16,86,Low,Medium,Yes,8,63,Yes,2,Medium,Public,4,High School,Near,Male,67,sometimes,South,Walk,116,Anglophone
24,77,High,Low,No,8,96,Yes,0,Medium,Public,3,High School,Near,Female,67,sometimes,Adamawa,Private car,174,Francophone
26,67,Medium,High,Yes,7,51,Yes,2,High,Private,4,Postgraduate,Far,Female,66,sometimes,West,Taxi,193,Anglophone
26,88,Medium,High,Yes,5,79,Yes,1,Low,Private,4,College,Moderate,Male,72,yes,Far North,Bus,73,Francophone
15,83,Medium,High,No,5,89,No,1,Medium,Public,2,High School,Near,Female,65,sometimes,Far North,Bus,61,Anglophone
18,94,Medium,Medium,Yes,6,87,Yes,1,Medium,Public,4,High School,Near,Male,71,no,Far North,Bus,121,Bilingual
22,65,High,Low,No,8,82,Yes,2,Medium,Public,1,Postgraduate,Near,Female,66,sometimes,South West,Taxi,70,Anglophone
26,91,Medium,Low,Yes,8,71,Yes,0,Low,Private,3,High School,Moderate,Male,68,sometimes,Adamawa,Taxi,46,Anglophone
17,87,Medium,Medium,No,7,96,Yes,1,High,Public,5,Postgraduate,Near,Female,70,yes,Littoral,Taxi,65,Bilingual
19,65,Medium,Medium,Yes,10,66,Yes,0,Low,Public,3,High School,Moderate,Male,62,sometimes,Adamawa,Private car,38,Francophone
13,88,Low,High,Yes,9,88,Yes,2,Low,Private,4,Postgraduate,Far,Male,68,no,Littoral,Taxi,189,Anglophone
13,78,Medium,High,Yes,9,96,Yes,2,Low,Public,3,College,Moderate,Male,67,yes,North West,Taxi,26,Anglophone
25,98,Low,High,Yes,8,56,No,0,Medium,Private,3,Postgraduate,Near,Male,71,sometimes,Adamawa,Bike,34,Anglophone
28,66,Medium,High,Yes,8,97,Yes,0,Medium,Public,2,High School,Near,Male,68,sometimes,South West,Bike,128,Francophone
20,86,Medium,Medium,Yes,8,89,Yes,1,Low,Public,3,Postgraduate,Near,Male,69,yes,South West,Walk,192,Bilingual
26,75,Low,High,Yes,4,81,Yes,3,Medium,Private,2,High School,Moderate,Male,70,sometimes,South West,Walk,131,Anglophone
22,98,Medium,High,No,5,69,No,1,Low,Public,4,High School,Moderate,Female,69,no,East,Private car,86,Francophone
16,73,Medium,Medium,No,7,95,Yes,1,Low,Public,4,College,Near,Male,65,sometimes,Adamawa,Private car,63,Francophone
22,98,Medium,Low,Yes,7,52,No,3,Medium,Public,3,College,Near,Female,70,sometimes,North West,Taxi,25,Bilingual
29,96,Medium,Low,Yes,7,72,Yes,1,Low,Public,3,High School,Moderate,Male,71,no,Far North,Bus,141,Anglophone
20,71,Medium,Medium,Yes,7,88,Yes,1,Low,Public,4,College,Near,Female,65,no,Far North,Walk,183,Francophone
29,92,Low,Medium,No,4,91,Yes,2,Medium,Public,1,Postgraduate,Near,Female,72,sometimes,Adamawa,Private car,130,Bilingual
4,100,High,High,Yes,8,60,Yes,0,Medium,Private,4,College,Moderate,Male,69,no,South West,Bus,154,Bilingual
25,70,Medium,Medium,No,7,52,Yes,1,Medium,Public,3,Postgraduate,Near,Female,66,yes,Centre,Walk,147,Bilingual
21,77,Low,Medium,Yes,7,90,Yes,4,Medium,Private,3,Postgraduate,Moderate,Male,68,no,North West,Bike,94,Francophone
18,81,High,Low,Yes,8,71,Yes,0,Medium,Public,3,High School,Moderate,Female,65,no,Adamawa,Taxi,101,Francophone
21,72,Medium,Medium,Yes,5,57,Yes,1,High,Public,5,College,Moderate,Male,64,sometimes,North West,Bike,95,Francophone
8,61,Medium,Medium,Yes,7,54,Yes,1,High,Public,3,College,Near,Male,60,no,South,Bike,73,Bilingual
19,69,Medium,High,Yes,7,82,Yes,1,Low,Public,2,High School,Near,Male,65,yes,Littoral,Walk,78,Anglophone
22,71,High,Medium,No,6,79,Yes,1,Low,Public,3,High School,Near,Male,66,yes,Far North,Bike,78,Bilingual
29,78,High,High,Yes,4,93,Yes,5,Medium,Public,3,College,Near,Male,74,yes,North,Private car,113,Bilingual
17,67,Medium,Medium,Yes,5,52,Yes,2,Medium,Private,3,High School,Far,Female,62,yes,South,Bus,22,Anglophone
15,95,Medium,Medium,No,7,93,Yes,2,Low,Public,4,College,Moderate,Male,70,yes,South West,Bus,23,Francophone
17,88,Medium,High,Yes,7,94,Yes,0,Medium,Public,3,High School,Near,Male,69,no,Littoral,Private car,145,Bilingual
25,63,Medium,High,Yes,7,72,Yes,3,Medium,Private,4,College,Far,Male,67,yes,North West,Bike,56,Anglophone
22,86,Low,Low,No,6,54,Yes,2,Medium,Public,0,High School,Moderate,Male,64,sometimes,South,Private car,193,Francophone
17,86,Medium,High,No,5,97,Yes,3,High,Public,3,College,Near,Male,71,no,South West,Taxi,180,Bilingual
23,98,Medium,Low,Yes,7,54,Yes,0,Medium,Public,3,College,Near,Female,68,yes,East,Walk,82,Bilingual
21,60,High,Medium,No,7,80,Yes,0,Medium,Public,4,College,Near,Male,64,yes,West,Taxi,190,Francophone
26,70,Medium,Low,Yes,8,75,Yes,1,Medium,Private,4,High School,Far,Female,63,yes,North,Bike,41,Bilingual
16,97,Medium,Medium,Yes,6,92,Yes,0,High,Private,4,College,Near,Male,71,yes,South West,Private car,141,Francophone
18,97,High,Medium,Yes,4,75,Yes,0,Low,Public,3,High School,Moderate,Male,69,sometimes,Littoral,Private car,170,Anglophone
18,89,High,Medium,Yes,4,73,Yes,3,High,Private,2,College,Near,Female,100,sometimes,Centre,Bus,146,Bilingual
11,91,Medium,Medium,No,6,94,Yes,3,Medium,Public,3,College,Moderate,Male,68,no,North West,Bike,60,Francophone
22,64,Low,Medium,No,7,98,No,1,Medium,Public,3,High School,Near,Male,62,sometimes,North West,Bike,56,Anglophone
22,81,Medium,Medium,Yes,7,77,Yes,2,Medium,Public,3,Postgraduate,Far,Female,68,no,Littoral,Taxi,113,Anglophone
20,69,High,High,Yes,6,73,Yes,2,Low,Private,3,High School,Far,Male,66,no,East,Walk,25,Bilingual
19,67,Low,Medium,No,5,92,Yes,0,Medium,Public,3,College,Near,Male,64,yes,Littoral,Taxi,181,Francophone
12,92,Medium,Medium,No,4,92,Yes,2,Medium,Public,3,High School,Moderate,Male,67,yes,Littoral,Bike,96,Anglophone
17,65,Medium,High,Yes,8,66,Yes,1,High,Public,4,Postgraduate,Moderate,Female,65,no,Littoral,Bus,197,Anglophone
18,79,Medium,Medium,Yes,7,79,Yes,0,Low,Private,3,College,Far,Male,65,no,Adamawa,Bike,102,Anglophone
15,98,High,Medium,No,6,58,Yes,0,Low,Public,3,College,Near,Male,69,no,Adamawa,Bike,49,Bilingual
19,67,Medium,Medium,No,5,82,Yes,1,Low,Private,3,High School,Near,Male,63,sometimes,North,Private car,60,Bilingual
22,99,Medium,Low,Yes,6,92,Yes,3,Medium,Public,4,Postgraduate,Moderate,Male,72,yes,West,Walk,143,Anglophone
31,100,Medium,Medium,No,7,59,Yes,2,High,Public,5,Postgraduate,Moderate,Male,76,sometimes,Littoral,Private car,58,Francophone
21,82,Medium,High,Yes,7,66,Yes,3,Low,Public,3,College,Near,Female,69,sometimes,South,Private car,125,Bilingual
22,67,Medium,Medium,Yes,7,72,Yes,3,Low,Public,2,Postgraduate,Moderate,Female,67,sometimes,South West,Bike,78,Bilingual
20,73,High,Medium,Yes,9,92,Yes,2,Medium,Public,3,College,Near,Male,69,no,West,Bike,88,Francophone
8,77,High,Medium,Yes,6,87,Yes,0,Low,Public,2,High School,Moderate,Male,63,yes,East,Bus,170,Bilingual
20,72,Medium,Medium,No,9,66,Yes,3,Low,Private,3,Postgraduate,Near,Male,67,yes,South West,Walk,44,Bilingual
20,71,Low,High,Yes,7,62,Yes,2,Medium,Public,5,College,Near,Male,66,no,South West,Private car,152,Bilingual
35,99,High,High,Yes,7,85,Yes,2,Medium,Private,2,Postgraduate,Near,Female,79,no,Littoral,Private car,175,Anglophone
19,66,Medium,Medium,No,8,74,Yes,1,High,Public,3,High School,Near,Female,64,yes,Far North,Bike,59,Francophone
22,89,High,High,Yes,6,80,Yes,1,High,Public,3,High School,Near,Female,73,no,North West,Walk,185,Anglophone
20,60,Low,High,No,7,82,Yes,2,Low,Public,4,High School,Near,Male,63,sometimes,North,Bike,83,Francophone
13,84,Medium,Medium,No,5,78,Yes,1,Low,Public,2,High School,Near,Male,65,sometimes,West,Taxi,108,Bilingual
27,97,Low,High,Yes,8,81,Yes,0,High,Public,5,High School,Near,Female,73,yes,West,Bus,113,Anglophone
25,72,High,High,Yes,8,94,Yes,2,Low,Private,4,College,Moderate,Female,70,yes,South,Walk,46,Anglophone
25,67,High,Medium,No,9,93,Yes,2,Low,Public,3,High School,Near,Female,68,sometimes,South,Bike,103,Francophone
15,86,Medium,Medium,Yes,7,57,Yes,1,Medium,Public,3,College,Near,Male,65,yes,North West,Taxi,72,Francophone
28,89,Low,High,Yes,9,79,Yes,0,Low,Private,1,College,Moderate,Female,71,no,Centre,Taxi,148,Bilingual
12,88,Low,Medium,No,6,72,Yes,2,Medium,Public,2,College,Far,Male,64,sometimes,South,Bike,29,Francophone
24,73,Medium,High,Yes,8,64,Yes,4,High,Private,3,College,Moderate,Male,68,yes,Adamawa,Bike,145,Francophone
33,70,Medium,Medium,Yes,6,82,Yes,1,Low,Public,4,College,Near,Male,69,sometimes,West,Walk,66,Anglophone
14,98,Medium,Medium,No,7,76,Yes,0,Medium,Private,4,College,Moderate,Female,69,no,Centre,Taxi,35,Francophone
17,97,Medium,Medium,No,8,89,Yes,1,Low,Public,4,High School,Far,Male,69,no,South West,Taxi,152,Francophone
21,78,Medium,Medium,Yes,10,55,Yes,1,High,Private,2,College,Near,Male,67,no,South,Walk,153,Francophone
17,94,Low,Medium,Yes,8,65,Yes,4,Medium,Public,6,High School,Far,Female,68,no,South,Bike,181,Bilingual
11,78,Medium,High,Yes,8,51,Yes,2,Low,Public,3,Postgraduate,Near,Male,64,no,South West,Private car,164,Francophone
20,77,Medium,Medium,No,6,87,Yes,0,Low,Public,4,High School,Near,Female,66,yes,South West,Bike,51,Anglophone
14,66,High,Low,No,7,96,Yes,3,Low,Public,3,High School,Near,Male,63,no,Centre,Private car,161,Anglophone
23,77,Medium,Medium,Yes,7,79,Yes,0,Low,Public,2,High School,Moderate,Male,66,no,Centre,Private car,75,Francophone
14,81,Medium,Medium,No,9,81,Yes,1,Low,Private,3,Postgraduate,Near,Female,66,yes,Adamawa,Walk,187,Anglophone
29,61,Medium,High,Yes,7,52,Yes,3,Low,Private,3,College,Near,Female,67,yes,Littoral,Private car,44,Anglophone
15,78,High,High,No,9,75,Yes,1,Low,Public,1,High School,Near,Male,65,yes,Far North,Bike,69,Anglophone
18,91,Low,Medium,Yes,5,76,Yes,1,Medium,Public,3,High School,Near,Female,68,sometimes,East,Taxi,89,Anglophone
25,87,Medium,Low,No,9,52,Yes,1,Low,Private,2,High School,Near,Male,68,no,South,Walk,145,Bilingual
13,85,High,Medium,No,6,89,Yes,0,High,Private,1,High School,Near,Male,65,sometimes,North,Taxi,124,Anglophone
21,96,Medium,Medium,No,8,64,Yes,2,Medium,Public,0,College,Near,Male,71,no,North West,Taxi,46,Francophone
28,61,Medium,High,No,6,86,Yes,1,Low,Private,3,Postgraduate,Far,Male,65,yes,North West,Taxi,198,Bilingual
10,82,Medium,Low,No,8,70,Yes,3,Low,Public,1,Postgraduate,Near,Female,64,yes,East,Private car,24,Anglophone
21,91,High,Medium,No,6,100,Yes,0,High,Private,2,Postgraduate,Near,Female,72,yes,North West,Taxi,118,Bilingual
22,82,Medium,Medium,No,9,61,Yes,2,Low,Public,2,High School,Near,Female,65,no,East,Bike,124,Anglophone
25,73,Medium,High,No,8,53,No,0,Low,Private,5,Postgraduate,Near,Female,66,sometimes,West,Taxi,46,Anglophone
13,65,Low,High,No,6,99,Yes,0,Low,Private,4,High School,Near,Male,61,yes,West,Walk,106,Bilingual
12,96,Low,High,Yes,8,62,Yes,2,Medium,Public,3,College,Near,Female,68,sometimes,East,Bus,33,Bilingual
23,79,High,High,Yes,8,82,Yes,3,Medium,Public,3,Postgraduate,Moderate,Female,69,no,Centre,Private car,121,Francophone
22,95,Medium,High,Yes,6,69,Yes,1,Low,Public,3,College,Near,Female,72,no,North,Bike,85,Anglophone
22,83,Medium,High,Yes,5,82,Yes,2,Low,Public,3,Postgraduate,Near,Female,71,yes,West,Private car,85,Anglophone
22,87,High,High,No,5,80,Yes,2,Low,Public,3,High School,Near,Female,70,yes,Centre,Private car,90,Anglophone
16,92,Medium,High,Yes,5,85,Yes,1,Low,Public,2,High School,Moderate,Male,68,sometimes,East,Walk,110,Bilingual
21,86,Low,Medium,Yes,5,51,Yes,2,Low,Public,2,High School,Moderate,Female,67,sometimes,North,Bus,85,Bilingual
22,76,Medium,Medium,Yes,8,92,Yes,1,Low,Public,4,High School,Near,Female,68,no,Littoral,Bike,74,Bilingual
16,81,Medium,Medium,Yes,8,74,Yes,3,Medium,Public,2,Postgraduate,Near,Female,68,yes,Centre,Private car,33,Anglophone
31,92,Medium,Medium,Yes,4,76,Yes,2,Medium,Public,4,High School,Far,Male,72,no,Centre,Private car,154,Francophone
23,75,Low,High,No,6,71,Yes,0,Medium,Public,2,College,Near,Male,65,no,Adamawa,Taxi,95,Anglophone
13,76,Medium,High,No,5,99,Yes,2,Medium,Private,4,High School,Near,Female,66,sometimes,North West,Private car,109,Anglophone
24,64,Medium,Medium,Yes,8,90,Yes,0,Low,Public,3,High School,Near,Male,65,no,Adamawa,Taxi,129,Francophone
14,97,Medium,Medium,Yes,6,66,Yes,2,Medium,Public,3,College,Near,Female,67,yes,South West,Bike,91,Anglophone
25,64,Medium,High,No,5,89,Yes,2,Medium,Public,4,College,Far,Male,66,yes,Adamawa,Walk,60,Francophone
27,86,Medium,Medium,No,7,72,Yes,1,Medium,Public,4,High School,Far,Male,69,yes,North West,Walk,147,Anglophone
15,77,Medium,Medium,Yes,8,94,Yes,0,High,Public,3,College,Moderate,Male,66,yes,North,Taxi,27,Bilingual
26,76,Medium,High,Yes,6,52,Yes,4,High,Public,3,High School,Near,Male,69,sometimes,Centre,Taxi,30,Anglophone
22,87,High,Low,Yes,7,68,No,0,Low,Public,2,High School,Near,Male,67,sometimes,Adamawa,Private car,191,Bilingual
25,63,High,Medium,Yes,6,71,Yes,1,Medium,Private,3,High School,Near,Male,66,sometimes,Littoral,Bike,52,Francophone
31,84,Medium,Medium,Yes,9,87,Yes,2,Low,Private,3,College,Far,Male,71,sometimes,South,Bus,159,Anglophone
19,91,High,Low,No,6,59,Yes,5,Medium,Public,4,College,Moderate,Male,70,no,Far North,Walk,95,Francophone
15,93,High,Medium,No,6,64,Yes,2,Medium,Public,4,Postgraduate,Near,Male,71,no,Adamawa,Taxi,199,Francophone
15,67,Medium,Medium,Yes,7,86,Yes,1,High,Private,3,Postgraduate,Near,Male,66,no,Adamawa,Taxi,199,Bilingual
15,96,Medium,Medium,No,7,54,No,3,Medium,Public,2,High School,Near,Male,67,sometimes,Adamawa,Bike,97,Anglophone
20,86,High,Low,No,8,60,Yes,1,Medium,Public,4,College,Far,Female,66,sometimes,South,Private car,190,Anglophone
22,95,Medium,High,No,9,88,Yes,0,Low,Public,2,Postgraduate,Near,Male,72,sometimes,Adamawa,Walk,170,Francophone
22,79,Medium,Medium,No,9,94,Yes,1,Medium,Public,3,High School,Near,Male,68,sometimes,Centre,Walk,188,Bilingual
25,82,Medium,Medium,No,6,86,No,3,Low,Public,3,High School,Near,Female,69,yes,Centre,Taxi,48,Bilingual
20,97,Medium,Medium,Yes,7,76,Yes,2,Low,Private,3,Postgraduate,Near,Male,71,yes,East,Bike,53,Francophone
29,96,Medium,Medium,Yes,9,55,No,0,Medium,Public,2,Postgraduate,Far,Female,70,sometimes,North,Taxi,104,Francophone
18,78,Medium,Medium,No,9,91,Yes,2,High,Public,4,College,Far,Female,67,sometimes,South,Private car,114,Bilingual
36,71,Medium,Medium,Yes,6,56,Yes,2,High,Public,2,High School,Far,Male,69,yes,West,Bike,72,Francophone
24,76,Low,High,No,8,69,Yes,2,Medium,Public,1,High School,Moderate,Male,65,sometimes,Centre,Bus,122,Bilingual
15,76,High,High,No,8,53,Yes,1,Low,Public,4,College,Near,Male,65,yes,North West,Walk,177,Bilingual
14,71,Medium,Medium,Yes,8,85,Yes,2,Medium,Public,4,High School,Near,Male,64,no,North,Walk,129,Anglophone
23,71,Low,Low,Yes,9,75,Yes,1,Low,Public,2,College,Near,Male,63,sometimes,South,Bike,124,Francophone
19,94,Low,Medium,Yes,5,95,Yes,3,Low,Public,2,High School,Moderate,Male,69,no,Adamawa,Private car,63,Bilingual
24,63,Medium,Low,Yes,6,57,Yes,1,Low,Private,5,College,Near,Female,64,no,Far North,Bike,34,Anglophone
23,87,High,High,Yes,8,91,Yes,0,High,Private,3,High School,Moderate,Male,72,yes,Adamawa,Bus,172,Bilingual
20,67,Low,Medium,Yes,7,76,Yes,0,Medium,Public,4,High School,Near,Male,63,no,West,Bus,25,Francophone
15,74,Low,High,Yes,4,68,Yes,3,Low,Public,3,High School,Near,Female,64,sometimes,Adamawa,Taxi,182,Anglophone
11,62,Medium,High,Yes,5,82,Yes,3,High,Private,4,College,Moderate,Male,64,sometimes,North West,Bus,126,Anglophone
17,71,Medium,Medium,Yes,8,90,Yes,5,Medium,Public,1,Postgraduate,Far,Male,67,yes,South,Bus,125,Francophone
25,91,Medium,Medium,No,8,72,Yes,2,Medium,Public,0,Postgraduate,Near,Male,71,no,Far North,Walk,47,Francophone
21,95,Medium,Medium,No,5,62,Yes,1,Medium,Public,4,High School,Near,Male,70,no,North West,Walk,52,Anglophone
13,69,Medium,Low,Yes,9,96,Yes,0,High,Private,4,High School,Far,Female,61,sometimes,Littoral,Taxi,123,Anglophone
21,79,Medium,High,Yes,7,66,Yes,2,Low,Public,4,College,Moderate,Male,67,sometimes,East,Walk,56,Bilingual
22,79,High,Medium,No,5,100,Yes,4,High,Public,3,College,Near,Male,72,sometimes,South West,Bike,120,Bilingual
15,95,Low,Low,Yes,6,88,Yes,1,Low,Public,5,High School,Near,Male,66,yes,East,Bus,141,Anglophone
21,91,Medium,High,Yes,5,84,Yes,1,High,Public,2,High School,Near,Male,70,no,South West,Walk,195,Anglophone
20,81,High,Medium,Yes,6,51,No,3,Medium,Public,4,High School,Near,Male,67,no,Centre,Bike,97,Bilingual
13,87,High,Low,Yes,4,72,Yes,2,Medium,Public,3,High School,Moderate,Female,67,sometimes,North,Bike,184,Francophone
22,94,Low,Medium,Yes,7,75,Yes,2,High,Public,2,College,Near,Female,71,no,Littoral,Walk,186,Anglophone
23,60,High,Medium,Yes,8,69,Yes,1,Low,Private,4,College,Near,Male,66,sometimes,West,Private car,67,Anglophone
26,76,Medium,Medium,Yes,5,57,Yes,1,Medium,Public,4,High School,Near,Male,68,sometimes,Far North,Private car,163,Francophone
26,96,Medium,Medium,Yes,7,68,Yes,3,High,Private,3,College,Near,Female,74,yes,Centre,Taxi,53,Francophone
12,90,Medium,Low,Yes,6,54,No,1,High,Public,3,High School,Near,Male,64,sometimes,East,Taxi,173,Bilingual
14,82,Medium,Medium,No,8,65,Yes,1,Low,Private,3,College,Near,Male,65,no,Littoral,Private car,103,Bilingual
23,81,Low,Medium,Yes,4,54,Yes,1,Low,Public,3,College,Near,Male,66,no,Littoral,Private car,107,Francophone
23,74,Medium,High,Yes,8,88,Yes,0,Medium,Public,3,High School,Near,Male,66,no,North West,Taxi,186,Bilingual
23,81,Medium,Low,No,4,84,Yes,2,Medium,Public,5,High School,Near,Male,68,no,West,Taxi,88,Anglophone
43,86,High,Medium,Yes,7,97,Yes,2,Medium,Public,1,High School,Near,Female,78,sometimes,Adamawa,Walk,43,Anglophone
23,77,Medium,High,Yes,6,69,Yes,1,Medium,Private,2,High School,Moderate,Female,67,no,North,Bus,108,Bilingual
27,89,Medium,High,Yes,6,89,Yes,3,Medium,Private,3,High School,Near,Male,74,sometimes,North West,Taxi,149,Bilingual
26,94,Medium,High,No,5,79,Yes,1,Low,Public,2,Postgraduate,Near,Male,74,sometimes,West,Private car,105,Francophone
24,66,Medium,Low,No,9,82,Yes,1,Medium,Public,2,High School,Near,Female,62,no,Littoral,Taxi,120,Francophone
18,78,High,Medium,Yes,5,77,No,2,Medium,Public,4,High School,Far,Male,66,sometimes,West,Walk,104,Anglophone
25,76,Medium,Medium,Yes,5,89,Yes,3,Medium,Public,3,High School,Far,Female,69,sometimes,Littoral,Walk,174,Francophone
15,87,Medium,High,Yes,10,52,Yes,2,Low,Private,3,College,Near,Male,68,yes,Littoral,Walk,123,Bilingual
19,70,Medium,Low,No,7,54,Yes,0,Medium,Public,2,High School,Moderate,Male,89,sometimes,Far North,Bus,182,Francophone
17,86,High,Low,No,5,55,No,2,High,Private,4,College,Near,Male,66,yes,West,Walk,95,Francophone
20,95,Low,Medium,Yes,7,64,No,2,Medium,Public,3,High School,Near,Female,68,no,Littoral,Walk,199,Bilingual
34,77,Medium,Low,Yes,7,80,Yes,0,Medium,Public,3,High School,Near,Male,69,yes,East,Bus,126,Bilingual
9,96,Medium,Medium,Yes,4,82,No,0,Low,Public,4,College,Near,Male,67,sometimes,Far North,Bike,131,Francophone
24,100,High,High,Yes,6,86,Yes,2,Medium,Private,5,High School,Near,Male,75,yes,Littoral,Walk,127,Anglophone
10,64,Medium,High,No,7,64,Yes,0,Medium,Public,4,High School,Moderate,Female,60,yes,West,Private car,61,Anglophone
17,69,High,Medium,Yes,9,83,Yes,2,Medium,Private,4,College,Moderate,Female,66,no,West,Bike,175,Bilingual
27,98,Low,High,Yes,7,56,Yes,1,High,Private,3,College,Near,Female,73,sometimes,Littoral,Private car,30,Bilingual
20,98,Medium,Low,No,7,50,Yes,1,Medium,Private,2,High School,Near,Female,68,sometimes,North West,Taxi,155,Bilingual
14,64,Medium,Medium,Yes,6,85,Yes,0,Medium,Public,3,High School,Near,Male,62,no,South,Bike,58,Bilingual
16,61,Medium,Medium,No,9,86,Yes,2,Low,Public,2,High School,Near,Male,62,yes,Far North,Private car,157,Anglophone
24,66,High,Low,Yes,8,81,Yes,1,Medium,Public,4,High School,Far,Male,65,no,East,Bus,59,Anglophone
16,100,High,Low,Yes,8,63,Yes,2,Low,Public,3,High School,Moderate,Male,69,sometimes,Far North,Private car,76,Francophone
21,67,Medium,Medium,No,7,96,Yes,3,Low,Public,2,High School,Far,Female,64,sometimes,North,Walk,164,Anglophone
20,80,Medium,High,No,5,94,Yes,0,Low,Private,4,Postgraduate,Moderate,Female,67,sometimes,North,Bus,193,Anglophone
16,94,High,High,Yes,9,76,Yes,0,Low,Public,2,High School,Near,Male,70,sometimes,South,Taxi,47,Francophone
33,61,Medium,Medium,No,7,99,Yes,2,Medium,Public,3,College,Near,Female,70,sometimes,Adamawa,Private car,68,Anglophone
24,84,High,Low,No,7,65,Yes,3,Medium,Public,3,High School,Near,Female,69,yes,South West,Bus,169,Bilingual
8,71,High,Low,No,8,75,Yes,0,Medium,Public,3,High School,Near,Male,61,sometimes,South West,Private car,106,Anglophone
21,94,Medium,Medium,No,7,96,Yes,0,Medium,Private,2,Postgraduate,Moderate,Male,69,yes,East,Taxi,23,Bilingual
16,71,High,Medium,Yes,5,73,Yes,1,Medium,Public,0,High School,Near,Male,63,yes,North,Walk,173,Bilingual
25,87,Medium,Low,Yes,7,74,Yes,0,Medium,Public,4,High School,Near,Male,67,no,West,Bike,150,Bilingual
15,87,Low,Medium,No,4,54,Yes,1,Medium,Public,6,,Moderate,Male,65,no,Littoral,Walk,164,Francophone
19,69,Medium,Medium,Yes,7,61,Yes,3,High,Public,4,High School,Moderate,Male,66,no,North,Bike,83,Francophone
23,61,Low,Medium,No,9,58,Yes,4,Medium,Public,2,High School,Near,Male,63,sometimes,Adamawa,Private car,109,Francophone
25,76,Medium,High,Yes,4,78,Yes,2,Medium,Private,3,High School,Moderate,Female,68,no,Far North,Bike,55,Anglophone
13,72,High,High,No,7,66,Yes,0,Low,Public,4,Postgraduate,Near,Male,65,no,South,Taxi,34,Francophone
18,92,Low,Medium,Yes,8,54,Yes,1,Medium,Public,3,High School,Near,Male,67,sometimes,South,Private car,199,Anglophone
17,92,Low,Low,Yes,8,75,Yes,2,Medium,Public,3,Postgraduate,Near,Female,68,sometimes,Littoral,Taxi,38,Anglophone
16,78,Medium,High,No,6,83,Yes,0,Low,Public,3,College,Near,Male,64,yes,Littoral,Bus,77,Bilingual
31,84,Medium,Medium,No,5,87,Yes,0,Medium,Private,3,College,Moderate,Male,71,no,North West,Bike,199,Bilingual
22,84,Medium,Medium,Yes,6,92,Yes,0,Medium,Public,5,High School,Near,Female,69,sometimes,South,Private car,100,Francophone
12,93,Medium,Medium,Yes,9,74,Yes,1,Medium,Public,3,Postgraduate,Moderate,Male,67,no,Centre,Bike,195,Anglophone
26,77,Low,Medium,No,4,70,Yes,2,High,Public,3,College,Moderate,Female,65,no,Littoral,Bus,182,Anglophone
33,71,Low,Medium,No,5,84,Yes,1,Medium,Public,2,High School,Near,Male,68,sometimes,Far North,Walk,62,Francophone
26,71,High,Medium,Yes,6,51,No,1,High,Private,3,Postgraduate,Moderate,Male,67,sometimes,Littoral,Bus,132,Anglophone
11,81,Medium,Medium,Yes,6,82,Yes,3,Medium,Public,4,High School,Near,Male,67,no,Far North,Private car,101,Anglophone
17,78,Medium,High,Yes,7,70,No,2,Low,Public,3,High School,Near,Male,66,yes,Centre,Bus,114,Bilingual
28,78,High,Medium,No,9,73,Yes,2,Medium,Public,4,College,Moderate,Female,70,sometimes,Centre,Taxi,169,Francophone
16,64,High,Low,Yes,5,65,Yes,3,Medium,Private,4,Postgraduate,Moderate,Female,65,yes,Centre,Private car,111,Bilingual
23,89,Low,Low,Yes,7,56,Yes,4,Medium,Private,4,Postgraduate,Near,Female,69,yes,South,Walk,144,Anglophone
25,69,Medium,Medium,Yes,7,70,No,1,High,Public,4,High School,Far,Female,65,yes,North West,Bus,76,Francophone
14,68,High,Medium,No,6,65,Yes,1,High,Public,3,College,Near,Male,63,yes,Centre,Bus,185,Anglophone
20,77,Medium,Medium,No,5,98,Yes,2,Low,Private,2,Postgraduate,Far,Female,67,yes,Far North,Taxi,154,Bilingual
1,69,High,Medium,Yes,6,97,Yes,1,Low,Public,3,High School,Near,Female,61,sometimes,North West,Private car,112,Francophone
14,83,Medium,Low,Yes,6,82,Yes,0,Medium,Public,2,High School,Near,Female,65,yes,South,Bike,190,Francophone
18,75,Low,High,Yes,8,95,Yes,1,Low,Public,2,College,Near,Female,66,no,Adamawa,Bus,167,Anglophone
13,78,Medium,High,Yes,8,88,Yes,0,High,Public,3,College,Near,Male,66,yes,Littoral,Walk,99,Anglophone
30,81,Medium,Low,Yes,5,67,Yes,1,High,Public,1,High School,Near,Male,69,yes,Littoral,Taxi,20,Francophone
11,68,Medium,Medium,No,6,80,Yes,2,Medium,Public,3,College,Moderate,Female,63,no,East,Bike,175,Anglophone
17,66,Low,High,No,6,61,Yes,1,High,Public,6,Postgraduate,Near,Male,65,sometimes,South,Bike,98,Bilingual
21,95,Low,Low,No,10,84,Yes,0,High,Public,4,High School,Near,Male,67,sometimes,South,Walk,73,Anglophone
29,77,High,High,Yes,7,52,Yes,2,High,Public,3,High School,Near,Female,69,no,North West,Walk,83,Francophone
11,76,Low,Medium,Yes,5,92,Yes,4,Medium,Public,2,Postgraduate,Near,Male,65,yes,East,Bike,24,Bilingual
27,61,Medium,Medium,No,6,79,Yes,1,Low,Public,3,High School,Moderate,Male,65,yes,East,Bike,163,Bilingual
20,80,High,Low,Yes,6,53,Yes,0,Low,Public,2,College,Moderate,Male,65,no,South,Private car,196,Bilingual
14,82,Medium,High,Yes,8,94,Yes,2,Low,Public,5,College,Far,Female,67,yes,North,Taxi,140,Bilingual
23,82,Low,Medium,Yes,8,94,Yes,1,Medium,Public,2,High School,,Male,66,no,East,Private car,67,Anglophone
21,88,Medium,High,No,7,93,Yes,4,Low,Public,3,High School,Near,Female,72,sometimes,North West,Bike,144,Bilingual
16,67,Medium,High,No,7,89,Yes,3,Low,Public,3,College,Near,Male,66,no,South,Walk,54,Anglophone
20,70,Medium,Medium,Yes,7,84,No,2,Medium,Private,4,College,Far,Male,65,yes,South,Private car,180,Francophone
18,92,High,Medium,Yes,7,70,Yes,1,Low,Public,3,High School,Moderate,Male,69,sometimes,South,Walk,62,Bilingual
21,98,Medium,Low,No,4,57,Yes,2,High,Public,2,High School,Near,Female,68,yes,East,Bike,54,Anglophone
24,65,Medium,Low,No,7,64,Yes,1,High,Public,1,Postgraduate,Near,Male,64,sometimes,Littoral,Bus,37,Francophone
30,80,Low,High,No,6,67,Yes,3,Medium,Public,4,College,Moderate,Female,69,sometimes,Adamawa,Taxi,52,Bilingual
13,69,Medium,Low,Yes,5,68,Yes,0,High,Public,1,High School,Moderate,Female,59,no,Adamawa,Bus,69,Bilingual
33,62,High,Medium,Yes,10,78,Yes,0,Medium,Private,3,High School,Moderate,Female,68,yes,Adamawa,Private car,194,Bilingual
8,73,Medium,Medium,No,7,60,No,0,High,Private,3,High School,Near,Female,60,yes,North,Walk,142,Anglophone
19,66,Medium,High,No,7,59,Yes,1,High,Public,3,High School,Far,Male,62,sometimes,Far North,Private car,77,Bilingual
24,88,Low,Medium,Yes,6,86,Yes,0,Low,Public,3,College,Near,Male,67,sometimes,North,Walk,77,Anglophone
22,81,Low,High,Yes,8,50,Yes,4,Medium,Private,5,High School,Far,Female,68,yes,Adamawa,Walk,140,Bilingual
16,66,Medium,High,Yes,5,57,Yes,3,Medium,Public,3,High School,Moderate,Female,64,sometimes,North,Walk,51,Anglophone
19,60,Medium,High,Yes,7,72,Yes,3,Low,Public,3,High School,Moderate,Female,65,sometimes,South West,Private car,53,Bilingual
17,92,Low,Low,Yes,6,57,Yes,2,Medium,Private,2,High School,Moderate,Female,65,yes,North West,Walk,189,Anglophone
16,67,High,Medium,No,8,98,Yes,0,Low,Public,3,High School,Near,Female,63,no,South,Taxi,196,Anglophone
25,84,Medium,Low,Yes,6,84,Yes,2,Medium,Public,3,High School,Near,Male,70,yes,Centre,Walk,151,Anglophone
22,73,Low,Medium,Yes,9,72,Yes,3,Medium,Public,3,High School,Near,Female,66,no,Adamawa,Bus,196,Bilingual
16,83,Medium,High,Yes,7,56,Yes,4,High,Public,3,High School,Near,Female,68,sometimes,North,Taxi,83,Bilingual
25,73,Low,Low,No,8,69,Yes,3,Medium,Private,3,High School,Near,Female,66,no,Centre,Bus,106,Francophone
22,63,Low,Low,No,8,83,Yes,3,Medium,Private,1,College,Near,Male,63,yes,Littoral,Private car,100,Anglophone
25,69,High,Medium,Yes,9,98,Yes,1,Low,Public,3,College,Moderate,Female,66,sometimes,South,Walk,189,Bilingual
24,68,Medium,Medium,Yes,6,74,Yes,1,Medium,Public,3,High School,Near,Female,65,no,South,Private car,102,Anglophone
15,77,Medium,Medium,Yes,8,85,Yes,1,Low,Public,2,Postgraduate,Moderate,Male,66,yes,East,Private car,31,Bilingual
17,86,High,Low,Yes,4,60,Yes,2,High,Private,3,College,Moderate,Female,67,sometimes,North,Walk,62,Anglophone
24,71,Medium,Medium,Yes,7,81,Yes,0,Low,Private,3,High School,Near,Male,66,no,Centre,Walk,42,Francophone
24,60,Low,Medium,No,6,62,Yes,4,Low,Public,3,High School,Near,Female,63,no,Far North,Taxi,58,Anglophone
20,81,Medium,Medium,Yes,5,60,Yes,3,Medium,Public,4,High School,Near,Male,66,yes,South,Private car,56,Anglophone
21,84,Medium,Medium,No,6,75,No,1,High,Public,3,College,Moderate,Male,67,yes,West,Walk,160,Francophone
28,99,Medium,Medium,Yes,6,61,No,1,Low,Public,3,High School,Near,Male,71,yes,East,Bike,65,Bilingual
16,84,Medium,High,Yes,7,86,Yes,1,Low,Private,2,High School,Near,Female,67,yes,Centre,Private car,167,Anglophone
23,79,Medium,High,Yes,6,97,Yes,1,High,Public,4,High School,Moderate,Male,69,yes,South West,Bus,194,Anglophone
19,83,Medium,Medium,Yes,7,70,Yes,2,Low,Public,4,Postgraduate,Near,Female,67,yes,North West,Taxi,159,Anglophone
19,97,High,Medium,Yes,6,66,Yes,2,Medium,Private,2,College,Moderate,Female,72,sometimes,North West,Taxi,150,Francophone
27,93,High,Low,No,6,59,Yes,2,Low,Private,4,High School,Near,Female,70,sometimes,North West,Walk,156,Bilingual
25,73,Medium,High,Yes,7,70,Yes,0,Low,Private,4,Postgraduate,Moderate,Male,67,sometimes,Littoral,Taxi,167,Francophone
25,69,Low,High,Yes,7,78,Yes,0,Low,Public,3,High School,Far,Female,64,no,Littoral,Taxi,137,Bilingual
28,71,Medium,Medium,No,8,69,Yes,1,Medium,Private,1,College,Moderate,Female,67,no,Centre,Bus,171,Anglophone
20,80,Low,High,No,8,81,Yes,3,Medium,Private,4,Postgraduate,Near,Male,69,sometimes,North West,Taxi,185,Bilingual
24,90,Low,Low,No,7,83,Yes,0,Low,Private,3,College,,Male,68,yes,Centre,Taxi,170,Bilingual
18,80,Medium,Medium,No,8,55,Yes,2,Low,Public,3,High School,Moderate,Male,63,no,West,Walk,110,Francophone
22,63,Medium,High,Yes,7,85,Yes,4,High,Public,3,College,Near,Female,68,sometimes,Centre,Taxi,190,Francophone
19,89,High,Medium,Yes,7,95,Yes,0,Medium,Public,3,High School,Near,Male,70,sometimes,West,Bus,65,Anglophone
21,92,Medium,Low,Yes,8,51,Yes,0,Medium,Public,2,College,Moderate,Male,66,sometimes,North West,Bus,38,Bilingual
24,72,High,High,No,6,78,Yes,0,Low,Public,6,High School,Near,Female,68,sometimes,Adamawa,Bike,128,Francophone
15,87,High,Low,Yes,4,80,Yes,0,Low,Private,3,College,Near,Male,67,yes,Centre,Bus,185,Francophone
33,77,Low,High,Yes,5,85,Yes,0,Low,Private,5,High School,Far,Female,69,yes,Centre,Bike,146,Francophone
14,96,Medium,Low,Yes,9,69,Yes,0,Medium,Private,3,College,Near,Female,66,yes,South,Bike,86,Francophone
13,94,Medium,Medium,Yes,7,91,Yes,3,Low,Public,3,High School,Near,Male,68,sometimes,North,Walk,48,Francophone
27,81,Medium,Medium,Yes,7,77,Yes,2,Medium,Public,2,Postgraduate,Moderate,Female,69,no,Far North,Taxi,22,Bilingual
25,88,Medium,Medium,Yes,7,70,Yes,1,Medium,Private,3,Postgraduate,Moderate,Male,70,sometimes,South,Bus,114,Francophone
24,95,Medium,High,Yes,8,86,Yes,1,Medium,Private,3,College,Near,Male,74,no,Adamawa,Private car,123,Bilingual
24,80,Medium,High,Yes,7,96,Yes,0,Low,Public,0,College,Moderate,Female,70,no,Adamawa,Bus,168,Francophone
20,73,Medium,Medium,Yes,7,91,Yes,1,Medium,Public,2,Postgraduate,Moderate,Male,66,yes,South,Walk,134,Bilingual
15,90,High,Medium,Yes,8,97,Yes,1,Low,Private,3,College,Near,Female,69,no,North,Bike,161,Francophone
20,69,Medium,High,No,6,63,Yes,0,Low,Public,3,Postgraduate,Near,Male,64,no,South West,Bus,44,Francophone
16,76,Low,High,Yes,8,56,No,1,Low,Public,1,High School,Near,Male,62,yes,South West,Bike,169,Anglophone
26,95,Low,High,No,7,77,Yes,0,Medium,Public,3,High School,Moderate,Female,70,yes,South,Taxi,100,Bilingual
19,89,High,Medium,Yes,7,52,Yes,2,Medium,Public,4,High School,Moderate,Male,68,no,Far North,Bus,196,Francophone
15,76,Medium,Medium,Yes,6,84,Yes,0,Medium,Public,3,College,Near,Female,65,no,Adamawa,Bus,106,Bilingual
18,69,High,High,No,7,62,Yes,3,Medium,Public,3,High School,Moderate,Male,65,yes,North,Walk,129,Anglophone
22,74,High,High,Yes,6,73,Yes,3,High,Public,4,Postgraduate,Moderate,Female,71,no,Adamawa,Taxi,107,Francophone
17,71,High,Medium,Yes,9,83,Yes,2,Medium,Public,5,High School,Near,Male,66,yes,East,Private car,25,Bilingual
15,67,Medium,Medium,No,4,74,Yes,0,Low,Public,3,College,Moderate,Male,61,no,Littoral,Taxi,26,Francophone
21,90,Low,Medium,Yes,8,62,Yes,2,Medium,Public,5,High School,Near,Male,67,yes,West,Walk,134,Francophone
21,70,Low,High,Yes,4,94,Yes,0,Low,Private,2,College,Far,Male,65,yes,Littoral,Bike,154,Anglophone
17,78,Medium,High,No,8,88,Yes,0,Low,Public,3,High School,Near,Female,65,yes,Littoral,Private car,176,Francophone
17,75,Medium,High,Yes,6,80,No,1,Low,Private,5,High School,Moderate,Male,65,sometimes,East,Taxi,193,Francophone
21,99,Medium,Medium,No,8,85,Yes,4,Medium,Public,4,High School,Moderate,Male,73,yes,West,Bike,149,Anglophone
11,76,Medium,Medium,Yes,7,71,No,1,Medium,Public,2,College,Near,Male,62,yes,North West,Taxi,141,Francophone
12,63,Medium,High,Yes,5,69,Yes,0,Medium,Public,2,College,Moderate,Female,60,no,South West,Taxi,48,Francophone
16,64,Low,Medium,Yes,9,58,Yes,1,Medium,Public,3,College,Moderate,Female,61,sometimes,Adamawa,Walk,137,Anglophone
19,84,Low,Medium,Yes,8,90,Yes,2,Low,Private,3,Postgraduate,Far,Male,67,yes,Littoral,Bike,165,Anglophone
22,84,High,Medium,No,8,69,No,3,Medium,Private,4,College,Near,Male,70,yes,Far North,Walk,53,Francophone
29,77,Low,High,No,6,85,Yes,1,Medium,Public,1,College,Near,Male,69,no,North,Bike,151,Bilingual
25,77,Medium,Low,Yes,8,65,No,0,Medium,Public,5,College,Far,Female,66,sometimes,South,Bike,136,Francophone
19,62,Medium,Medium,No,5,90,Yes,2,Low,Public,3,College,Moderate,Male,64,yes,South West,Taxi,87,Anglophone
20,81,High,Medium,Yes,4,55,Yes,1,High,Private,2,Postgraduate,Moderate,Male,68,yes,South,Bus,66,Bilingual
14,80,High,Medium,Yes,5,81,Yes,1,Low,Public,4,Postgraduate,Far,Female,67,yes,East,Bike,183,Anglophone
20,66,Medium,Medium,No,6,90,Yes,0,Medium,Public,1,College,Near,Female,64,yes,Adamawa,Walk,139,Francophone
18,64,Medium,Medium,Yes,6,83,Yes,2,Low,Public,2,College,Near,Male,65,sometimes,Adamawa,Bike,146,Bilingual
22,65,Low,High,Yes,6,85,Yes,2,High,Public,3,Postgraduate,Near,Female,66,sometimes,Centre,Private car,85,Bilingual
15,64,Medium,Medium,Yes,6,76,Yes,2,Medium,Private,4,High School,,Female,63,no,West,Taxi,82,Anglophone
23,84,High,Medium,Yes,6,78,Yes,2,Low,Public,2,High School,Moderate,Female,68,yes,Littoral,Walk,81,Bilingual
29,68,Medium,High,Yes,4,53,Yes,1,Medium,Private,4,High School,Far,Male,66,yes,Far North,Bike,180,Bilingual
19,70,Medium,Medium,No,7,63,No,3,Low,Public,5,High School,Near,Male,63,yes,North West,Taxi,178,Anglophone
22,67,Low,Medium,No,7,86,Yes,1,Low,Public,3,High School,Moderate,Female,63,yes,West,Taxi,190,Anglophone
24,98,High,Medium,Yes,6,97,Yes,1,Medium,Public,4,College,Far,Male,74,sometimes,Littoral,Private car,63,Bilingual
18,94,Medium,High,Yes,9,77,Yes,1,Medium,Public,2,College,Moderate,Male,70,sometimes,East,Bus,22,Bilingual
21,69,High,High,Yes,7,86,Yes,2,Low,Private,3,High School,Near,Male,68,no,Far North,Taxi,80,Bilingual
20,73,Medium,Medium,Yes,7,84,Yes,0,Medium,Public,4,Postgraduate,Moderate,Female,66,no,North,Taxi,57,Francophone
21,68,Medium,Low,No,8,100,Yes,0,Medium,Public,4,High School,Far,Male,63,sometimes,South,Taxi,76,Bilingual
15,80,Low,High,No,5,90,Yes,4,Low,Public,3,College,Far,Female,67,yes,North West,Walk,133,Francophone
20,61,Medium,Medium,No,7,81,Yes,1,Medium,Public,3,High School,Moderate,Male,62,no,West,Bike,82,Bilingual
23,87,High,High,No,8,56,Yes,1,Medium,Public,3,Postgraduate,Moderate,Male,71,no,West,Walk,171,Bilingual
29,81,High,Medium,No,7,68,Yes,2,Medium,Public,4,Postgraduate,Near,Male,72,no,East,Bike,157,Bilingual
26,96,Medium,Medium,Yes,5,63,No,1,High,Private,2,Postgraduate,Near,Male,72,yes,South,Private car,126,Bilingual
33,67,Medium,Medium,Yes,6,93,Yes,0,Low,Public,3,High School,Far,Female,68,no,South,Bus,108,Francophone
15,92,Medium,Low,Yes,7,72,Yes,1,Medium,Public,5,High School,Near,Female,66,sometimes,South West,Private car,174,Anglophone
25,92,Medium,Medium,No,4,77,Yes,0,Low,Public,3,High School,Near,Male,70,yes,East,Bus,71,Anglophone
21,65,Medium,Low,Yes,5,98,No,2,Low,Private,4,Postgraduate,Near,Male,66,yes,Adamawa,Walk,57,Anglophone
33,76,Medium,Medium,Yes,10,92,Yes,1,High,Private,3,Postgraduate,Near,Female,72,yes,Centre,Bus,85,Francophone
15,67,High,Medium,Yes,8,89,Yes,0,High,Public,4,High School,Moderate,Female,64,yes,Adamawa,Taxi,170,Anglophone
15,70,High,Medium,No,9,57,Yes,1,Medium,Private,3,High School,,Female,63,no,South,Bus,161,Francophone
16,71,Medium,Medium,No,8,51,Yes,0,Low,Public,2,Postgraduate,Far,Female,61,sometimes,Far North,Walk,150,Anglophone
7,82,High,High,Yes,8,56,Yes,0,Low,Private,2,High School,Far,Male,62,no,Far North,Walk,38,Anglophone
17,76,Medium,High,No,7,87,Yes,1,Medium,Public,4,High School,Near,Female,68,sometimes,West,Bike,142,Bilingual
15,98,Low,Medium,Yes,8,71,Yes,1,Medium,Public,3,High School,Near,Male,68,no,South,Walk,97,Anglophone
21,65,Low,Medium,No,9,56,Yes,1,Medium,Public,5,High School,Moderate,Male,63,no,East,Walk,168,Bilingual
22,99,Medium,Low,Yes,8,87,Yes,1,Medium,Private,4,High School,Moderate,Female,70,no,East,Bike,117,Anglophone
31,69,High,Low,Yes,7,60,Yes,1,Low,Public,3,Postgraduate,Near,Female,68,no,Far North,Taxi,116,Francophone
26,91,High,Medium,Yes,7,79,Yes,1,Low,Private,5,High School,Near,Female,72,no,West,Bus,28,Francophone
17,74,Medium,Medium,Yes,8,87,Yes,4,Low,Public,3,College,Near,Male,67,no,Adamawa,Bus,116,Bilingual
15,66,Low,High,No,6,80,No,1,Low,Private,1,College,Near,Male,61,sometimes,South,Bus,147,Francophone
23,94,Low,Medium,No,8,100,No,0,Low,Public,3,Postgraduate,Near,Male,69,yes,Far North,Taxi,87,Francophone
12,72,Medium,Low,Yes,6,72,Yes,2,Low,Private,2,High School,Moderate,Female,61,no,North,Bus,185,Bilingual
31,86,High,High,Yes,6,66,Yes,3,Medium,Public,3,College,Moderate,Male,75,no,West,Taxi,142,Anglophone
27,83,High,Low,No,5,60,Yes,0,High,Public,2,College,Moderate,Female,68,no,Centre,Walk,42,Francophone
17,79,Medium,Low,Yes,6,75,Yes,1,Medium,Public,4,High School,Near,Male,65,yes,Adamawa,Private car,169,Anglophone
10,80,High,Medium,Yes,6,93,Yes,4,Medium,Public,3,College,Moderate,Female,67,no,Adamawa,Taxi,145,Anglophone
28,89,Medium,High,Yes,10,97,Yes,3,Medium,Public,6,High School,Near,Female,75,yes,West,Private car,84,Francophone
19,64,Low,Medium,No,6,99,Yes,1,Medium,Public,3,College,Near,Male,64,yes,Far North,Taxi,120,Bilingual
27,87,Medium,Medium,No,8,77,Yes,1,Low,Public,4,High School,Moderate,Male,70,no,North West,Private car,74,Francophone
10,96,High,High,No,6,80,No,0,Medium,Public,4,High School,Moderate,Female,67,no,Littoral,Bike,138,Anglophone
16,62,Medium,Medium,Yes,7,79,Yes,2,Medium,Public,3,High School,Near,Male,63,no,West,Walk,136,Anglophone
20,66,High,High,No,7,73,Yes,1,Medium,Public,4,College,,Female,65,no,South,Bike,139,Anglophone
20,89,Medium,Medium,Yes,4,58,Yes,1,Medium,Public,3,High School,Far,Female,67,yes,North West,Bus,132,Bilingual
17,77,Low,High,Yes,5,53,Yes,2,High,Public,3,College,Near,Male,86,no,Far North,Taxi,95,Francophone
24,76,Low,High,No,6,72,Yes,3,Medium,Public,3,High School,Moderate,Female,67,sometimes,Far North,Bike,105,Anglophone
14,65,High,Medium,No,5,59,Yes,1,High,Public,4,Postgraduate,Far,Male,63,sometimes,North West,Private car,148,Anglophone
19,80,Medium,Medium,No,7,94,Yes,0,Medium,Public,3,College,Moderate,Female,66,yes,North West,Bus,86,Bilingual
21,65,High,High,No,7,88,Yes,2,Low,Private,1,,Near,Male,65,sometimes,Adamawa,Private car,129,Bilingual
23,79,Medium,Medium,No,5,81,Yes,1,Medium,Private,3,High School,Near,Female,67,yes,North,Taxi,36,Anglophone
24,91,Medium,Medium,No,7,52,Yes,0,High,Public,4,College,Near,Male,69,no,North,Bus,71,Anglophone
13,70,High,High,No,6,81,Yes,2,Medium,Public,2,Postgraduate,Near,Male,66,no,Adamawa,Private car,181,Francophone
11,79,Medium,Medium,Yes,7,81,Yes,1,High,Public,2,High School,Moderate,Male,64,no,East,Walk,122,Bilingual
28,100,High,Low,Yes,6,72,Yes,1,Low,Public,2,Postgraduate,Near,Female,73,yes,Adamawa,Bus,129,Francophone
22,87,Low,Medium,No,8,83,Yes,1,Low,Public,1,College,Far,Male,66,sometimes,Littoral,Walk,125,Francophone
16,94,Medium,Medium,No,9,93,Yes,1,Low,Public,4,Postgraduate,Near,Female,68,yes,North West,Walk,162,Anglophone
29,77,High,Low,Yes,8,88,Yes,0,Medium,Public,4,College,Moderate,Male,70,sometimes,Far North,Bus,150,Francophone
21,91,High,Medium,No,9,74,Yes,2,Low,Private,2,,Near,Female,69,no,North West,Bus,119,Francophone
27,62,Medium,High,Yes,5,63,Yes,4,High,Public,4,High School,Near,Female,67,no,South West,Walk,105,Bilingual
20,65,Medium,Low,No,6,74,Yes,0,Medium,Private,3,College,Moderate,Male,62,yes,South,Private car,116,Anglophone
32,68,Medium,Low,No,8,97,Yes,1,Low,Public,2,High School,Near,Male,68,yes,Far North,Taxi,53,Bilingual
31,76,Medium,High,Yes,9,91,Yes,1,Low,Private,4,Postgraduate,Near,Male,72,no,North,Bike,37,Anglophone
19,94,Low,Medium,No,8,51,Yes,3,Medium,Private,5,Postgraduate,Near,Male,69,yes,Centre,Walk,118,Anglophone
26,74,Low,Low,No,5,89,Yes,3,High,Private,2,High School,Near,Male,66,no,North,Taxi,100,Francophone
24,86,High,High,No,6,59,Yes,1,Low,Public,3,High School,Moderate,Female,70,sometimes,North West,Bus,133,Francophone
28,88,High,Medium,No,8,79,Yes,0,Medium,Public,3,High School,Far,Male,71,no,North,Walk,81,Francophone
14,83,Medium,Medium,Yes,7,90,Yes,0,Low,Public,3,College,Near,Female,65,sometimes,Littoral,Bike,150,Bilingual
24,74,High,Medium,Yes,6,78,Yes,3,Low,Public,3,College,Near,Female,70,sometimes,South,Walk,117,Anglophone
26,83,Low,Low,No,7,70,No,2,Medium,Public,4,High School,Moderate,Male,65,sometimes,South West,Walk,52,Anglophone
9,74,Medium,High,No,7,66,Yes,1,High,Private,3,High School,Far,Female,62,sometimes,South,Taxi,84,Anglophone
13,63,High,Medium,Yes,5,65,Yes,2,High,Private,2,High School,Far,Male,62,yes,Littoral,Bike,32,Francophone
8,100,High,Medium,Yes,8,92,Yes,1,Medium,Public,3,Postgraduate,Moderate,Female,70,yes,East,Taxi,153,Francophone
18,65,Medium,High,Yes,6,91,No,5,Low,Private,3,College,Near,Male,66,sometimes,Littoral,Bike,104,Bilingual
24,63,High,Low,Yes,7,91,Yes,4,Low,Private,4,High School,Near,Female,67,no,West,Private car,109,Anglophone
29,95,Medium,Low,No,9,64,Yes,1,Medium,Public,3,High School,Near,Female,72,yes,Adamawa,Bike,155,Bilingual
20,72,High,Low,Yes,7,90,Yes,0,Low,Private,3,Postgraduate,Near,Female,66,no,South West,Bike,87,Bilingual
30,86,Medium,Low,Yes,8,52,Yes,2,Medium,Public,2,College,Moderate,Female,68,no,South West,Bike,73,Anglophone
12,73,High,Medium,No,5,60,Yes,1,Low,Public,4,High School,Moderate,Male,62,no,West,Private car,76,Bilingual
10,76,Low,Medium,Yes,8,76,Yes,2,High,Private,3,Postgraduate,Moderate,Male,64,sometimes,North West,Taxi,188,Francophone
20,70,Medium,Medium,No,8,70,Yes,0,Low,Public,5,Postgraduate,Near,Female,65,sometimes,North West,Taxi,136,Bilingual
22,74,Medium,Low,Yes,6,56,Yes,4,Medium,Public,3,Postgraduate,Moderate,Male,66,sometimes,North West,Bike,140,Bilingual
20,76,Medium,Low,No,7,52,Yes,2,Low,Private,3,High School,Near,Female,64,yes,Adamawa,Bus,67,Francophone
8,89,Medium,High,Yes,7,81,Yes,4,Low,Public,3,College,Near,Male,67,no,North,Private car,160,Francophone
19,80,High,Medium,Yes,7,66,Yes,4,Medium,Public,4,College,Near,Female,69,sometimes,Centre,Taxi,138,Francophone
12,98,High,Medium,Yes,8,51,Yes,0,Medium,Public,5,Postgraduate,Moderate,Male,68,sometimes,South West,Bike,168,Anglophone
24,62,Medium,Medium,No,6,72,Yes,2,Low,Public,4,High School,Near,Male,64,no,North,Taxi,126,Bilingual
22,80,High,Medium,Yes,7,65,Yes,2,High,Private,2,High School,Moderate,Female,68,no,Adamawa,Walk,190,Francophone
14,83,Low,Low,Yes,9,79,Yes,1,Medium,Public,3,High School,Near,Male,64,sometimes,Adamawa,Taxi,193,Bilingual
17,97,Medium,High,No,9,96,Yes,0,High,Public,1,Postgraduate,Near,Male,71,yes,North,Private car,117,Anglophone
14,62,High,High,Yes,8,65,Yes,3,Low,Public,2,High School,Far,Male,61,yes,Littoral,Bus,77,Bilingual
20,83,Low,Medium,No,7,100,Yes,4,Low,Public,3,College,Near,Male,68,no,Centre,Bus,21,Francophone
26,94,High,Medium,Yes,10,54,Yes,2,High,Public,5,,Near,Male,73,no,Far North,Walk,152,Bilingual
14,70,High,Medium,Yes,9,54,No,3,Medium,Public,1,College,Near,Male,64,no,Far North,Taxi,117,Anglophone
23,95,Medium,Medium,Yes,7,86,Yes,3,Low,Public,4,Postgraduate,Far,Male,72,yes,South West,Walk,97,Anglophone
17,61,Medium,Medium,Yes,7,87,Yes,5,Medium,Public,3,High School,Near,Male,65,sometimes,Littoral,Bus,193,Anglophone
15,89,Medium,Medium,Yes,6,71,Yes,1,Medium,Public,4,High School,Near,Female,68,yes,East,Private car,61,Anglophone
19,97,High,Low,Yes,8,64,Yes,2,Low,Public,3,High School,Near,Male,71,sometimes,West,Bike,141,Francophone
14,86,Medium,Low,Yes,8,90,No,3,Medium,Public,3,Postgraduate,Near,Male,65,sometimes,Centre,Walk,20,Anglophone
17,78,Medium,Medium,No,8,98,Yes,2,Medium,Private,2,High School,Near,Male,66,sometimes,East,Bus,29,Francophone
13,62,Low,High,No,7,99,Yes,4,Medium,Public,1,Postgraduate,Moderate,Female,63,no,North,Walk,124,Bilingual
32,97,Medium,High,No,5,82,Yes,1,Medium,Public,3,High School,Moderate,Male,74,no,South West,Bike,183,Bilingual
20,79,High,Low,Yes,7,87,No,2,Medium,Private,4,High School,Near,Female,66,no,Far North,Walk,189,Anglophone
16,61,Medium,Low,No,8,91,Yes,2,Medium,Public,3,College,Moderate,Male,63,no,Adamawa,Bike,124,Anglophone
21,88,High,Medium,Yes,6,90,Yes,2,High,Private,4,High School,Moderate,Male,72,no,West,Taxi,113,Bilingual
19,79,Medium,High,No,7,100,Yes,1,High,Public,2,College,Far,Female,69,no,North,Walk,199,Francophone
19,65,Medium,High,Yes,9,91,Yes,1,Medium,Public,4,College,Near,Male,67,sometimes,West,Taxi,148,Anglophone
24,69,Low,High,No,5,83,Yes,3,Low,Private,3,High School,Near,Male,66,yes,Littoral,Bike,50,Anglophone
25,63,High,Medium,No,7,69,Yes,0,Low,Private,5,High School,Moderate,Female,64,sometimes,South West,Bus,93,Francophone
17,83,Low,Medium,No,9,80,Yes,4,Medium,Public,2,College,Near,Female,67,sometimes,Littoral,Taxi,142,Anglophone
17,85,Medium,Low,No,7,94,Yes,4,Low,Public,3,College,Near,Female,69,no,Littoral,Taxi,122,Bilingual
18,80,Medium,Low,Yes,6,65,Yes,2,Low,Public,2,College,,Female,65,yes,West,Private car,149,Anglophone
6,93,Medium,Medium,No,7,52,Yes,0,Medium,Public,2,College,Near,Female,64,no,Far North,Private car,52,Bilingual
11,94,Medium,Low,Yes,8,66,No,1,High,Public,4,High School,Near,Female,65,no,Littoral,Bus,33,Anglophone
28,85,Medium,High,Yes,7,98,Yes,2,Low,Private,1,High School,Near,Male,72,yes,North,Taxi,114,Bilingual
30,61,Low,High,Yes,8,90,Yes,2,Low,Public,2,High School,Moderate,Female,66,no,Adamawa,Bus,195,Anglophone
19,88,Medium,Low,No,7,59,Yes,2,Low,Public,3,College,Near,Female,66,yes,North,Private car,124,Bilingual
23,77,High,High,Yes,7,51,Yes,1,Low,Private,3,College,Moderate,Male,67,no,North West,Bus,20,Bilingual
22,83,Medium,Medium,Yes,8,83,Yes,1,High,Private,3,Postgraduate,Moderate,Male,69,sometimes,South,Walk,87,Francophone
38,86,Low,High,Yes,7,79,Yes,3,Low,Public,3,High School,Near,Male,73,yes,Littoral,Private car,104,Bilingual
27,74,Medium,High,No,6,54,Yes,3,Medium,Public,3,College,Near,Female,69,yes,East,Bus,82,Bilingual
19,97,Medium,Low,No,8,98,Yes,1,Low,Private,4,High School,Near,Male,68,yes,East,Taxi,51,Bilingual
14,65,Low,Medium,Yes,7,81,Yes,1,Low,Public,3,High School,Moderate,Female,61,yes,North,Taxi,46,Bilingual
10,87,Medium,Low,Yes,6,83,No,0,Low,Public,4,High School,Near,Male,63,sometimes,Far North,Taxi,39,Bilingual
21,60,Medium,High,Yes,8,93,Yes,0,Low,Public,2,High School,Far,Female,63,no,Far North,Walk,61,Francophone
15,97,Low,Medium,Yes,9,67,Yes,1,Low,Public,2,College,Near,Male,68,no,Adamawa,Bike,191,Anglophone
11,65,Medium,High,No,7,78,Yes,2,Low,Public,3,Postgraduate,Near,Female,63,no,North West,Walk,28,Bilingual
16,64,High,Medium,Yes,7,79,Yes,3,Medium,Private,4,Postgraduate,Near,Female,66,sometimes,Far North,Private car,196,Bilingual
14,73,High,Medium,Yes,5,98,Yes,2,Low,Public,4,High School,Moderate,Female,65,no,Adamawa,Walk,173,Bilingual
30,75,High,High,No,7,57,Yes,0,Low,Public,1,College,Near,Female,68,no,North,Taxi,134,Bilingual
25,69,Medium,Medium,Yes,7,88,Yes,0,Low,Public,4,College,Near,Female,66,yes,Far North,Bike,21,Bilingual
20,83,Low,Low,No,7,79,No,2,Medium,Public,5,Postgraduate,Moderate,Male,66,no,South,Taxi,33,Francophone
29,78,High,Medium,No,6,92,Yes,2,Low,Private,4,High School,Near,Male,70,sometimes,East,Walk,152,Bilingual
20,61,Low,Low,Yes,8,92,Yes,0,Medium,Public,2,High School,Near,Female,61,yes,South West,Taxi,74,Bilingual
15,73,Medium,Low,Yes,7,51,Yes,2,Low,Private,3,High School,Moderate,Male,61,sometimes,Centre,Taxi,126,Francophone
29,92,Medium,Medium,Yes,10,63,Yes,1,Low,Private,4,High School,Moderate,Male,71,sometimes,West,Private car,190,Bilingual
23,88,Low,Medium,Yes,7,59,Yes,1,Medium,Public,2,High School,Near,Male,67,no,Adamawa,Taxi,73,Anglophone
14,89,High,High,Yes,4,73,Yes,2,Medium,Public,3,College,Near,Male,70,yes,South West,Bike,82,Francophone
19,88,High,Medium,No,5,95,Yes,2,Low,Private,4,College,Moderate,Male,69,no,West,Bus,70,Anglophone
15,72,High,High,No,8,50,Yes,2,Medium,Public,4,High School,Near,Female,65,yes,Far North,Taxi,180,Francophone
12,64,High,Low,Yes,6,74,Yes,0,Medium,Public,2,High School,Moderate,Male,61,no,East,Walk,80,Anglophone
26,71,Medium,Low,No,6,94,Yes,3,Low,Public,4,Postgraduate,Near,Male,68,sometimes,Littoral,Bus,104,Anglophone
31,93,High,Low,Yes,5,96,Yes,2,Low,Public,2,High School,Near,Male,74,sometimes,Far North,Bus,49,Francophone
12,99,Medium,Medium,No,6,83,Yes,1,Medium,Public,3,High School,Near,Female,67,yes,North,Bike,167,Anglophone
23,80,Medium,Medium,Yes,7,91,Yes,5,High,Public,1,High School,Near,Female,70,sometimes,South,Private car,102,Bilingual
16,60,Low,Medium,Yes,8,66,Yes,1,High,Private,2,High School,Moderate,Female,59,sometimes,North,Private car,115,Francophone
17,66,High,High,No,5,64,Yes,0,Medium,Private,2,College,Near,Male,64,yes,West,Taxi,185,Bilingual
16,73,High,Medium,Yes,8,52,Yes,2,Medium,Public,4,College,Near,Female,66,sometimes,North,Bike,108,Anglophone
15,83,Low,Low,Yes,5,75,Yes,1,Medium,Public,3,High School,Far,Female,63,yes,East,Private car,54,Bilingual
20,63,Low,Low,Yes,8,73,Yes,0,High,Public,3,College,Near,Female,61,yes,West,Bike,113,Francophone
15,98,Low,High,Yes,8,69,Yes,2,Low,Public,4,High School,Moderate,Female,68,no,Littoral,Bus,198,Bilingual
22,75,Medium,Medium,No,6,56,Yes,3,Medium,Private,3,High School,Far,Male,65,no,Adamawa,Bike,116,Bilingual
20,97,Medium,High,No,5,62,Yes,1,Medium,Private,4,High School,Far,Male,69,yes,South West,Bus,48,Anglophone
19,91,High,Low,Yes,8,60,Yes,2,Low,Private,4,High School,Moderate,Male,68,no,East,Walk,150,Anglophone
15,90,Medium,Low,Yes,6,97,Yes,2,High,Public,2,High School,Near,Male,69,yes,East,Bike,198,Francophone
17,84,Medium,Low,Yes,7,98,Yes,1,Low,Public,2,College,Far,Female,67,no,North,Walk,128,Bilingual
25,85,High,High,No,8,50,Yes,1,High,Public,1,College,Moderate,Female,70,yes,East,Taxi,35,Francophone
23,86,Medium,Medium,Yes,8,59,Yes,1,Low,Public,3,Postgraduate,Moderate,Female,68,no,Adamawa,Taxi,68,Bilingual
14,85,Medium,Medium,No,6,94,Yes,0,High,Public,4,College,Near,Male,67,sometimes,North,Walk,29,Anglophone
21,82,High,Medium,No,7,52,Yes,4,Low,Public,3,High School,Far,Male,67,no,Far North,Taxi,37,Anglophone
25,99,High,Medium,Yes,6,97,Yes,0,Medium,Public,3,College,Moderate,Male,75,no,Far North,Taxi,117,Francophone
10,89,Low,Low,Yes,8,69,Yes,3,Low,Public,4,College,Moderate,Male,63,yes,East,Taxi,102,Anglophone
23,91,Low,Medium,No,9,77,Yes,1,Low,Public,5,High School,Near,Male,70,no,Far North,Taxi,32,Anglophone
16,95,Medium,Low,Yes,6,88,Yes,2,High,Public,4,High School,Near,Female,70,no,South West,Taxi,52,Bilingual
23,69,Medium,High,Yes,7,62,Yes,1,Medium,Public,4,High School,Far,Male,64,sometimes,Adamawa,Bike,174,Francophone
15,63,Medium,Low,No,8,55,Yes,0,Medium,Public,3,College,Near,Female,59,sometimes,South West,Bus,120,Francophone
9,79,Medium,Low,No,7,90,Yes,1,High,Public,3,High School,Near,Male,63,no,East,Taxi,61,Bilingual
10,81,High,Medium,Yes,8,99,No,2,Medium,Public,4,Postgraduate,Moderate,Female,67,no,Centre,Bus,161,Francophone
20,93,Low,High,Yes,7,83,Yes,0,Medium,Private,2,High School,Near,Male,68,no,Far North,Private car,147,Francophone
22,78,Medium,Medium,Yes,5,91,Yes,0,Medium,Private,3,Postgraduate,Near,Male,68,no,Littoral,Walk,198,Francophone
15,83,Medium,Medium,No,7,97,Yes,2,Low,Private,2,High School,Near,Female,97,no,Far North,Taxi,45,Anglophone
24,81,Medium,Low,No,9,61,Yes,1,Low,Public,4,College,Near,Female,66,sometimes,East,Bike,51,Anglophone
10,62,Medium,Low,No,7,68,Yes,3,Medium,Public,3,Postgraduate,Near,Male,61,sometimes,South West,Walk,86,Anglophone
20,85,High,Medium,No,9,61,Yes,2,High,Public,3,College,Near,Male,70,sometimes,East,Bus,113,Francophone
13,93,Low,Low,Yes,4,53,Yes,1,Medium,Public,1,Postgraduate,Near,Male,65,no,North West,Bike,104,Bilingual
16,66,Low,Medium,Yes,8,87,Yes,3,Medium,Public,2,High School,Moderate,Female,64,no,South,Bus,103,Bilingual
20,84,Medium,High,Yes,6,57,Yes,2,Medium,Public,4,High School,Far,Female,69,no,Littoral,Bike,188,Francophone
15,84,Medium,High,No,6,55,Yes,1,Medium,Private,2,High School,Near,Male,64,yes,South West,Walk,26,Bilingual
18,67,Low,Low,Yes,9,68,Yes,2,Low,Private,2,Postgraduate,Near,Male,61,no,East,Walk,183,Anglophone
26,65,Low,Medium,No,7,53,Yes,3,High,Public,2,High School,Near,Female,64,no,North,Bike,43,Anglophone
17,99,Medium,High,No,6,59,Yes,0,Medium,Public,3,High School,Moderate,Male,68,sometimes,Littoral,Taxi,162,Anglophone
25,76,Medium,High,No,8,53,Yes,1,High,Public,3,High School,Far,Female,67,yes,South,Taxi,148,Francophone
13,69,High,Low,No,4,94,Yes,3,Low,Public,3,High School,Near,Male,62,yes,West,Walk,122,Bilingual
23,67,Medium,Medium,Yes,9,89,Yes,2,Low,Public,2,High School,Near,Female,66,sometimes,South West,Taxi,123,Bilingual
29,87,Medium,High,Yes,10,93,Yes,1,Low,Public,4,High School,Moderate,Male,72,no,North West,Bike,51,Francophone
5,84,Medium,Medium,Yes,8,93,Yes,4,High,Public,3,College,Moderate,Male,68,yes,South,Walk,123,Anglophone
15,86,Medium,High,Yes,8,97,Yes,4,High,Public,3,High School,Near,Male,71,no,South,Walk,183,Bilingual
23,64,Medium,Medium,Yes,7,59,Yes,3,Medium,Public,2,High School,Moderate,Female,65,yes,North,Private car,84,Bilingual
19,96,Medium,Low,Yes,5,95,No,2,Medium,Private,3,High School,Moderate,Female,68,no,North,Bus,189,Bilingual
22,76,Medium,Low,No,9,76,Yes,2,Low,Public,5,High School,Far,Female,65,yes,Littoral,Bus,155,Bilingual
16,73,High,Low,Yes,8,58,Yes,1,Medium,Public,4,High School,Near,Female,64,sometimes,East,Taxi,98,Bilingual
21,78,Medium,Low,No,8,83,Yes,2,Medium,Public,4,High School,Far,Male,65,yes,North West,Bus,31,Francophone
19,76,High,High,Yes,8,66,Yes,0,Low,Private,4,High School,Near,Male,65,sometimes,North West,Walk,185,Anglophone
27,95,High,Medium,No,7,52,Yes,3,Medium,Private,3,College,Moderate,Female,73,no,West,Taxi,154,Francophone
22,97,Medium,High,Yes,6,54,Yes,1,Low,Public,3,Postgraduate,Near,Male,72,sometimes,East,Taxi,77,Bilingual
22,72,Low,Medium,Yes,10,71,Yes,1,Medium,Private,1,College,Near,Male,64,no,South,Walk,187,Francophone
18,95,Medium,Medium,Yes,7,91,Yes,0,Low,Public,4,Postgraduate,Moderate,Male,69,no,South West,Bus,97,Francophone
17,91,Medium,Medium,No,6,66,Yes,1,High,Private,3,High School,Near,Male,69,sometimes,South West,Bus,31,Francophone
17,97,Medium,High,Yes,9,88,No,0,Medium,Public,2,High School,Near,Male,70,yes,East,Bus,184,Anglophone
22,70,Low,Medium,No,7,53,Yes,1,Low,Public,3,High School,Near,Female,83,sometimes,Adamawa,Taxi,171,Anglophone
17,83,High,Medium,No,7,70,Yes,3,Low,Private,5,Postgraduate,Near,Female,68,no,Adamawa,Bus,61,Bilingual
22,71,Low,High,Yes,9,56,Yes,1,Low,Public,3,College,Near,Female,84,no,Centre,Bike,149,Francophone
32,93,Medium,Medium,Yes,8,93,Yes,1,Medium,Public,3,Postgraduate,Far,Female,75,no,Far North,Bus,183,Bilingual
25,60,Low,High,No,8,98,Yes,1,Medium,Public,5,Postgraduate,Near,Female,67,no,Littoral,Bike,37,Anglophone
18,83,Medium,High,Yes,5,66,Yes,0,High,Private,4,Postgraduate,Near,Male,69,sometimes,North,Walk,68,Anglophone
27,74,High,Medium,No,8,99,No,3,Medium,Public,4,High School,Near,Male,71,sometimes,West,Walk,104,Francophone
18,73,Medium,Low,Yes,5,88,Yes,1,Medium,Public,5,College,Near,Female,66,yes,Adamawa,Taxi,185,Francophone
8,86,Medium,High,No,6,50,Yes,1,Medium,Public,2,College,Near,Male,65,yes,North West,Walk,94,Bilingual
14,94,High,Medium,No,7,74,Yes,1,High,Private,5,College,Near,Male,70,yes,North West,Walk,72,Francophone
9,84,High,Low,No,7,92,Yes,1,Low,Public,4,Postgraduate,Near,Male,66,yes,Littoral,Taxi,176,Anglophone
18,94,High,Medium,Yes,8,77,Yes,3,Medium,Public,4,Postgraduate,Near,Male,74,yes,Adamawa,Bike,166,Anglophone
20,71,High,Medium,No,8,77,Yes,0,High,Private,4,High School,Moderate,Male,66,yes,East,Walk,151,Francophone
30,81,Medium,High,No,8,72,Yes,0,Low,Public,2,High School,Moderate,Male,68,no,North West,Walk,24,Bilingual
22,78,Medium,High,Yes,5,70,Yes,2,Low,Public,1,College,Near,Male,68,yes,Far North,Bus,199,Francophone
19,60,Medium,High,No,10,51,Yes,0,Medium,Public,3,College,Near,Female,62,yes,Littoral,Private car,42,Francophone
25,82,Medium,High,Yes,7,81,Yes,2,Medium,Private,2,Postgraduate,Moderate,Male,71,sometimes,North West,Bike,165,Bilingual
7,86,Medium,Low,No,9,88,Yes,2,Low,Public,2,College,Near,Female,63,no,Littoral,Private car,139,Bilingual
21,84,High,High,No,4,90,Yes,2,Medium,Public,3,High School,Far,Male,69,no,South West,Taxi,105,Francophone
25,89,Medium,Medium,Yes,7,81,Yes,3,Medium,Public,0,College,Near,Male,71,no,South West,Taxi,135,Anglophone
11,83,High,Low,Yes,5,67,Yes,1,Medium,Public,2,Postgraduate,Near,Male,66,no,North West,Taxi,54,Francophone
27,63,Medium,High,No,6,51,Yes,0,Low,Public,2,Postgraduate,Moderate,Male,64,yes,Littoral,Walk,158,Francophone
22,65,Medium,Medium,Yes,7,95,Yes,3,Low,Public,2,High School,Moderate,Female,65,yes,North West,Bus,103,Anglophone
18,84,Medium,High,No,6,71,Yes,4,Medium,Public,2,High School,Near,Female,69,yes,Littoral,Private car,160,Francophone
24,71,Medium,Low,No,9,80,Yes,2,Medium,Private,3,High School,Near,Female,66,no,Littoral,Private car,172,Anglophone
34,63,Medium,High,Yes,10,60,Yes,1,Medium,Public,4,High School,Near,Female,67,no,South,Private car,119,Anglophone
21,77,Medium,Low,Yes,6,57,Yes,4,Low,Public,5,High School,Far,Male,65,sometimes,Centre,Walk,152,Francophone
21,82,Low,Low,Yes,6,54,Yes,3,Low,Public,2,College,Moderate,Male,65,no,Littoral,Taxi,171,Bilingual
17,73,High,Medium,No,5,90,Yes,1,Low,Private,4,High School,Near,Male,67,no,Littoral,Walk,79,Anglophone
15,89,Low,Medium,Yes,9,82,Yes,1,Medium,Public,3,College,Near,Male,66,no,South,Taxi,49,Bilingual
25,86,Medium,Medium,Yes,7,81,Yes,1,High,Public,1,High School,Near,Male,69,no,North West,Walk,194,Anglophone
15,73,Medium,High,No,7,96,Yes,1,Low,Public,2,College,,Male,64,yes,Far North,Bus,172,Francophone
20,90,Medium,Medium,Yes,7,58,Yes,1,High,Private,4,High School,Near,Male,70,yes,Littoral,Bike,197,Bilingual
17,86,High,Medium,Yes,7,59,Yes,3,Low,Public,3,Postgraduate,Moderate,Male,68,sometimes,East,Bus,116,Bilingual
23,85,High,Low,Yes,6,59,Yes,1,Medium,Public,1,,Near,Male,68,yes,Centre,Bike,54,Anglophone
22,82,High,Medium,Yes,7,71,Yes,1,High,Private,3,High School,Near,Female,69,sometimes,North,Private car,126,Anglophone
26,60,Medium,Medium,Yes,7,94,Yes,3,High,Public,2,High School,Moderate,Female,68,no,West,Bus,168,Bilingual
17,88,Medium,Medium,Yes,8,94,Yes,5,Medium,Public,2,College,Near,Female,70,sometimes,South West,Taxi,190,Bilingual
18,75,High,Medium,Yes,5,80,Yes,2,Low,Public,3,High School,Near,Female,67,yes,Far North,Bus,148,Bilingual
14,98,High,High,Yes,7,83,No,3,Low,Public,3,College,Near,Male,72,sometimes,Far North,Bus,141,Francophone
17,93,High,Low,No,6,95,Yes,1,Low,Public,4,High School,Near,Male,69,yes,Littoral,Bike,41,Francophone
22,84,High,Medium,No,7,81,Yes,1,Medium,Private,3,High School,Moderate,Male,69,sometimes,North West,Bike,23,Francophone
25,70,Low,Medium,Yes,8,61,No,3,Low,Public,4,College,Moderate,Female,64,yes,North West,Bus,80,Anglophone
14,68,Low,Medium,Yes,6,85,Yes,2,Medium,Public,3,High School,Near,Female,63,no,South,Private car,96,Francophone
25,74,High,High,Yes,9,88,Yes,3,Medium,Public,3,High School,Near,Male,70,no,North,Bike,149,Francophone
28,79,High,Medium,Yes,4,82,Yes,0,Medium,Private,3,High School,Near,Male,70,no,South,Bus,145,Bilingual
22,72,High,Medium,Yes,9,64,Yes,1,Medium,Public,2,College,Near,Female,66,sometimes,West,Bus,185,Anglophone
31,81,Medium,Medium,No,9,70,Yes,1,Low,Public,4,Postgraduate,Near,Female,70,sometimes,Far North,Bike,164,Francophone
15,67,Medium,High,Yes,6,74,Yes,0,High,Public,2,Postgraduate,Near,Female,66,sometimes,Adamawa,Taxi,148,Anglophone
13,99,Medium,Medium,Yes,6,57,Yes,1,Low,Public,5,College,Near,Male,68,no,South West,Private car,55,Bilingual
9,64,Medium,Medium,No,5,73,Yes,1,Medium,Public,4,College,Near,Male,61,no,West,Bike,186,Bilingual
29,97,Medium,Medium,No,8,58,Yes,1,High,Private,4,College,Moderate,Female,72,no,North West,Walk,107,Bilingual
24,97,High,Low,No,7,75,Yes,1,Medium,Public,2,High School,Moderate,Female,69,no,North,Bus,63,Francophone
20,81,Medium,Low,Yes,6,53,Yes,0,Medium,Public,4,,Far,Female,63,no,Adamawa,Private car,163,Bilingual
22,89,Medium,High,Yes,5,97,Yes,2,Medium,Private,5,High School,Near,Male,72,no,North,Private car,70,Francophone
13,77,Medium,Medium,Yes,10,62,Yes,1,High,Private,4,College,Moderate,Male,65,no,South,Taxi,146,Bilingual
35,85,Medium,High,Yes,6,73,Yes,1,High,Public,5,High School,Moderate,Female,74,no,South,Taxi,29,Anglophone
21,74,Medium,Low,Yes,7,52,Yes,1,High,Public,4,High School,Far,Male,62,sometimes,West,Private car,150,Francophone
21,72,High,Medium,No,7,60,Yes,0,Low,Private,4,Postgraduate,Near,Male,65,yes,Adamawa,Bus,65,Bilingual
24,83,Low,High,No,6,85,Yes,1,Low,Public,4,High School,Moderate,Female,68,sometimes,North West,Bike,129,Francophone
23,80,Medium,Low,Yes,6,56,Yes,3,Medium,Public,2,,Near,Male,66,sometimes,North West,Walk,150,Anglophone
21,83,High,Medium,Yes,6,81,Yes,3,High,Public,4,Postgraduate,Moderate,Male,71,no,Centre,Bus,103,Anglophone
15,71,Medium,High,No,8,50,Yes,1,Medium,Public,2,Postgraduate,Near,Female,62,yes,South,Private car,178,Bilingual
23,75,Low,High,Yes,6,73,Yes,1,Low,Public,2,High School,Moderate,Female,65,sometimes,North West,Bike,163,Bilingual
31,63,Medium,High,No,9,86,Yes,0,High,Public,3,Postgraduate,Moderate,Male,68,no,West,Bike,160,Bilingual
28,62,Medium,High,No,6,96,Yes,4,Medium,Public,3,High School,Near,Male,70,sometimes,Adamawa,Private car,170,Bilingual
30,70,Low,Medium,No,8,75,Yes,1,Medium,Private,2,High School,Near,Female,67,yes,West,Walk,163,Francophone
17,63,Medium,Medium,No,4,92,Yes,2,Low,Public,4,High School,Near,Female,63,no,Centre,Private car,167,Bilingual
14,64,High,High,Yes,6,90,Yes,0,Low,Private,2,High School,Near,Female,63,no,North,Bike,64,Anglophone
19,93,Medium,High,No,6,65,Yes,0,Medium,Public,3,High School,Near,Male,69,yes,North,Bike,159,Anglophone
20,62,Low,Medium,Yes,5,94,Yes,3,Medium,Public,3,Postgraduate,Near,Male,66,yes,Far North,Walk,198,Anglophone
27,86,Medium,Medium,Yes,7,82,Yes,2,Low,Public,3,High School,Moderate,Female,70,sometimes,Centre,Private car,42,Anglophone
10,71,Medium,Medium,Yes,7,55,Yes,2,Low,Public,3,College,Near,Female,63,no,Adamawa,Private car,59,Francophone
29,95,Low,Medium,Yes,4,97,Yes,0,Medium,Private,4,College,Moderate,Female,72,no,West,Private car,81,Bilingual
19,79,High,Medium,Yes,10,59,Yes,1,Medium,Public,3,College,Moderate,Male,65,sometimes,North West,Taxi,192,Francophone
17,72,Medium,High,Yes,7,74,Yes,2,High,Public,4,Postgraduate,Far,Male,67,no,Adamawa,Taxi,30,Anglophone
14,81,Medium,Medium,Yes,7,73,No,1,High,Private,3,High School,Moderate,Male,63,yes,South,Private car,97,Bilingual
10,75,High,Medium,No,9,81,Yes,3,Low,Public,5,High School,Near,Female,65,no,West,Walk,28,Anglophone
25,83,Medium,Medium,Yes,8,83,Yes,2,Low,Public,1,High School,Moderate,Female,67,sometimes,North,Bike,142,Bilingual
20,65,Medium,Low,Yes,7,62,Yes,0,Medium,Public,0,Postgraduate,Near,Male,80,sometimes,Littoral,Taxi,72,Bilingual
12,100,Medium,Medium,Yes,4,68,Yes,2,Low,Public,3,College,Far,Male,68,sometimes,South West,Private car,80,Francophone
12,77,Medium,Medium,Yes,8,57,Yes,2,Low,Public,2,College,Moderate,Male,63,no,West,Taxi,125,Bilingual
18,74,Medium,Medium,No,6,56,Yes,1,Medium,Private,3,College,Moderate,Male,64,sometimes,Adamawa,Private car,20,Bilingual
30,88,Medium,Medium,No,9,91,Yes,3,Medium,Public,3,High School,Near,Female,73,yes,South West,Bike,90,Francophone
18,75,Medium,Medium,Yes,6,88,Yes,2,Medium,Public,1,Postgraduate,Near,Female,66,no,Adamawa,Bus,103,Bilingual
11,93,Medium,Medium,Yes,6,72,Yes,2,Low,Public,3,College,Moderate,Male,66,no,West,Bus,155,Bilingual
19,78,High,High,No,5,55,Yes,0,Medium,Public,4,High School,Moderate,Male,66,yes,East,Taxi,80,Francophone
18,89,Medium,High,Yes,5,72,Yes,4,Medium,Public,2,High School,Near,Female,69,yes,North,Walk,30,Bilingual
4,64,Medium,High,Yes,7,65,Yes,1,Medium,Public,4,High School,Far,Male,59,no,West,Bike,37,Anglophone
20,94,Medium,Medium,No,7,89,Yes,0,Low,Private,1,High School,Near,Male,68,sometimes,West,Walk,171,Francophone
19,89,Medium,Medium,No,6,55,Yes,1,Low,Private,3,Postgraduate,Moderate,Female,67,yes,Far North,Bus,187,Francophone
24,68,Medium,Medium,Yes,10,73,Yes,1,Medium,Public,4,High School,Moderate,Female,64,yes,Centre,Walk,185,Bilingual
31,66,Low,High,Yes,8,80,Yes,0,Low,Private,4,High School,Near,Female,65,no,East,Walk,61,Bilingual
27,73,Medium,Medium,No,7,99,Yes,1,Low,Public,4,College,Near,Male,68,no,North West,Private car,79,Francophone
18,99,Medium,High,Yes,4,54,Yes,0,Medium,Public,3,Postgraduate,Moderate,Male,70,yes,South,Bike,160,Bilingual
13,70,Medium,Medium,No,8,56,Yes,2,Medium,Public,0,High School,Near,Male,62,yes,Adamawa,Private car,103,Bilingual
35,78,High,Low,Yes,10,99,Yes,1,Low,Private,2,High School,Near,Male,72,yes,West,Bike,23,Francophone
20,61,Medium,Low,Yes,7,70,Yes,1,Medium,Private,4,High School,Moderate,Female,62,yes,Centre,Walk,46,Bilingual
20,76,High,High,Yes,6,87,Yes,1,Low,Public,4,Postgraduate,Moderate,Male,68,yes,Littoral,Taxi,119,Anglophone
20,83,High,Medium,No,7,89,Yes,3,Low,Private,4,High School,Near,Female,69,no,Centre,Taxi,148,Anglophone
21,98,High,Medium,No,5,66,Yes,3,High,Public,5,High School,Near,Male,73,no,South West,Bus,197,Bilingual
19,81,High,High,No,8,61,Yes,3,Medium,Private,5,Postgraduate,Near,Male,69,yes,North,Walk,69,Francophone
17,93,Medium,Medium,Yes,9,64,Yes,1,Medium,Public,3,High School,Moderate,Female,67,no,North West,Bike,23,Bilingual
17,82,Medium,Low,No,6,88,Yes,2,Low,Private,3,Postgraduate,Near,Male,65,no,Centre,Private car,193,Anglophone
20,62,Low,Low,No,6,92,Yes,2,Medium,Public,3,Postgraduate,Moderate,Male,63,sometimes,East,Bike,108,Anglophone
17,73,High,Medium,Yes,7,85,Yes,2,Low,Public,2,High School,Moderate,Male,66,yes,East,Bike,191,Bilingual
16,83,Medium,Medium,No,6,72,Yes,1,Low,Public,2,College,Near,Male,66,no,Littoral,Private car,117,Francophone
21,98,Medium,High,No,5,63,Yes,0,Low,Public,2,Postgraduate,Near,Male,70,yes,Far North,Bike,47,Francophone
18,94,Medium,Medium,No,6,71,Yes,2,High,Public,3,Postgraduate,Far,Male,69,sometimes,Centre,Bike,116,Bilingual
29,69,Medium,High,No,6,96,Yes,1,High,Public,4,High School,Near,Female,70,sometimes,South West,Bike,33,Francophone
4,69,Medium,Low,No,9,93,No,2,Medium,Private,3,High School,Moderate,Female,58,yes,North West,Taxi,117,Anglophone
27,68,Medium,Medium,No,9,66,Yes,3,High,Private,3,High School,Far,Male,67,yes,South West,Bike,104,Francophone
27,97,High,High,Yes,9,66,Yes,1,Low,Public,3,High School,Far,Male,73,no,Littoral,Bus,76,Anglophone
8,94,High,Low,No,8,89,Yes,0,Medium,Public,2,High School,Near,Female,66,yes,West,Bike,160,Anglophone
18,91,High,High,Yes,7,71,Yes,0,Medium,Public,3,High School,Near,Male,70,yes,Adamawa,Private car,166,Bilingual
18,76,High,High,No,6,79,Yes,1,Medium,Private,2,Postgraduate,Far,Female,67,sometimes,Centre,Walk,77,Bilingual
12,80,Low,Low,No,9,71,Yes,1,Low,Private,3,High School,Moderate,Female,60,yes,Adamawa,Bus,129,Bilingual
15,79,High,Medium,No,8,62,Yes,1,Low,Public,3,College,Near,Male,65,no,West,Bus,186,Anglophone
13,70,Medium,Medium,No,5,59,Yes,0,Medium,Private,2,Postgraduate,Near,Female,63,yes,North,Private car,85,Francophone
31,80,High,High,Yes,6,57,Yes,1,Medium,Private,3,High School,Near,Female,72,no,North,Walk,157,Bilingual
26,61,Low,Medium,Yes,5,51,Yes,0,Low,Private,5,High School,Moderate,Female,62,no,North,Private car,128,Francophone
28,65,Medium,Medium,Yes,4,64,Yes,6,Medium,Public,3,Postgraduate,Near,Male,70,yes,North,Bus,123,Bilingual
24,95,High,Low,Yes,8,59,Yes,2,Low,Public,1,College,Moderate,Male,70,no,North West,Walk,154,Bilingual
13,90,Medium,Medium,No,5,63,Yes,0,Low,Public,4,High School,Moderate,Female,64,no,West,Private car,180,Francophone
17,77,Medium,Medium,Yes,6,54,Yes,3,Low,Public,4,High School,Moderate,Male,64,sometimes,South West,Walk,109,Bilingual
23,81,Medium,Low,Yes,7,67,Yes,0,Medium,Private,5,,Moderate,Female,67,sometimes,South West,Taxi,149,Bilingual
13,75,Medium,High,Yes,7,76,Yes,1,Medium,Public,1,,Moderate,Male,64,sometimes,South West,Bike,79,Francophone
24,90,Medium,Medium,Yes,6,97,Yes,1,High,Public,4,High School,Near,Male,72,no,Adamawa,Walk,28,Francophone
19,91,Medium,Low,No,9,67,Yes,0,Medium,Private,3,College,Near,Female,66,yes,South West,Walk,156,Francophone
18,91,Medium,Medium,No,5,52,Yes,2,Medium,Public,4,High School,Moderate,Female,66,sometimes,North West,Private car,140,Anglophone
24,89,Medium,High,Yes,5,68,Yes,0,Low,Public,2,Postgraduate,Near,Female,71,sometimes,Littoral,Taxi,196,Francophone
23,68,Low,Low,No,8,91,Yes,5,Low,Public,5,Postgraduate,Near,Female,66,sometimes,South West,Private car,33,Francophone
18,74,Medium,Low,Yes,6,67,Yes,2,Low,Public,2,High School,Near,Male,64,yes,Littoral,Private car,120,Bilingual
27,79,Medium,Low,No,6,65,Yes,0,Medium,Private,2,College,Near,Male,66,yes,Centre,Private car,172,Anglophone
14,73,Medium,Low,Yes,5,96,Yes,1,Low,Public,3,High School,Moderate,Female,62,sometimes,Littoral,Bike,190,Bilingual
24,90,Medium,Medium,No,8,65,Yes,4,Low,Public,4,High School,Moderate,Male,70,sometimes,Centre,Walk,146,Francophone
24,73,Medium,Medium,Yes,7,99,Yes,3,Medium,Private,3,High School,Near,Female,69,yes,North,Bus,122,Anglophone
18,66,High,Medium,No,7,92,Yes,2,Low,Private,4,High School,Moderate,Male,65,no,Far North,Walk,27,Anglophone
22,76,High,Medium,Yes,6,84,Yes,2,Medium,Public,3,High School,Near,Male,70,yes,West,Walk,135,Anglophone
12,99,High,High,Yes,6,80,No,0,High,Public,3,High School,Moderate,Male,70,yes,South West,Bike,151,Francophone
26,69,Medium,Medium,Yes,7,61,Yes,1,High,Public,2,College,Near,Male,67,sometimes,West,Bike,183,Anglophone
19,84,Medium,High,Yes,8,87,Yes,2,Low,Public,3,High School,Moderate,Female,69,yes,Centre,Walk,177,Francophone
17,77,Low,Medium,No,9,67,Yes,0,Low,Public,5,High School,Near,Female,62,yes,South,Walk,68,Francophone
26,63,Medium,High,Yes,9,74,Yes,1,Low,Private,4,High School,Near,Female,67,yes,South,Walk,58,Bilingual
16,80,High,Medium,No,8,55,No,0,Low,Public,6,College,Moderate,Male,65,yes,West,Private car,107,Anglophone
12,88,Medium,Medium,No,8,65,Yes,0,Low,Public,4,High School,Near,Male,65,yes,Adamawa,Bus,52,Anglophone
11,81,Medium,High,Yes,5,76,Yes,1,Low,Public,3,Postgraduate,Far,Male,65,no,West,Walk,86,Anglophone
24,95,Medium,Low,Yes,6,73,No,3,Low,Public,2,High School,Moderate,Male,69,sometimes,South West,Bike,43,Bilingual
12,72,Medium,Medium,No,8,67,Yes,4,Medium,Public,4,High School,Near,Male,63,yes,West,Private car,36,Anglophone
31,63,Low,High,Yes,7,74,Yes,3,Medium,Public,2,College,Moderate,Male,66,sometimes,South West,Walk,134,Bilingual
8,97,Medium,High,Yes,8,87,Yes,0,Medium,Public,2,High School,Near,Male,67,yes,North,Bike,37,Francophone
30,75,Medium,Medium,No,8,73,Yes,1,Medium,Public,3,College,Near,Male,69,no,East,Private car,161,Anglophone
21,83,Medium,Medium,Yes,8,75,Yes,1,Low,Public,2,High School,Far,Male,67,sometimes,Littoral,Bus,107,Anglophone
19,92,Medium,Medium,Yes,5,85,Yes,1,Medium,Private,4,High School,Near,Male,70,no,East,Walk,143,Anglophone
17,73,High,High,Yes,7,92,Yes,2,High,Private,2,High School,Moderate,Male,67,sometimes,South,Walk,114,Anglophone
22,89,High,Medium,No,6,76,Yes,2,Low,Public,4,High School,Near,Male,70,sometimes,West,Taxi,85,Bilingual
20,65,High,High,Yes,6,97,Yes,0,Low,Private,3,High School,Moderate,Female,65,no,Far North,Bike,149,Bilingual
27,72,Medium,Low,No,4,68,No,0,Medium,Public,3,College,Near,Male,63,no,South,Private car,106,Bilingual
21,66,Medium,Medium,Yes,7,63,Yes,0,High,Public,3,High School,Near,Female,64,sometimes,South West,Walk,25,Francophone
21,92,High,Medium,Yes,4,85,Yes,1,High,Public,3,High School,Far,Male,69,yes,Adamawa,Bike,198,Anglophone
18,69,Low,Medium,No,8,59,No,1,Low,Public,4,High School,Near,Female,60,sometimes,Littoral,Bike,61,Francophone
20,89,Low,Medium,Yes,9,95,Yes,3,Low,Public,3,High School,Moderate,Male,69,no,West,Private car,47,Francophone
22,98,Medium,Low,Yes,8,69,Yes,4,High,Private,2,High School,Near,Female,72,no,South West,Bus,21,Anglophone
10,81,Medium,Low,Yes,7,85,Yes,1,Low,Public,2,College,Near,Male,63,sometimes,Centre,Private car,66,Francophone
12,82,Low,Medium,No,9,79,Yes,0,Low,Private,2,College,Moderate,Female,63,no,Littoral,Walk,39,Francophone
24,78,High,Low,Yes,7,53,Yes,0,Medium,Public,4,,Near,Male,66,sometimes,Far North,Walk,37,Bilingual
21,73,Medium,Medium,No,6,85,Yes,6,Medium,Public,5,College,Near,Male,70,yes,South,Taxi,72,Anglophone
19,79,Medium,High,Yes,7,90,Yes,1,High,Public,4,College,Far,Female,68,yes,North West,Private car,56,Bilingual
20,84,Medium,Medium,Yes,10,99,Yes,2,Medium,Private,3,High School,Moderate,Male,69,yes,Centre,Bike,86,Anglophone
22,99,Medium,Medium,Yes,5,71,Yes,0,Medium,Public,4,College,Near,Female,72,yes,Littoral,Bike,180,Francophone
17,98,Low,High,No,5,75,Yes,1,Low,Private,3,College,Near,Male,67,sometimes,Far North,Walk,96,Bilingual
15,94,Low,Medium,No,8,94,Yes,1,High,Public,4,High School,Moderate,Male,68,sometimes,South West,Private car,158,Francophone
21,96,Medium,High,No,7,63,Yes,1,Medium,Private,2,Postgraduate,Far,Female,70,yes,Adamawa,Private car,111,Anglophone
14,79,High,Medium,Yes,6,59,Yes,5,Medium,Public,3,Postgraduate,Far,Male,68,no,South,Private car,28,Anglophone
22,86,Medium,Medium,Yes,5,57,Yes,2,Medium,Public,3,College,Moderate,Male,69,no,West,Walk,186,Bilingual
10,96,Medium,Medium,No,4,99,Yes,1,Medium,Private,5,College,Near,Female,68,yes,West,Private car,77,Francophone
26,76,Medium,Medium,No,5,64,Yes,0,Medium,Public,5,College,Far,Female,66,sometimes,East,Bike,170,Bilingual
23,98,Medium,Medium,No,9,88,Yes,1,Low,Public,4,Postgraduate,Moderate,Female,72,no,South,Bus,143,Anglophone
22,77,Medium,Medium,Yes,7,72,Yes,2,Medium,Public,3,High School,Near,Male,67,sometimes,Centre,Private car,77,Anglophone
26,84,Low,High,No,4,62,No,3,High,Public,2,High School,Near,Male,70,sometimes,North West,Taxi,35,Francophone
30,88,High,Medium,Yes,9,96,Yes,1,Medium,Private,3,High School,Near,Male,73,yes,Littoral,Taxi,58,Francophone
26,98,Medium,Low,Yes,9,73,Yes,1,High,Public,6,Postgraduate,Moderate,Male,73,no,North,Walk,164,Anglophone
9,70,Medium,Medium,No,9,78,Yes,1,Medium,Public,2,High School,Near,Female,60,yes,Littoral,Bus,22,Bilingual
12,90,Medium,High,No,6,61,Yes,2,Medium,Public,3,College,Near,Male,67,yes,West,Bike,39,Francophone
16,81,High,Medium,Yes,7,66,Yes,3,High,Private,4,High School,Near,Male,69,sometimes,South,Walk,40,Anglophone
20,71,Medium,Low,No,7,87,Yes,1,Medium,Public,5,High School,Near,Male,65,no,West,Bus,24,Anglophone
23,91,Low,High,Yes,9,67,Yes,2,Low,Public,4,,Near,Female,70,no,Centre,Taxi,146,Anglophone
16,82,High,High,Yes,6,75,Yes,3,Medium,Public,3,College,Moderate,Female,68,yes,South West,Private car,52,Bilingual
21,86,Medium,Low,No,6,56,Yes,1,Low,Private,2,College,Near,Female,66,yes,South West,Private car,162,Francophone
15,73,Low,High,Yes,8,93,Yes,1,Low,Public,4,College,Far,Male,65,sometimes,South West,Taxi,59,Francophone
16,79,Low,Medium,Yes,9,87,Yes,1,Low,Public,2,College,Moderate,Female,64,yes,East,Private car,170,Anglophone
12,85,High,High,Yes,7,88,Yes,1,Low,Public,0,College,Far,Female,67,sometimes,West,Taxi,145,Francophone
14,76,High,Medium,Yes,8,59,Yes,3,Medium,Private,5,High School,Moderate,Male,65,yes,Far North,Private car,187,Bilingual
12,68,High,High,Yes,7,75,Yes,1,Medium,Private,4,High School,Near,Male,64,no,Littoral,Private car,164,Bilingual
14,98,High,High,No,7,51,Yes,0,Medium,Public,1,High School,Near,Male,67,yes,Centre,Bus,51,Anglophone
26,80,Medium,Low,Yes,6,66,Yes,2,High,Public,4,Postgraduate,Near,Male,70,sometimes,Adamawa,Taxi,25,Anglophone
14,89,Medium,Low,Yes,5,67,No,3,Low,Private,3,High School,Far,Female,63,no,Adamawa,Walk,140,Bilingual
36,76,Medium,Medium,No,6,96,Yes,1,Low,Private,2,College,Near,Male,71,no,South West,Taxi,148,Anglophone
23,74,High,Low,No,6,100,Yes,2,High,Private,3,High School,Near,Male,68,sometimes,Adamawa,Bus,117,Bilingual
21,76,Medium,Medium,No,7,81,Yes,0,Medium,Private,2,College,Moderate,Female,67,sometimes,Centre,Bus,133,Anglophone
15,76,High,High,Yes,9,76,Yes,1,Medium,Public,2,Postgraduate,Far,Female,67,no,East,Taxi,63,Anglophone
24,82,Low,Medium,Yes,7,72,Yes,0,Medium,Public,2,Postgraduate,Moderate,Female,68,sometimes,Centre,Private car,96,Francophone
17,82,High,Medium,No,6,51,Yes,1,Low,Public,3,Postgraduate,Moderate,Male,66,no,Adamawa,Walk,197,Bilingual
21,80,Medium,Medium,Yes,8,90,Yes,0,Medium,Public,4,College,Near,Male,68,sometimes,Far North,Bike,160,Bilingual
35,65,High,Medium,Yes,7,84,Yes,0,Medium,Public,2,High School,Moderate,Male,70,yes,East,Bike,84,Francophone
19,80,Low,Low,No,8,82,Yes,5,Low,Public,3,College,Near,Male,67,yes,Far North,Bus,74,Francophone
27,67,Low,Medium,Yes,6,90,Yes,2,High,Private,3,High School,Moderate,Male,67,no,Adamawa,Private car,176,Anglophone
16,65,Low,High,No,9,96,Yes,2,Low,Public,2,High School,Near,Male,62,sometimes,North,Bike,28,Francophone
20,97,Medium,High,No,9,69,Yes,0,Low,Public,3,High School,Near,Male,67,yes,Far North,Taxi,111,Francophone
31,84,Medium,High,No,7,71,Yes,4,Low,Public,4,High School,Far,Male,70,yes,Adamawa,Private car,169,Bilingual
16,86,High,High,No,8,99,Yes,4,Low,Private,4,College,Near,Male,72,sometimes,Littoral,Taxi,172,Francophone
31,76,Medium,Medium,Yes,9,83,Yes,2,High,Private,3,High School,Moderate,Female,70,yes,South,Bike,163,Bilingual
24,96,Low,High,No,6,93,Yes,2,Low,Public,2,High School,Moderate,Female,94,yes,Centre,Taxi,172,Bilingual
17,86,Medium,Medium,No,7,61,No,2,High,Public,3,High School,Moderate,Male,66,no,South West,Bike,113,Anglophone
24,91,Low,Low,Yes,7,66,Yes,2,Low,Public,3,High School,Near,Male,69,sometimes,East,Taxi,143,Anglophone
26,75,High,Medium,No,5,70,Yes,0,High,Private,2,Postgraduate,Near,Male,68,sometimes,Adamawa,Private car,196,Francophone
24,98,High,Low,No,8,66,Yes,2,Low,Public,1,High School,Moderate,Male,71,sometimes,South West,Taxi,85,Bilingual
11,93,High,Medium,No,9,94,Yes,4,Low,Public,4,High School,Moderate,Male,69,no,Far North,Bus,126,Francophone
16,94,Medium,Medium,No,7,76,Yes,2,Medium,Public,3,High School,Near,Female,67,no,Adamawa,Walk,166,Bilingual
19,67,Low,Medium,Yes,8,98,Yes,2,Low,Private,2,Postgraduate,Near,Female,64,sometimes,West,Taxi,20,Francophone
20,71,Medium,Medium,Yes,9,66,Yes,1,Medium,Private,5,College,Near,Female,63,no,Centre,Private car,104,Anglophone
24,71,Medium,High,Yes,6,52,Yes,2,Medium,Private,3,College,Far,Female,66,no,North West,Private car,90,Bilingual
21,71,High,Medium,Yes,8,57,No,2,High,Public,1,Postgraduate,Near,Female,66,no,South West,Bike,111,Bilingual
12,94,Low,High,Yes,6,61,Yes,3,High,Public,4,College,Near,Male,69,no,Centre,Walk,165,Bilingual
22,61,Low,Low,Yes,6,82,Yes,4,Medium,Public,4,High School,Moderate,Female,64,yes,Far North,Walk,124,Anglophone
24,63,High,Medium,No,8,59,Yes,1,Low,Public,3,High School,Near,Male,62,sometimes,East,Private car,27,Francophone
23,71,Medium,Medium,Yes,7,69,Yes,3,Low,Public,5,,Far,Female,66,sometimes,West,Walk,187,Bilingual
26,68,Medium,High,Yes,8,90,Yes,4,Low,Private,3,High School,Near,Male,70,yes,Adamawa,Bus,174,Francophone
25,69,High,Medium,Yes,7,56,Yes,2,Low,Private,4,High School,Near,Male,67,yes,South West,Private car,155,Anglophone
23,92,Low,Medium,No,8,54,Yes,0,High,Public,1,Postgraduate,Near,Female,68,no,Far North,Walk,181,Bilingual
20,83,High,Low,No,9,77,Yes,0,Low,Public,3,,Near,Male,67,yes,South,Private car,73,Bilingual
10,60,Medium,Medium,No,9,85,Yes,0,Medium,Public,4,Postgraduate,Near,Male,62,sometimes,North West,Private car,193,Bilingual
23,77,Low,Medium,Yes,8,96,Yes,1,High,Private,1,College,Near,Male,67,yes,South,Walk,35,Anglophone
21,76,Medium,High,Yes,8,83,Yes,0,Low,Public,5,High School,Near,Male,68,yes,Centre,Bus,62,Bilingual
22,65,Low,Medium,No,7,97,Yes,2,Medium,Private,4,High School,Moderate,Female,64,sometimes,Adamawa,Private car,134,Bilingual
12,87,Medium,Low,Yes,7,62,No,2,Medium,Public,4,High School,Near,Female,64,no,North,Taxi,71,Bilingual
14,88,Medium,Medium,No,8,67,Yes,2,High,Public,3,Postgraduate,Far,Male,66,sometimes,East,Walk,139,Francophone
26,89,Medium,Low,Yes,7,92,Yes,2,Low,Public,2,Postgraduate,Moderate,Male,72,no,Far North,Walk,32,Bilingual
20,89,Medium,High,Yes,8,91,Yes,2,Medium,Public,3,High School,Near,Female,72,yes,South West,Walk,64,Francophone
24,60,Medium,High,Yes,9,83,Yes,2,Medium,Public,3,High School,Near,Male,66,yes,East,Walk,127,Francophone
20,98,Low,Medium,No,7,75,Yes,4,Medium,Private,1,College,Near,Male,72,sometimes,Far North,Bus,106,Anglophone
20,93,High,Medium,Yes,4,51,Yes,1,Medium,Public,3,High School,Near,Male,69,no,Adamawa,Bus,150,Bilingual
26,96,High,High,Yes,10,64,Yes,2,Medium,Private,3,High School,Near,Female,72,sometimes,West,Bus,164,Francophone
17,61,Low,Low,Yes,6,58,Yes,1,Medium,Public,4,High School,Near,Male,60,no,West,Walk,75,Bilingual
21,97,Medium,Medium,Yes,7,53,Yes,0,High,Public,2,High School,Moderate,Male,69,sometimes,West,Bike,109,Bilingual
17,92,Medium,High,No,8,89,Yes,0,Low,Public,3,High School,Near,Male,68,sometimes,North West,Bike,88,Francophone
17,93,Low,Medium,Yes,9,57,Yes,3,Low,Private,2,College,Near,Male,69,sometimes,Centre,Walk,183,Bilingual
18,64,Medium,Low,Yes,10,68,Yes,1,Low,Public,5,High School,Near,Male,62,yes,Centre,Bike,42,Francophone
21,90,Medium,Medium,Yes,6,99,Yes,2,Low,Public,2,,Moderate,Male,71,no,South West,Bike,128,Bilingual
17,98,Medium,High,Yes,9,70,Yes,1,High,Private,2,High School,Near,Male,70,sometimes,North West,Bus,71,Anglophone
28,87,Low,Low,Yes,7,57,Yes,2,Medium,Private,4,High School,Moderate,Male,68,no,North West,Private car,42,Bilingual
15,83,High,Medium,Yes,10,84,Yes,1,High,Public,2,College,Near,Male,68,sometimes,Littoral,Bus,66,Francophone
19,98,Medium,High,No,9,90,No,1,High,Private,2,College,Far,Female,70,no,North West,Bus,192,Anglophone
17,78,Medium,High,No,7,64,Yes,0,Low,Private,3,High School,Near,Female,65,no,West,Walk,43,Anglophone
29,84,High,Medium,Yes,6,90,Yes,0,Medium,Public,3,Postgraduate,Far,Male,73,no,North West,Private car,133,Anglophone
21,79,High,Medium,No,4,64,Yes,0,Low,Public,4,College,Moderate,Male,66,no,Adamawa,Bus,155,Anglophone
26,97,Medium,Medium,No,8,85,No,2,High,Public,3,High School,Near,Male,71,no,Littoral,Taxi,194,Bilingual
11,63,High,Medium,Yes,9,56,Yes,2,Medium,Public,3,High School,Near,Female,62,sometimes,South West,Bike,163,Francophone
22,80,Medium,Medium,Yes,8,71,Yes,2,Low,Private,3,High School,Near,Female,68,yes,South,Taxi,81,Francophone
25,87,Medium,High,No,4,76,Yes,1,Low,Public,4,College,Far,Male,70,no,East,Bike,107,Bilingual
20,92,Medium,Low,No,5,86,Yes,0,Medium,Public,2,Postgraduate,Moderate,Female,68,sometimes,North West,Private car,144,Bilingual
26,83,High,Low,Yes,8,83,Yes,2,Low,Public,2,College,Near,Female,71,yes,East,Taxi,127,Bilingual
17,96,Medium,Medium,Yes,10,93,Yes,2,Medium,Public,4,High School,Near,Female,70,sometimes,North West,Taxi,138,Anglophone
28,98,Medium,Medium,Yes,7,59,Yes,1,Low,Public,3,High School,Near,Male,72,yes,North,Taxi,112,Francophone
34,63,Medium,High,Yes,9,83,Yes,2,Medium,Public,2,College,Moderate,Male,69,no,North,Taxi,25,Anglophone
18,76,Medium,High,No,5,56,Yes,1,Low,Public,2,College,Moderate,Male,63,yes,North,Walk,170,Francophone
17,61,Medium,Medium,No,7,74,Yes,0,Medium,Public,2,Postgraduate,Near,Female,62,sometimes,West,Bike,89,Bilingual
29,73,Medium,Medium,No,7,76,Yes,2,Low,Private,3,High School,Near,Female,68,sometimes,North,Taxi,137,Anglophone
29,81,Low,Medium,Yes,9,51,Yes,2,Medium,Public,5,Postgraduate,Near,Male,70,yes,South,Bike,127,Anglophone
17,96,Medium,Medium,Yes,6,54,Yes,1,Medium,Private,4,High School,Near,Male,69,yes,North West,Bus,185,Anglophone
17,94,Medium,Medium,No,10,92,Yes,2,Low,Private,2,High School,Near,Male,68,sometimes,South,Walk,131,Anglophone
18,65,High,Medium,Yes,7,64,Yes,2,High,Public,1,High School,Near,Male,65,yes,North West,Private car,39,Bilingual
12,64,Medium,Low,No,5,67,Yes,3,Low,Private,2,High School,Near,Male,59,yes,South West,Bus,58,Anglophone
14,84,Medium,Medium,No,5,82,Yes,3,Low,Public,3,College,Far,Male,66,sometimes,Adamawa,Private car,121,Anglophone
14,81,High,Medium,No,6,61,Yes,0,Low,Public,4,High School,Moderate,Male,64,yes,South,Taxi,129,Francophone
15,71,Low,Medium,No,8,60,No,5,Low,Public,4,High School,Far,Female,63,sometimes,North,Bike,175,Bilingual
20,96,Medium,Medium,No,6,71,Yes,5,Low,Public,3,College,Near,Male,72,sometimes,Adamawa,Private car,148,Anglophone
21,97,Medium,High,Yes,6,53,Yes,0,Low,Public,3,High School,Moderate,Male,67,no,Centre,Bus,22,Anglophone
29,76,Medium,Medium,No,8,96,Yes,2,Low,Public,2,Postgraduate,Moderate,Male,94,sometimes,South,Walk,129,Anglophone
14,96,Medium,High,Yes,4,97,Yes,2,Medium,Public,3,High School,Near,Female,70,sometimes,Far North,Walk,186,Anglophone
26,75,Low,Medium,No,6,72,Yes,0,Low,Public,3,High School,Near,Male,66,yes,Far North,Private car,158,Francophone
19,89,Low,Medium,Yes,5,60,Yes,4,Medium,Public,2,Postgraduate,Moderate,Female,69,yes,Far North,Bus,79,Bilingual
20,79,Medium,Low,Yes,6,74,Yes,2,Low,Public,2,High School,Far,Male,64,yes,West,Bike,93,Francophone
24,65,Medium,Medium,No,7,55,Yes,1,Low,Private,3,High School,Near,Female,63,no,North West,Taxi,129,Bilingual
13,97,High,High,No,7,70,Yes,1,Low,Public,4,Postgraduate,Near,Female,71,no,South West,Private car,24,Anglophone
22,78,High,Medium,No,7,54,Yes,1,Medium,Public,3,High School,Moderate,Male,65,yes,North,Walk,123,Francophone
21,89,Low,Medium,Yes,9,85,Yes,1,Medium,Public,5,College,Far,Female,68,sometimes,West,Bus,117,Francophone
23,75,Medium,Medium,No,7,64,Yes,1,Low,Public,3,High School,Moderate,Male,64,no,East,Bus,42,Francophone
22,61,Low,Low,Yes,10,76,Yes,1,High,Public,2,College,Near,Male,64,no,East,Taxi,152,Francophone
35,64,Medium,Medium,Yes,8,51,Yes,2,Medium,Public,5,High School,Near,Male,66,no,East,Bike,42,Bilingual
16,80,High,Medium,No,6,76,Yes,1,Medium,Public,4,College,Near,Male,68,no,Adamawa,Taxi,100,Anglophone
17,88,Medium,Medium,No,10,50,Yes,3,Low,Public,5,College,Moderate,Female,67,yes,South West,Taxi,21,Bilingual
16,73,Low,High,Yes,7,96,Yes,1,Medium,Private,3,High School,Moderate,Female,66,sometimes,Littoral,Taxi,97,Francophone
17,88,Medium,Medium,Yes,10,75,Yes,2,Medium,Public,3,High School,Near,Male,68,yes,Centre,Bus,189,Bilingual
16,88,Low,Medium,No,7,55,Yes,3,Low,Public,3,Postgraduate,Near,Male,66,yes,South,Walk,109,Bilingual
27,88,Medium,Medium,No,7,67,Yes,3,High,Public,4,College,Far,Male,71,sometimes,Littoral,Walk,81,Anglophone
29,80,Medium,High,Yes,8,52,Yes,4,Low,Public,4,High School,Moderate,Female,71,sometimes,East,Private car,132,Anglophone
17,97,Medium,High,No,7,77,Yes,0,Low,Private,4,College,Far,Male,68,no,South,Bus,174,Anglophone
15,80,High,Low,No,9,56,Yes,3,Medium,Public,3,High School,Near,Female,64,no,West,Walk,183,Anglophone
23,78,Medium,Medium,Yes,10,74,Yes,3,Medium,Public,4,High School,Moderate,Male,67,yes,Centre,Taxi,135,Anglophone
17,68,High,Medium,Yes,4,65,Yes,0,Medium,Private,2,High School,Moderate,Male,64,no,Far North,Private car,155,Francophone
24,72,High,Low,Yes,8,88,Yes,3,Low,Public,2,High School,Near,Female,68,sometimes,Adamawa,Taxi,88,Bilingual
21,62,Medium,Low,No,6,74,Yes,0,Low,Private,3,Postgraduate,Far,Male,62,yes,South,Taxi,89,Bilingual
11,85,Medium,Low,Yes,4,92,Yes,0,Medium,Public,1,College,Near,Male,64,sometimes,South,Bike,140,Francophone
29,70,Low,High,No,8,97,Yes,3,Low,Public,3,Postgraduate,Moderate,Male,70,yes,Adamawa,Taxi,91,Anglophone
31,72,Medium,Medium,No,8,98,Yes,0,Low,Public,4,College,Far,Male,68,sometimes,Far North,Bike,81,Anglophone
16,91,Medium,Medium,No,8,63,Yes,2,Medium,Public,3,College,Near,Female,69,sometimes,Centre,Taxi,54,Bilingual
18,73,Low,Medium,Yes,8,88,Yes,3,Low,Public,4,College,Moderate,Male,65,yes,North,Private car,39,Anglophone
22,70,Medium,High,Yes,8,72,Yes,2,High,Public,3,High School,Near,Male,67,sometimes,South West,Bus,54,Anglophone
22,67,High,Medium,No,6,71,Yes,2,Medium,Public,2,College,Moderate,Male,65,sometimes,North West,Bike,138,Francophone
24,91,High,Medium,No,7,93,Yes,0,Medium,Public,2,High School,Moderate,Male,71,yes,Far North,Bike,109,Anglophone
32,65,Medium,Low,Yes,8,57,Yes,2,Low,Public,3,High School,Moderate,Female,65,sometimes,South West,Taxi,118,Anglophone
19,78,Medium,Medium,Yes,9,74,Yes,2,Low,Public,5,High School,Moderate,Female,66,no,North West,Bike,96,Anglophone
15,80,High,Medium,No,7,80,Yes,0,Low,Public,5,High School,Near,Female,65,yes,Littoral,Taxi,120,Francophone
12,87,Medium,Medium,Yes,7,53,Yes,2,Medium,Private,1,College,Near,Male,65,sometimes,Far North,Private car,93,Anglophone
16,85,Low,Medium,No,7,93,Yes,1,Medium,Public,3,High School,Near,Male,68,no,West,Taxi,54,Francophone
20,92,Medium,Medium,Yes,5,66,Yes,2,Medium,Public,2,College,Moderate,Male,68,yes,Centre,Private car,63,Francophone
31,62,High,Medium,No,8,83,Yes,0,Medium,Private,2,College,Near,Female,67,yes,Centre,Private car,113,Bilingual
17,72,Low,Medium,Yes,5,96,Yes,3,High,Public,3,High School,Moderate,Male,65,yes,Centre,Bike,148,Francophone
21,71,Medium,Low,No,8,86,Yes,2,Medium,Public,2,College,Near,Male,66,no,North,Bike,83,Francophone
20,66,Medium,Medium,Yes,7,94,Yes,0,Medium,Public,4,High School,Moderate,Female,63,no,Far North,Bus,180,Bilingual
27,72,High,High,Yes,5,53,Yes,1,High,Private,5,Postgraduate,,Male,70,no,South West,Taxi,184,Anglophone
35,72,High,High,Yes,5,75,Yes,1,Low,Public,5,College,Moderate,Male,72,no,Adamawa,Bus,94,Anglophone
17,81,Medium,High,No,6,78,Yes,2,Low,Private,2,High School,Moderate,Male,67,sometimes,Far North,Taxi,105,Francophone
17,87,High,Low,Yes,6,84,Yes,0,Medium,Public,3,College,Far,Male,67,yes,West,Bus,98,Francophone
26,75,Low,Medium,Yes,9,56,Yes,1,Low,Public,5,High School,Moderate,Male,66,sometimes,North,Bike,94,Bilingual
24,89,Low,Medium,No,7,83,No,1,Low,Public,3,High School,Moderate,Male,66,yes,North,Bike,138,Bilingual
31,73,High,Medium,Yes,8,57,Yes,2,Low,Public,4,High School,Far,Male,69,no,North,Private car,120,Bilingual
24,72,Medium,Low,Yes,9,53,Yes,0,Low,Private,4,High School,Moderate,Male,62,sometimes,South,Walk,167,Bilingual
18,82,Low,Medium,No,9,73,Yes,2,Low,Public,4,College,Near,Female,66,no,Littoral,Taxi,54,Francophone
24,61,Medium,Medium,No,7,80,Yes,0,Low,Public,3,Postgraduate,Moderate,Male,64,yes,Far North,Taxi,188,Bilingual
27,63,High,Medium,Yes,6,98,Yes,1,Low,Public,2,High School,Moderate,Female,67,sometimes,West,Bike,90,Francophone
25,77,High,High,No,8,85,Yes,2,Medium,Public,1,College,Near,Male,71,sometimes,Littoral,Taxi,187,Anglophone
23,98,High,Medium,Yes,6,80,Yes,1,Medium,Public,2,,Moderate,Male,73,sometimes,West,Taxi,78,Anglophone
26,89,Medium,Low,Yes,10,61,Yes,0,Medium,Public,3,High School,Moderate,Female,68,sometimes,South West,Bus,76,Anglophone
27,64,High,Low,Yes,8,58,Yes,2,High,Public,1,Postgraduate,Far,Male,66,sometimes,South,Walk,69,Anglophone
28,94,Medium,High,Yes,7,80,Yes,3,Low,Public,4,Postgraduate,Far,Male,75,sometimes,West,Private car,149,Anglophone
24,89,Medium,High,Yes,8,61,Yes,1,Low,Public,3,Postgraduate,Near,Female,72,sometimes,East,Walk,68,Bilingual
19,84,High,Low,Yes,7,85,Yes,1,High,Private,3,High School,Near,Male,68,sometimes,South,Taxi,150,Bilingual
21,93,Medium,Medium,Yes,6,56,No,1,Low,Public,3,High School,Near,Male,68,no,Adamawa,Walk,140,Francophone
27,76,Low,High,Yes,8,67,Yes,1,Medium,Public,4,High School,Near,Male,69,yes,Far North,Private car,183,Anglophone
15,69,Medium,Medium,Yes,7,89,Yes,1,Low,Public,2,College,Moderate,Female,63,yes,West,Private car,85,Francophone
22,80,Medium,High,Yes,10,92,Yes,0,Medium,Public,2,High School,Near,Female,70,sometimes,Littoral,Bus,95,Bilingual
18,82,Low,Medium,Yes,6,67,Yes,1,High,Private,3,Postgraduate,Moderate,Male,66,no,West,Bus,86,Bilingual
20,82,Low,Low,Yes,8,60,Yes,3,Medium,Public,4,High School,Moderate,Male,66,yes,West,Walk,39,Francophone
28,83,Medium,High,No,6,98,Yes,1,Low,Private,2,Postgraduate,Moderate,Male,72,no,Adamawa,Private car,62,Anglophone
21,98,Low,Medium,No,6,88,Yes,1,Medium,Public,3,Postgraduate,Near,Male,71,no,North West,Bike,144,Francophone
20,96,High,Medium,No,4,90,Yes,3,Low,Private,2,College,Near,Male,72,sometimes,Adamawa,Private car,131,Bilingual
12,95,Medium,Medium,No,8,61,Yes,4,High,Private,1,College,Near,Male,69,sometimes,North West,Bike,171,Bilingual
24,92,Low,High,Yes,6,71,Yes,2,Low,Public,2,High School,Near,Male,71,yes,Adamawa,Taxi,45,Bilingual
24,98,Medium,Low,No,9,53,Yes,3,High,Private,2,Postgraduate,Far,Male,69,no,Far North,Taxi,199,Bilingual
33,64,High,Medium,No,8,55,Yes,1,Medium,Public,3,College,Moderate,Female,68,yes,South West,Private car,92,Bilingual
18,71,Low,Low,Yes,7,61,Yes,2,Low,Public,4,College,Near,Male,61,yes,Far North,Bus,168,Bilingual
21,80,Medium,High,No,5,65,Yes,2,Medium,Private,1,Postgraduate,Moderate,Male,68,no,North,Taxi,174,Francophone
21,94,High,Medium,Yes,8,100,Yes,0,Low,Public,3,Postgraduate,Near,Male,72,no,North,Private car,57,Anglophone
29,80,Medium,Medium,Yes,6,71,Yes,0,Medium,Public,3,College,Moderate,Female,70,sometimes,East,Bus,91,Francophone
19,90,High,Medium,Yes,5,85,Yes,0,Medium,Private,5,Postgraduate,Near,Female,73,no,South,Bike,73,Anglophone
22,66,Medium,High,No,8,95,Yes,3,Medium,Private,3,High School,Moderate,Female,67,no,South,Private car,147,Anglophone
24,70,Medium,High,No,5,62,Yes,2,Low,Private,4,College,Near,Male,65,sometimes,West,Taxi,40,Anglophone
21,89,Medium,Medium,No,4,57,Yes,1,High,Private,2,High School,Near,Female,68,sometimes,Far North,Private car,198,Francophone
17,67,Low,High,Yes,9,62,Yes,3,Medium,Public,3,High School,Near,Male,65,sometimes,Adamawa,Private car,31,Bilingual
21,74,High,Medium,No,6,94,Yes,1,Low,Public,1,High School,Near,Male,97,sometimes,Centre,Private car,108,Anglophone
26,71,High,Low,Yes,4,83,Yes,1,Medium,Public,3,College,Moderate,Male,66,yes,East,Taxi,30,Bilingual
14,74,High,High,Yes,6,73,Yes,2,Medium,Private,3,High School,Near,Female,67,sometimes,Far North,Walk,40,Francophone
21,88,High,Medium,No,6,91,Yes,2,High,Public,1,High School,Moderate,Female,70,no,North,Bus,174,Bilingual
16,75,High,Medium,Yes,9,62,Yes,3,Low,Public,4,High School,Moderate,Female,66,no,Adamawa,Taxi,188,Anglophone
27,82,Medium,High,Yes,5,62,Yes,1,Low,Private,4,High School,Moderate,Female,69,no,Adamawa,Bus,124,Bilingual
11,64,High,Medium,Yes,5,78,Yes,2,Low,Private,4,College,Moderate,Male,62,yes,South,Bus,75,Bilingual
17,92,Medium,Low,Yes,8,90,Yes,1,High,Public,3,High School,Near,Male,68,no,Centre,Taxi,182,Francophone
22,75,Medium,High,Yes,6,63,Yes,1,Low,Public,2,College,Near,Male,67,sometimes,South,Walk,56,Anglophone
29,86,Medium,Medium,Yes,7,61,Yes,0,Medium,Public,4,High School,Far,Female,68,yes,East,Bus,130,Francophone
20,89,High,Medium,Yes,6,74,Yes,1,Low,Private,2,High School,Moderate,Male,69,yes,North,Bike,41,Bilingual
17,68,Medium,Medium,Yes,10,57,Yes,1,High,Private,1,High School,Moderate,Female,62,yes,Adamawa,Walk,101,Bilingual
31,95,High,Medium,Yes,5,87,Yes,2,Low,Public,3,Postgraduate,Moderate,Male,75,sometimes,South,Private car,167,Bilingual
11,85,Medium,Medium,No,7,79,Yes,2,High,Public,3,High School,Near,Male,65,sometimes,Far North,Taxi,68,Bilingual
7,77,High,Medium,No,9,76,Yes,2,Medium,Public,3,College,Moderate,Male,63,no,Littoral,Bus,130,Francophone
23,67,High,Medium,No,6,94,Yes,1,Medium,Public,2,College,Far,Male,66,sometimes,West,Private car,106,Anglophone
17,98,Low,High,No,6,87,No,3,Medium,Private,5,College,Near,Female,71,yes,North,Private car,139,Anglophone
14,90,High,Medium,Yes,8,57,Yes,0,Medium,Public,3,College,Moderate,Male,66,yes,Adamawa,Private car,174,Francophone
24,68,Medium,Medium,No,9,71,Yes,2,Medium,Public,4,College,Near,Male,66,yes,Littoral,Bus,137,Francophone
21,74,Medium,High,No,6,66,Yes,1,Medium,Private,4,High School,Near,Male,66,no,West,Bike,125,Bilingual
17,92,High,High,Yes,9,90,Yes,1,High,Public,3,,Moderate,Male,71,yes,Littoral,Walk,27,Anglophone
12,88,Medium,Medium,Yes,7,86,Yes,3,Medium,Public,3,High School,Moderate,Male,68,sometimes,West,Bus,195,Francophone
25,91,Medium,Medium,No,8,74,Yes,1,Medium,Private,3,College,Moderate,Male,71,no,Far North,Bus,156,Anglophone
24,78,Medium,Medium,Yes,9,91,Yes,0,High,Public,3,Postgraduate,Far,Female,68,sometimes,South West,Private car,150,Francophone
19,89,Low,Medium,No,8,71,Yes,2,Low,Public,4,High School,Near,Male,68,yes,East,Bus,137,Bilingual
31,75,Medium,Medium,No,7,90,Yes,2,Medium,Public,2,High School,Moderate,Male,68,yes,South West,Bus,159,Bilingual
14,68,Medium,Medium,Yes,6,52,Yes,2,Low,Public,2,College,Near,Male,62,no,West,Private car,32,Anglophone
11,85,High,Low,Yes,10,57,Yes,0,Medium,Public,5,High School,Near,Male,65,sometimes,South,Taxi,152,Francophone
16,99,Low,High,No,6,88,Yes,2,Low,Public,3,Postgraduate,Near,Male,71,sometimes,East,Walk,25,Anglophone
20,72,Medium,High,Yes,7,56,Yes,0,Low,Public,6,College,Moderate,Male,63,yes,North West,Bike,74,Bilingual
21,78,High,Medium,No,8,84,Yes,1,High,Public,4,High School,Near,Male,68,sometimes,Littoral,Private car,62,Bilingual
19,87,High,Low,Yes,8,86,Yes,1,Medium,Public,4,High School,Moderate,Female,69,yes,Centre,Bike,21,Francophone
22,82,High,High,No,10,83,Yes,1,Low,Private,2,College,Moderate,Male,69,no,Far North,Walk,88,Bilingual
12,94,Medium,High,Yes,7,91,Yes,3,Medium,Private,3,Postgraduate,Near,Female,71,yes,Centre,Walk,23,Francophone
29,90,Medium,High,No,7,76,Yes,0,Low,Public,1,Postgraduate,Moderate,Female,71,sometimes,South West,Walk,83,Bilingual
20,62,Medium,Medium,Yes,9,95,Yes,0,Medium,Private,3,High School,Near,Male,62,sometimes,Far North,Walk,91,Bilingual
27,100,Low,Low,Yes,7,78,Yes,2,Medium,Public,2,High School,Near,Male,70,yes,Adamawa,Taxi,96,Francophone
22,90,High,High,No,8,75,Yes,1,Low,Private,3,College,Moderate,Male,70,sometimes,North,Walk,109,Anglophone
23,95,Medium,Medium,Yes,7,75,Yes,2,High,Public,2,College,Near,Male,73,no,South,Walk,66,Bilingual
23,86,Medium,High,Yes,8,96,Yes,3,Medium,Private,2,High School,Moderate,Female,71,sometimes,West,Private car,163,Francophone
23,94,Medium,Low,Yes,8,62,Yes,2,Low,Public,0,Postgraduate,Moderate,Female,69,yes,Centre,Bus,148,Bilingual
24,64,Medium,High,Yes,6,85,Yes,0,High,Private,3,Postgraduate,,Male,66,yes,East,Walk,45,Anglophone
28,74,Medium,Low,Yes,4,62,Yes,1,Low,Private,3,High School,Moderate,Male,65,no,Centre,Walk,85,Anglophone
21,95,High,Medium,No,4,55,Yes,2,Medium,Private,1,College,Near,Male,71,sometimes,West,Taxi,29,Bilingual
24,68,Medium,Medium,Yes,4,98,Yes,2,Medium,Public,2,High School,Near,Male,68,yes,Centre,Taxi,34,Anglophone
19,63,Medium,High,Yes,7,56,Yes,2,Low,Private,3,High School,Near,Female,64,no,Far North,Bike,69,Francophone
29,92,Low,Low,Yes,4,84,Yes,2,Low,Public,3,Postgraduate,Near,Male,71,sometimes,East,Taxi,144,Bilingual
16,93,Low,Medium,No,7,71,Yes,0,Medium,Public,2,High School,Near,Male,67,sometimes,Far North,Bike,172,Francophone
31,67,Medium,Low,No,7,92,Yes,2,Medium,Public,3,High School,Far,Female,66,no,North West,Walk,144,Francophone
20,94,Low,High,Yes,8,89,Yes,1,Low,Public,4,High School,Near,Male,71,no,Littoral,Private car,82,Bilingual
11,87,Low,Medium,No,8,57,Yes,0,Low,Public,2,High School,Moderate,Male,62,yes,East,Walk,156,Anglophone
21,81,High,Medium,No,8,73,Yes,3,Low,Public,2,High School,Near,Male,67,sometimes,East,Bus,57,Anglophone
16,93,Medium,Low,Yes,8,51,Yes,3,Low,Public,2,College,Near,Male,67,no,Adamawa,Walk,49,Francophone
25,77,Low,Medium,Yes,7,71,Yes,0,Medium,Public,3,High School,Near,Female,66,no,North,Taxi,67,Francophone
16,68,Low,Medium,Yes,7,85,Yes,1,Low,Private,3,Postgraduate,Moderate,Female,64,sometimes,Far North,Bike,166,Francophone
17,71,Low,Medium,Yes,6,62,Yes,2,Low,Public,3,College,Near,Male,62,no,Adamawa,Taxi,137,Anglophone
9,80,Medium,High,No,7,91,Yes,1,Medium,Public,3,College,Near,Female,65,yes,Centre,Taxi,134,Bilingual
17,81,Medium,Low,Yes,5,53,Yes,0,Medium,Public,1,College,Near,Male,63,yes,East,Bike,25,Anglophone
5,92,Medium,Medium,Yes,9,52,Yes,2,High,Private,4,College,Moderate,Female,64,no,North West,Bike,111,Bilingual
10,92,Low,High,Yes,6,51,Yes,1,Medium,Private,3,High School,Near,Female,65,sometimes,South West,Walk,36,Bilingual
25,83,Medium,High,No,7,64,Yes,0,Low,Public,2,College,Moderate,Male,68,sometimes,Centre,Bus,147,Anglophone
25,91,Medium,High,Yes,7,73,Yes,2,Low,Public,3,High School,Near,Female,72,no,West,Private car,104,Bilingual
23,68,Medium,Medium,Yes,9,55,Yes,0,Low,Public,3,College,Moderate,Male,64,no,East,Bike,44,Francophone
14,62,High,Medium,No,4,100,Yes,1,Low,Public,3,High School,Near,Male,62,no,West,Taxi,83,Francophone
20,95,Medium,Low,Yes,7,100,No,3,Low,Private,2,High School,Near,Female,69,sometimes,North,Bike,175,Bilingual
20,63,Low,Low,Yes,8,76,Yes,3,Medium,Public,4,Postgraduate,Near,Female,64,yes,Centre,Walk,133,Anglophone
13,70,High,Medium,No,10,78,Yes,1,Low,Public,2,High School,Far,Female,61,no,North,Taxi,51,Bilingual
29,88,Medium,High,No,7,96,Yes,2,Low,Public,2,High School,Near,Female,72,sometimes,South West,Bus,167,Bilingual
25,76,Medium,Low,Yes,6,88,Yes,1,Medium,Private,3,College,Far,Male,66,sometimes,South West,Walk,193,Anglophone
19,95,High,Low,No,10,58,Yes,2,High,Public,3,High School,Near,Male,69,no,Adamawa,Taxi,173,Bilingual
20,72,Medium,Medium,No,8,90,No,2,Low,Private,2,College,Near,Female,65,yes,North,Walk,123,Bilingual
21,60,High,Medium,Yes,9,62,Yes,2,Low,Public,3,High School,Near,Male,64,no,North West,Bike,77,Anglophone
8,72,Low,Medium,Yes,5,72,Yes,3,High,Private,4,High School,Near,Female,62,yes,South,Private car,38,Anglophone
19,83,Medium,Medium,No,8,77,Yes,1,Low,Public,4,High School,Far,Male,66,yes,Adamawa,Walk,84,Francophone
16,75,Low,Low,Yes,5,86,Yes,0,Low,Public,1,College,Moderate,Female,62,sometimes,North West,Private car,154,Anglophone
14,81,Medium,Medium,Yes,5,58,Yes,3,Low,Public,4,Postgraduate,Moderate,Male,66,sometimes,South,Bike,184,Bilingual
18,95,Medium,High,No,8,54,Yes,2,High,Public,3,College,Moderate,Female,70,sometimes,South,Bike,114,Anglophone
31,96,Medium,Medium,Yes,8,93,Yes,3,Low,Public,3,High School,Near,Male,75,no,Adamawa,Bus,131,Bilingual
24,71,Low,High,Yes,6,91,Yes,3,High,Public,2,High School,Far,Female,67,sometimes,South West,Taxi,184,Bilingual
17,78,Low,Medium,Yes,9,76,Yes,4,Medium,Public,2,College,Near,Male,66,sometimes,East,Bus,111,Francophone
23,82,Medium,High,No,6,83,Yes,2,Medium,Private,3,Postgraduate,Moderate,Male,71,no,West,Bus,29,Francophone
28,98,High,Medium,Yes,7,86,Yes,2,Medium,Private,2,High School,Near,Female,75,no,East,Bike,59,Bilingual
26,100,High,High,No,7,74,Yes,1,Medium,Public,2,High School,Far,Female,72,yes,North West,Bike,53,Bilingual
20,69,High,Medium,No,7,63,Yes,2,Low,Private,2,,Moderate,Female,64,no,Far North,Private car,88,Anglophone
16,89,Medium,Medium,Yes,9,74,No,1,Low,Public,3,High School,Far,Male,65,no,West,Taxi,159,Francophone
24,75,Low,Medium,No,5,98,Yes,1,Low,Public,3,High School,Near,Male,67,no,North West,Taxi,177,Bilingual
22,60,Medium,Medium,No,6,92,Yes,2,Low,Public,2,High School,Near,Male,63,no,North,Walk,93,Anglophone
25,60,Medium,Low,Yes,5,73,Yes,1,Medium,Public,2,High School,Near,Male,62,sometimes,Adamawa,Bus,194,Anglophone
24,78,Low,High,Yes,10,61,Yes,2,Medium,Public,4,College,Moderate,Female,69,no,North,Bike,137,Anglophone
26,80,Medium,Medium,Yes,7,94,Yes,1,Low,Private,2,Postgraduate,Moderate,Male,70,no,North,Private car,70,Francophone
17,61,Low,Medium,Yes,6,82,Yes,0,Medium,Public,4,Postgraduate,Near,Male,63,yes,North West,Bus,110,Francophone
28,87,Medium,Medium,Yes,7,70,Yes,2,Low,Public,2,Postgraduate,Near,Male,71,yes,East,Private car,105,Anglophone
21,72,Medium,Low,Yes,8,56,Yes,0,Low,Public,4,High School,Near,Male,63,no,East,Bus,88,Anglophone
32,82,Low,Medium,Yes,8,88,Yes,0,High,Public,2,College,Moderate,Male,71,yes,Adamawa,Bus,160,Bilingual
16,72,Medium,Medium,Yes,6,66,Yes,0,Low,Private,4,College,Near,Male,63,no,North,Taxi,174,Anglophone
30,67,Medium,High,Yes,6,80,Yes,0,Low,Public,4,,Moderate,Male,68,yes,North,Bike,51,Bilingual
21,76,Medium,Low,Yes,5,78,No,0,Low,Public,3,High School,Near,Male,65,no,East,Private car,119,Francophone
16,69,High,High,Yes,7,85,Yes,0,High,Private,3,High School,Near,Female,66,no,East,Bike,92,Bilingual
17,81,Low,Medium,Yes,9,77,Yes,3,Low,Public,4,College,Far,Male,66,no,North West,Private car,33,Francophone
18,68,High,High,No,6,82,Yes,0,Medium,Public,3,High School,Near,Male,66,yes,North West,Private car,132,Anglophone
23,80,Low,Low,Yes,8,54,Yes,0,Medium,Private,2,,Near,Female,65,no,South West,Bike,196,Bilingual
23,66,Medium,High,No,6,83,Yes,0,High,Public,2,High School,Near,Female,66,no,South West,Walk,171,Anglophone
17,87,Medium,Medium,Yes,5,60,Yes,4,Medium,Private,3,High School,Near,Female,67,yes,South West,Walk,176,Francophone
20,90,High,Medium,No,8,70,Yes,0,Medium,Private,3,High School,Moderate,Female,68,yes,North West,Private car,120,Francophone
33,64,Medium,Low,Yes,10,76,Yes,2,High,Private,3,High School,Near,Male,68,no,North West,Walk,196,Francophone
30,79,Low,Medium,No,8,84,Yes,3,Low,Private,3,College,Moderate,Female,69,no,South West,Private car,184,Anglophone
23,63,Medium,Low,Yes,6,87,Yes,1,Medium,Public,2,Postgraduate,Near,Male,64,no,North,Private car,119,Bilingual
20,84,Medium,Medium,No,6,85,Yes,0,Medium,Private,3,High School,Moderate,Male,67,sometimes,Adamawa,Bike,70,Bilingual
21,71,Medium,Medium,Yes,10,55,Yes,1,Medium,Public,4,High School,Moderate,Female,63,no,South West,Bike,58,Anglophone
24,81,Low,High,Yes,7,69,Yes,3,Low,Public,3,College,,Male,67,yes,South,Private car,31,Anglophone
14,81,Medium,High,Yes,6,64,No,2,High,Public,2,High School,Far,Female,64,no,East,Taxi,54,Francophone
18,97,Low,Medium,No,7,70,Yes,0,High,Public,2,High School,Near,Female,66,no,Littoral,Walk,98,Francophone
10,82,High,Medium,No,7,82,Yes,2,Low,Private,4,High School,Near,Male,65,sometimes,South West,Taxi,163,Bilingual
22,83,Medium,Medium,Yes,8,60,No,4,Medium,Public,2,Postgraduate,Moderate,Female,68,sometimes,Littoral,Bus,66,Francophone
24,76,Low,High,No,9,75,Yes,0,Low,Private,5,High School,Near,Male,66,sometimes,South West,Bike,35,Bilingual
17,98,High,High,No,9,94,Yes,0,High,Public,3,College,Near,Male,71,no,Littoral,Private car,162,Bilingual
29,91,Medium,High,Yes,7,87,No,2,Medium,Private,4,College,Near,Female,74,yes,Littoral,Private car,60,Francophone
13,71,Medium,High,No,7,86,Yes,2,Low,Public,3,Postgraduate,Near,Male,65,yes,East,Bus,157,Anglophone
11,94,Low,High,Yes,8,92,Yes,0,Medium,Public,4,High School,Near,Female,68,sometimes,Centre,Taxi,175,Francophone
21,77,Medium,High,Yes,6,70,No,2,High,Private,2,College,Near,Male,68,no,Adamawa,Bike,116,Anglophone
26,93,Medium,Medium,No,8,88,Yes,1,Medium,Public,4,College,Near,Male,72,yes,Adamawa,Private car,39,Anglophone
30,93,High,High,Yes,7,53,Yes,3,Low,Private,2,Postgraduate,Moderate,Female,74,sometimes,Littoral,Bus,154,Francophone
17,68,Low,High,No,8,53,Yes,0,Low,Public,2,College,Near,Male,61,yes,North,Walk,164,Francophone
26,88,Low,Low,No,10,67,Yes,0,Low,Private,3,High School,Far,Male,65,sometimes,Centre,Private car,110,Bilingual
20,72,High,Low,No,8,60,Yes,0,Low,Public,5,High School,Near,Male,63,no,North West,Walk,57,Anglophone
19,72,High,Medium,Yes,7,76,Yes,1,Medium,Public,2,High School,Moderate,Female,66,no,West,Bus,192,Bilingual
25,72,Low,High,Yes,6,59,Yes,2,Low,Public,3,High School,Near,Male,66,yes,North West,Taxi,191,Bilingual
24,89,High,Medium,Yes,7,99,Yes,2,Low,Private,4,High School,Near,Female,73,no,Littoral,Bus,180,Anglophone
11,69,Medium,Medium,No,5,93,Yes,0,Medium,Public,4,College,Near,Male,63,no,Littoral,Bike,144,Francophone
29,60,High,High,Yes,8,99,Yes,0,Medium,Public,4,High School,,Female,68,sometimes,Centre,Private car,24,Francophone
28,89,High,Low,Yes,4,90,Yes,3,Low,Public,2,Postgraduate,Moderate,Female,73,no,Centre,Bus,36,Anglophone
16,67,Low,High,Yes,8,98,Yes,0,High,Private,3,High School,Moderate,Male,63,yes,South West,Bike,90,Francophone
22,64,Medium,High,Yes,8,68,Yes,2,Medium,Public,4,High School,Near,Male,65,sometimes,East,Private car,57,Anglophone
23,70,Low,High,Yes,7,75,Yes,0,Low,Public,4,,Near,Female,66,sometimes,South,Walk,122,Anglophone
22,75,Low,Low,Yes,6,62,Yes,0,High,Public,3,Postgraduate,Near,Female,65,no,South West,Walk,97,Francophone
17,79,Low,High,Yes,7,82,Yes,0,Medium,Public,2,College,Near,Male,66,sometimes,Littoral,Taxi,131,Anglophone
16,62,High,Medium,No,4,89,Yes,3,Low,Public,3,College,Near,Female,65,sometimes,North,Bus,24,Francophone
20,99,Medium,Medium,No,8,75,Yes,2,Low,Private,2,Postgraduate,Far,Female,70,no,South,Bike,27,Bilingual
27,89,Medium,Medium,No,7,65,Yes,1,Medium,Public,3,High School,Near,Female,70,sometimes,South,Bike,36,Anglophone
23,73,High,Medium,Yes,9,75,Yes,0,High,Private,3,High School,Moderate,Female,68,sometimes,Littoral,Private car,156,Anglophone
18,73,Medium,High,No,8,53,No,1,Low,Public,3,Postgraduate,Moderate,Male,64,sometimes,West,Bus,126,Bilingual
25,78,Medium,Medium,No,7,86,Yes,1,Medium,Public,3,Postgraduate,Moderate,Female,68,yes,South,Bus,135,Anglophone
3,85,Low,High,No,8,73,Yes,2,Low,Private,3,High School,Near,Male,62,sometimes,North,Taxi,158,Anglophone
27,66,Medium,Medium,Yes,6,95,Yes,1,Medium,Public,3,College,Moderate,Male,68,yes,West,Taxi,127,Anglophone
10,68,Low,Medium,No,6,96,Yes,1,High,Public,3,College,Moderate,Male,61,sometimes,North,Bike,118,Anglophone
18,94,High,Medium,Yes,7,56,No,1,Low,Public,3,Postgraduate,Near,Male,69,yes,West,Bus,153,Anglophone
13,70,Medium,Medium,Yes,7,100,Yes,3,Low,Public,3,High School,Near,Male,65,no,Adamawa,Taxi,174,Anglophone
12,75,Medium,High,Yes,6,98,Yes,2,Low,Public,2,College,Far,Male,65,sometimes,Littoral,Private car,93,Francophone
27,95,Medium,High,No,7,81,Yes,3,Low,Public,2,High School,Moderate,Male,72,yes,Adamawa,Walk,34,Francophone
17,87,Medium,Medium,Yes,7,91,Yes,3,Low,Public,3,College,Near,Female,70,no,East,Bike,21,Francophone
22,74,Medium,High,Yes,10,51,No,1,Medium,Private,4,High School,Near,Male,65,yes,South,Bike,131,Anglophone
20,87,Medium,Medium,No,7,99,Yes,3,Low,Public,3,High School,Near,Male,69,yes,West,Bike,127,Francophone
23,61,High,Low,Yes,6,73,Yes,1,Medium,Public,3,College,Near,Male,65,sometimes,Adamawa,Bike,104,Francophone
20,89,Low,Medium,Yes,7,95,Yes,3,Low,Private,2,High School,Near,Male,69,no,South,Bike,188,Anglophone
12,79,Low,Medium,Yes,9,69,Yes,2,Low,Public,3,Postgraduate,Near,Male,65,yes,North West,Walk,191,Anglophone
26,93,Medium,High,Yes,9,89,Yes,0,Low,Public,3,College,Moderate,Male,72,sometimes,Littoral,Private car,131,Francophone
17,98,High,Low,Yes,10,71,Yes,0,Low,Private,3,Postgraduate,Moderate,Female,70,sometimes,South,Bike,93,Francophone
11,97,Medium,Medium,Yes,7,68,Yes,0,Low,Private,2,High School,Moderate,Female,64,yes,Adamawa,Bike,49,Anglophone
17,96,Medium,Low,No,8,97,Yes,0,Medium,Public,3,High School,Near,Female,67,yes,Far North,Private car,175,Bilingual
29,80,Medium,Low,No,5,85,Yes,0,High,Public,2,High School,Moderate,Male,69,no,East,Bike,94,Francophone
25,74,Low,Medium,Yes,6,92,Yes,4,Medium,Private,3,Postgraduate,Near,Male,70,no,North,Bike,146,Bilingual
18,79,Medium,Medium,Yes,5,77,Yes,1,Low,Public,3,High School,Near,Male,65,no,West,Walk,26,Anglophone
18,88,High,High,Yes,8,96,Yes,1,Low,Public,3,High School,Far,Female,69,sometimes,South West,Taxi,146,Bilingual
18,95,High,Medium,Yes,7,87,Yes,5,Medium,Public,2,College,Near,Male,74,yes,West,Walk,50,Francophone
32,68,Low,Medium,Yes,7,54,Yes,1,Low,Private,1,Postgraduate,Near,Male,66,no,Centre,Taxi,169,Francophone
22,97,Medium,Medium,Yes,6,88,Yes,1,Low,Private,4,College,Near,Male,72,sometimes,Littoral,Walk,176,Bilingual
23,93,Medium,Low,Yes,8,51,No,0,Low,Private,1,High School,,Male,67,yes,Centre,Bus,98,Anglophone
26,99,Low,High,Yes,4,91,Yes,2,High,Public,4,Postgraduate,Moderate,Female,75,yes,South West,Bike,161,Anglophone
21,95,Medium,Low,Yes,7,67,Yes,3,Medium,Public,2,College,Far,Female,70,sometimes,South,Walk,39,Bilingual
18,71,Low,Low,No,7,80,Yes,1,Medium,Public,4,Postgraduate,Moderate,Female,63,sometimes,Centre,Private car,153,Anglophone
19,64,Medium,Medium,No,4,87,Yes,2,Medium,Private,4,High School,Moderate,Male,65,yes,East,Private car,125,Bilingual
20,64,Medium,High,No,8,82,Yes,3,Medium,Public,3,High School,Moderate,Female,64,sometimes,Littoral,Taxi,188,Bilingual
20,72,Medium,High,No,7,84,Yes,2,Medium,Public,2,High School,Moderate,Female,65,yes,West,Bus,195,Anglophone
24,85,Medium,Medium,Yes,8,95,Yes,2,Medium,Public,4,High School,Near,Female,70,sometimes,Centre,Private car,141,Anglophone
20,92,Medium,Low,No,10,69,Yes,0,Low,Public,2,Postgraduate,Far,Male,67,sometimes,East,Private car,105,Francophone
24,96,Medium,Medium,Yes,7,77,No,0,Low,Public,2,High School,Near,Female,67,yes,South West,Walk,65,Anglophone
20,85,Medium,High,No,8,59,Yes,1,Medium,Public,3,Postgraduate,Far,Female,68,yes,North,Private car,35,Bilingual
20,60,Medium,Medium,No,9,73,Yes,4,Medium,Public,4,College,Near,Male,65,yes,Littoral,Bike,48,Francophone
8,67,High,Medium,Yes,8,58,Yes,2,Medium,Public,1,Postgraduate,Moderate,Female,61,yes,Centre,Bus,53,Anglophone
25,64,Medium,Low,Yes,6,82,Yes,2,Low,Public,3,High School,Moderate,Female,63,no,North West,Taxi,51,Anglophone
22,75,Medium,Low,Yes,5,66,Yes,2,Low,Public,2,High School,Far,Male,80,no,Far North,Private car,154,Francophone
26,80,Medium,Medium,Yes,8,93,Yes,2,Low,Public,1,Postgraduate,Moderate,Male,69,sometimes,South West,Private car,58,Bilingual
3,62,Medium,Low,No,6,67,Yes,1,Low,Public,3,High School,Near,Male,55,no,Centre,Walk,23,Anglophone
33,74,Medium,Medium,No,9,64,Yes,2,Medium,Private,4,Postgraduate,Near,Female,70,sometimes,West,Taxi,135,Anglophone
19,67,Medium,Medium,Yes,6,75,Yes,1,Low,Public,3,College,Near,Female,65,no,West,Bike,30,Anglophone
27,86,Low,Medium,Yes,7,59,Yes,1,Medium,Public,3,High School,Near,Male,68,sometimes,West,Taxi,159,Bilingual
14,79,Medium,Low,Yes,5,60,Yes,3,Low,Public,5,High School,Near,Male,64,sometimes,Far North,Bike,182,Francophone
24,80,Medium,Medium,No,6,89,Yes,1,Low,Public,3,College,Near,Male,69,no,Far North,Bus,98,Anglophone
14,77,Low,High,No,6,75,Yes,1,Medium,Public,4,High School,Near,Female,89,no,North,Bus,162,Anglophone
16,98,Medium,Low,Yes,6,60,Yes,1,Medium,Private,3,High School,Far,Male,67,sometimes,South,Bike,171,Bilingual
31,69,Medium,Medium,No,7,52,No,2,High,Public,5,College,Far,Male,92,yes,West,Private car,107,Anglophone
19,81,High,High,No,6,73,No,1,Low,Private,3,High School,Near,Female,67,sometimes,West,Bike,99,Anglophone
21,89,Low,Medium,Yes,10,87,Yes,3,Medium,Public,3,College,Near,Male,70,sometimes,North West,Private car,48,Anglophone
25,82,High,Low,No,8,68,Yes,1,Low,Public,3,College,Near,Male,68,sometimes,West,Bus,115,Bilingual
23,97,Medium,Low,Yes,9,62,Yes,0,Low,Private,2,Postgraduate,Near,Male,70,sometimes,East,Private car,158,Francophone
21,75,Medium,Medium,Yes,7,70,Yes,3,Medium,Public,4,Postgraduate,Near,Male,67,yes,Centre,Taxi,137,Francophone
22,79,Medium,Medium,Yes,7,98,Yes,0,High,Public,3,High School,Near,Male,69,yes,Adamawa,Taxi,43,Anglophone
34,64,Medium,Medium,No,6,71,Yes,0,Low,Private,4,High School,Near,Female,67,no,Centre,Taxi,36,Anglophone
20,84,High,High,Yes,10,63,Yes,0,Low,Private,4,High School,Near,Female,69,no,Centre,Private car,83,Bilingual
21,72,Medium,High,No,7,78,No,0,High,Public,1,High School,Near,Female,63,sometimes,North,Private car,153,Anglophone
26,66,Medium,Medium,No,6,91,Yes,3,Medium,Public,3,College,Near,Female,69,yes,North,Bike,177,Bilingual
27,82,Medium,High,No,6,51,Yes,1,Low,Public,3,High School,Moderate,Male,66,no,South,Private car,190,Bilingual
27,81,Medium,Medium,No,8,78,Yes,0,Medium,Public,3,High School,Moderate,Male,68,yes,North,Taxi,137,Anglophone
24,63,Medium,Medium,Yes,9,92,Yes,4,Medium,Private,4,Postgraduate,Near,Male,69,no,South,Taxi,166,Francophone
13,88,High,Low,Yes,9,61,Yes,4,Medium,Private,3,High School,Near,Female,66,yes,North,Private car,48,Anglophone
30,85,Medium,Medium,Yes,6,96,Yes,1,Medium,Private,4,High School,Near,Female,72,sometimes,North West,Taxi,144,Francophone
13,68,Low,Medium,Yes,6,79,Yes,1,High,Private,3,College,Near,Male,62,sometimes,North West,Private car,41,Anglophone
22,79,Medium,Medium,No,9,76,Yes,1,Low,Private,2,High School,Near,Male,67,yes,South,Bus,34,Bilingual
15,89,High,Low,No,10,98,Yes,0,Low,Private,2,College,Near,Male,67,no,North,Taxi,65,Francophone
20,81,High,High,Yes,7,56,No,1,Medium,Private,3,High School,Near,Male,67,yes,Far North,Bus,170,Anglophone
22,76,Medium,Low,No,9,87,Yes,2,Low,Public,3,College,Near,Female,65,no,North West,Private car,112,Anglophone
22,73,High,Low,No,5,91,Yes,1,Medium,Public,3,Postgraduate,Moderate,Male,67,yes,Centre,Private car,25,Bilingual
23,84,Low,Low,No,6,74,No,3,Low,Public,1,High School,Near,Female,66,sometimes,Centre,Bus,118,Francophone
30,98,Low,Low,Yes,5,50,Yes,0,Low,Public,2,College,Near,Male,70,yes,South West,Bike,72,Francophone
23,87,Low,High,No,8,76,Yes,2,High,Public,5,Postgraduate,Near,Female,71,no,North West,Taxi,52,Bilingual
19,63,Low,High,Yes,7,58,Yes,2,Low,Private,3,Postgraduate,Near,Female,64,yes,West,Bus,178,Francophone
26,78,Low,High,Yes,7,78,Yes,4,Medium,Private,4,High School,Moderate,Female,69,yes,Centre,Bike,199,Francophone
27,96,Medium,High,Yes,9,87,No,0,Medium,Public,2,College,Moderate,Male,72,sometimes,Adamawa,Bike,82,Bilingual
13,64,Medium,Low,Yes,6,77,Yes,0,Low,Public,4,High School,Near,Male,60,sometimes,North,Walk,194,Anglophone
24,100,Medium,Low,Yes,7,82,Yes,1,Medium,Private,3,High School,Moderate,Male,71,no,Centre,Taxi,99,Bilingual
24,98,Medium,Medium,Yes,5,55,Yes,0,Medium,Public,3,High School,Moderate,Male,71,yes,Far North,Taxi,91,Anglophone
18,63,High,High,No,9,55,Yes,2,High,Private,2,Postgraduate,Near,Female,66,no,Adamawa,Taxi,167,Anglophone
28,97,Medium,Medium,No,9,93,Yes,3,Medium,Public,3,High School,Near,Female,74,no,East,Walk,113,Anglophone
19,75,Medium,Medium,No,8,52,Yes,0,Low,Public,4,Postgraduate,Moderate,Male,64,sometimes,West,Private car,93,Francophone
21,94,Medium,Low,Yes,7,64,Yes,2,Medium,Private,2,High School,Near,Male,68,no,North West,Bike,91,Anglophone
19,77,High,Low,No,6,97,Yes,4,Low,Public,2,High School,Near,Male,66,no,East,Private car,97,Anglophone
20,78,Medium,Medium,No,5,73,Yes,1,Low,Public,3,College,Near,Female,65,no,North,Taxi,151,Anglophone
13,85,Low,High,Yes,7,84,No,0,Low,Public,5,High School,Moderate,Female,64,sometimes,South,Bike,191,Francophone
11,91,Medium,Low,No,8,61,Yes,1,High,Private,3,Postgraduate,Far,Male,65,yes,East,Bus,66,Bilingual
30,61,High,High,No,10,64,Yes,4,Medium,Public,2,Postgraduate,Moderate,Male,69,sometimes,Adamawa,Bike,99,Anglophone
15,84,Medium,High,Yes,6,75,Yes,2,Medium,Private,4,Postgraduate,,Female,68,sometimes,Littoral,Bike,94,Francophone
14,67,Medium,High,No,7,82,Yes,1,Medium,Public,3,High School,Far,Female,62,sometimes,South,Walk,88,Anglophone
7,74,Low,High,No,9,98,Yes,3,High,Public,2,High School,Moderate,Male,63,sometimes,South,Taxi,46,Francophone
16,74,High,Low,No,9,79,Yes,0,High,Public,4,Postgraduate,Moderate,Female,65,yes,East,Walk,77,Francophone
12,79,Low,High,No,6,55,Yes,1,Low,Private,4,College,Far,Female,62,sometimes,North West,Taxi,75,Francophone
30,73,Low,Medium,No,7,68,Yes,0,Low,Public,2,Postgraduate,Near,Male,67,yes,East,Bus,53,Bilingual
26,64,Low,High,No,6,62,Yes,1,Low,Private,5,High School,Moderate,Male,64,yes,South West,Bus,162,Bilingual
16,66,Medium,Low,No,6,63,Yes,2,Medium,Public,3,College,Moderate,Male,61,sometimes,South West,Bike,192,Bilingual
34,61,Low,Medium,No,9,75,Yes,1,Low,Public,2,College,Far,Male,65,yes,East,Private car,110,Francophone
26,79,High,Low,No,7,66,Yes,1,High,Public,5,High School,Moderate,Male,67,yes,West,Walk,185,Bilingual
18,98,High,Low,No,7,64,Yes,0,Medium,Public,4,Postgraduate,Moderate,Male,70,no,South West,Private car,71,Anglophone
5,65,Medium,High,Yes,7,98,Yes,1,Low,Private,3,High School,Far,Male,59,sometimes,Centre,Walk,65,Bilingual
34,98,Medium,High,No,7,79,Yes,1,Low,Private,4,College,Near,Male,75,sometimes,West,Private car,133,Bilingual
12,89,Low,Medium,Yes,7,63,Yes,4,Low,Public,2,College,Near,Male,67,no,Adamawa,Bike,57,Francophone
10,85,Medium,Medium,Yes,6,64,Yes,1,Medium,Public,3,College,Near,Male,64,sometimes,Littoral,Bike,145,Francophone
26,86,Medium,High,Yes,9,91,Yes,3,High,Public,3,High School,Near,Female,72,yes,South,Bike,29,Anglophone
35,93,Medium,Medium,Yes,6,94,Yes,5,Medium,Public,2,College,Near,Female,76,no,Centre,Taxi,72,Anglophone
28,64,Medium,High,Yes,6,84,Yes,2,Medium,Private,2,Postgraduate,Near,Male,69,sometimes,South,Private car,39,Bilingual
23,80,Low,Medium,No,7,72,Yes,0,Low,Public,5,High School,Near,Male,65,yes,Adamawa,Taxi,90,Bilingual
24,88,High,Medium,No,10,88,Yes,2,High,Public,1,Postgraduate,Far,Female,72,no,West,Bus,138,Bilingual
25,83,Medium,High,Yes,6,97,Yes,0,Low,Public,4,High School,Near,Male,69,sometimes,East,Private car,192,Bilingual
25,93,High,Medium,No,8,58,Yes,0,High,Private,4,High School,Moderate,Female,71,no,South West,Taxi,46,Bilingual
22,63,High,Medium,No,7,93,Yes,0,Medium,Private,2,High School,Far,Male,64,yes,Adamawa,Walk,21,Francophone
21,88,High,High,Yes,7,92,Yes,2,Medium,Public,3,Postgraduate,Near,Female,74,sometimes,North West,Taxi,51,Francophone
20,81,Medium,High,Yes,8,68,Yes,0,Medium,Public,3,College,Near,Male,68,yes,Far North,Bike,178,Anglophone
15,75,Medium,High,Yes,4,65,Yes,1,Low,Private,4,Postgraduate,Moderate,Female,66,sometimes,Littoral,Bike,45,Bilingual
18,74,Medium,Medium,No,6,78,Yes,0,High,Public,2,High School,Moderate,Female,65,yes,Littoral,Walk,40,Bilingual
10,85,High,Medium,Yes,8,64,Yes,2,High,Public,3,Postgraduate,Near,Female,67,no,Adamawa,Bus,29,Bilingual
19,96,Medium,Medium,No,7,57,Yes,0,Low,Public,3,High School,Near,Female,69,yes,Far North,Private car,63,Francophone
14,80,High,Low,Yes,7,98,Yes,2,Low,Private,2,High School,Near,Male,66,yes,Far North,Private car,107,Anglophone
13,93,Medium,High,Yes,8,75,Yes,1,Medium,Private,2,High School,Near,Male,69,sometimes,East,Taxi,62,Bilingual
21,76,Medium,Medium,Yes,6,74,Yes,2,Medium,Private,3,High School,Near,Male,67,sometimes,North,Taxi,49,Francophone
28,64,Medium,Medium,Yes,9,56,Yes,1,Low,Public,2,College,Near,Male,64,sometimes,North West,Taxi,124,Anglophone
26,62,High,High,No,8,75,Yes,2,Medium,Public,2,College,Moderate,Male,67,no,South West,Taxi,106,Anglophone
11,62,Low,High,Yes,7,87,No,3,Low,Public,3,High School,Far,Female,61,sometimes,West,Bike,184,Anglophone
14,75,Medium,Low,Yes,8,62,Yes,0,High,Public,2,High School,Moderate,Female,61,no,Littoral,Taxi,151,Anglophone
26,73,Medium,Medium,Yes,9,68,Yes,4,Medium,Public,2,High School,Far,Male,68,yes,Littoral,Bus,80,Bilingual
14,89,Low,High,No,6,59,Yes,2,Low,Public,5,Postgraduate,Moderate,Male,66,no,Adamawa,Private car,143,Anglophone
19,90,Medium,Medium,No,8,68,Yes,0,High,Public,4,High School,Moderate,Male,66,sometimes,North West,Private car,25,Francophone
23,62,Medium,High,No,10,93,Yes,2,Low,Public,4,College,Near,Female,68,no,South West,Private car,24,Francophone
14,69,Low,High,No,8,62,Yes,1,Medium,Private,2,High School,Near,Male,63,yes,Littoral,Taxi,38,Francophone
21,71,Medium,Medium,Yes,7,51,Yes,3,Medium,Private,3,Postgraduate,Moderate,Female,66,no,South,Private car,153,Francophone
12,82,High,Medium,Yes,10,77,Yes,0,Medium,Public,4,College,Far,Female,66,sometimes,North West,Private car,81,Anglophone
16,66,High,Medium,Yes,7,79,Yes,0,High,Private,3,College,Near,Female,66,yes,South,Bike,151,Francophone
22,65,Medium,Medium,Yes,9,66,Yes,2,Medium,Public,4,High School,Near,Male,65,sometimes,Far North,Bike,34,Anglophone
10,98,Medium,Medium,Yes,6,82,Yes,2,High,Public,2,College,Moderate,Male,69,sometimes,Adamawa,Bus,125,Anglophone
23,92,Medium,High,No,9,52,Yes,1,High,Private,2,High School,Near,Female,71,sometimes,Adamawa,Private car,63,Anglophone
20,67,High,High,No,6,67,Yes,1,Medium,Public,2,College,Near,Female,66,sometimes,South,Bike,112,Anglophone
23,76,Medium,Medium,Yes,7,57,Yes,1,Medium,Public,3,High School,Moderate,Female,66,yes,Littoral,Bus,145,Francophone
21,74,Medium,High,Yes,6,61,No,0,Low,Private,4,High School,Near,Male,65,no,South West,Bus,90,Francophone
28,92,Low,Medium,No,10,69,Yes,4,Low,Public,4,High School,Moderate,Female,71,sometimes,North,Bike,161,Bilingual
21,80,Medium,High,No,7,75,Yes,3,Medium,Private,2,High School,Far,Male,69,yes,South,Bike,59,Bilingual
17,65,Low,Low,Yes,5,55,Yes,2,Low,Public,3,High School,Near,Female,61,sometimes,Littoral,Private car,102,Francophone
21,90,High,Medium,Yes,7,55,Yes,1,Low,Public,4,High School,Near,Female,70,sometimes,Far North,Bike,182,Anglophone
23,76,Medium,Medium,No,8,84,Yes,2,High,Public,4,College,Near,Female,70,yes,Far North,Bike,179,Francophone
20,71,Medium,Medium,No,7,70,Yes,0,High,Public,4,High School,Near,Female,65,no,South West,Bike,92,Anglophone
20,75,Medium,Low,Yes,6,59,Yes,2,Medium,Public,1,Postgraduate,Moderate,Male,64,yes,South West,Bike,186,Anglophone
16,80,High,High,Yes,9,62,Yes,0,High,Public,4,Postgraduate,Near,Female,68,sometimes,Far North,Walk,28,Anglophone
16,74,Low,Medium,Yes,9,86,Yes,1,Low,Private,2,High School,Near,Female,63,sometimes,South,Bike,157,Francophone
12,70,Medium,High,No,5,53,Yes,2,Low,Private,3,College,Near,Male,63,sometimes,Adamawa,Bus,32,Francophone
30,76,Medium,Medium,Yes,6,75,Yes,3,High,Public,3,College,Near,Female,71,no,South West,Taxi,195,Anglophone
13,61,High,Low,No,7,68,No,1,Medium,Public,2,High School,Near,Male,58,sometimes,Far North,Bike,77,Bilingual
16,91,Medium,Medium,Yes,6,91,Yes,1,Medium,Public,2,High School,Moderate,Female,68,no,Far North,Private car,71,Bilingual
16,67,Medium,High,No,8,90,Yes,1,High,Public,4,High School,Near,Male,65,no,Adamawa,Walk,98,Anglophone
25,62,Medium,Medium,No,10,84,Yes,2,Low,Public,3,College,Near,Female,65,sometimes,Littoral,Walk,133,Anglophone
18,86,High,Low,Yes,6,69,Yes,2,Medium,Public,2,High School,Near,Male,68,no,North,Bus,84,Anglophone
27,91,Low,High,Yes,9,82,Yes,0,Low,Public,1,High School,Far,Male,69,sometimes,South,Walk,36,Bilingual
16,93,Medium,Medium,Yes,5,82,Yes,5,High,Public,1,High School,Near,Male,71,sometimes,North,Bike,21,Francophone
22,80,Low,Medium,No,8,67,Yes,2,Low,Private,2,Postgraduate,Moderate,Male,65,no,South West,Taxi,182,Bilingual
15,68,Low,Medium,Yes,6,94,Yes,0,Medium,Public,5,Postgraduate,Near,Female,64,no,South,Taxi,111,Francophone
33,89,Low,Medium,No,8,99,Yes,2,High,Private,4,College,Moderate,Male,75,no,Adamawa,Taxi,69,Bilingual
13,88,High,Medium,No,4,66,Yes,1,Low,Public,4,High School,Near,Female,67,no,South,Walk,142,Anglophone
22,70,Medium,High,Yes,5,90,Yes,1,Medium,Public,3,College,Far,Female,68,yes,North West,Taxi,58,Anglophone
24,96,High,High,No,8,75,Yes,1,Medium,Public,1,College,Moderate,Female,72,yes,Adamawa,Private car,163,Bilingual
22,64,Medium,Medium,No,6,73,Yes,3,Medium,Public,4,Postgraduate,Moderate,Female,67,yes,North West,Taxi,113,Bilingual
19,99,High,Medium,No,7,69,Yes,1,High,Public,3,High School,Near,Male,72,no,North,Bus,69,Anglophone
19,94,Medium,Low,Yes,10,65,Yes,1,Low,Public,3,Postgraduate,Moderate,Male,69,sometimes,North West,Walk,96,Francophone
20,88,Low,Low,No,7,96,Yes,0,High,Public,3,Postgraduate,Moderate,Male,68,no,Far North,Taxi,121,Francophone
19,98,Medium,Medium,Yes,8,87,Yes,0,Medium,Private,6,High School,Near,Male,70,yes,North,Walk,196,Anglophone
26,89,Medium,Medium,No,6,72,Yes,1,Low,Public,3,College,Near,Female,69,sometimes,South West,Taxi,100,Anglophone
33,68,Medium,Low,Yes,5,88,Yes,2,Low,Public,1,College,Moderate,Male,67,yes,Littoral,Bike,187,Francophone
17,78,Medium,Medium,No,7,86,No,0,Low,Public,3,College,Near,Female,63,yes,Adamawa,Private car,67,Anglophone
12,63,Medium,High,No,5,63,Yes,4,Low,Private,2,High School,Moderate,Male,61,sometimes,Centre,Walk,94,Bilingual
19,76,Medium,High,Yes,6,59,Yes,1,Medium,Public,3,High School,Near,Female,66,no,Centre,Bus,116,Bilingual
35,90,High,Medium,Yes,7,92,No,0,Low,Private,4,High School,Near,Male,73,no,South West,Private car,82,Bilingual
15,75,Medium,High,Yes,7,91,Yes,0,Medium,Public,3,College,Moderate,Male,67,yes,North,Private car,162,Anglophone
30,73,High,Medium,Yes,8,100,Yes,2,High,Public,2,High School,Near,Female,72,yes,Far North,Taxi,106,Bilingual
30,84,High,Medium,No,8,51,Yes,1,Low,Public,4,Postgraduate,Far,Male,69,sometimes,North West,Bus,55,Anglophone
17,95,Low,High,No,5,77,Yes,2,Medium,Public,4,High School,Moderate,Female,69,no,South,Bus,27,Anglophone
23,62,Low,High,Yes,6,85,Yes,1,Low,Public,3,College,Moderate,Male,63,sometimes,Far North,Bus,168,Bilingual
30,75,Medium,Medium,Yes,4,79,Yes,0,Medium,Public,4,High School,Moderate,Male,67,sometimes,West,Bus,31,Bilingual
18,66,Medium,Medium,No,6,86,Yes,0,High,Public,2,High School,Moderate,Female,63,sometimes,North,Taxi,23,Francophone
19,88,Medium,High,Yes,8,57,No,1,Medium,Private,4,College,Near,Male,66,sometimes,Adamawa,Walk,132,Francophone
17,64,Medium,Medium,No,9,50,Yes,2,Low,Public,4,High School,Moderate,Female,62,yes,South West,Bus,131,Francophone
14,87,Medium,Medium,Yes,7,55,Yes,2,Low,Private,4,Postgraduate,Near,Male,68,sometimes,Far North,Private car,57,Anglophone
16,71,Medium,High,No,9,69,Yes,1,Low,Public,4,Postgraduate,Near,Female,65,no,North West,Private car,32,Bilingual
13,68,Low,Low,Yes,8,66,Yes,0,Medium,Public,4,College,Near,Male,59,no,Far North,Taxi,184,Francophone
20,97,High,Medium,Yes,7,94,Yes,1,Medium,Public,1,College,Moderate,Male,72,yes,South West,Walk,93,Francophone
15,61,Medium,High,Yes,6,54,Yes,0,High,Private,2,Postgraduate,Near,Male,63,yes,Littoral,Bus,150,Anglophone
21,78,Medium,Medium,No,4,72,Yes,1,Medium,Public,4,Postgraduate,Near,Male,68,sometimes,Adamawa,Private car,147,Bilingual
11,61,Medium,Medium,Yes,9,98,Yes,0,Medium,Public,2,High School,Moderate,Male,61,sometimes,Centre,Walk,94,Bilingual
22,79,Low,Medium,No,7,75,Yes,1,Low,Private,3,High School,Near,Female,65,sometimes,South West,Bike,38,Bilingual
25,80,Medium,Medium,Yes,9,57,Yes,2,Low,Public,3,High School,Moderate,Female,68,no,North West,Bus,145,Anglophone
8,73,Low,Medium,Yes,6,65,Yes,1,Low,Public,4,College,Moderate,Male,61,yes,Adamawa,Bus,36,Bilingual
22,65,Low,Low,Yes,10,81,Yes,1,Low,Private,3,Postgraduate,Near,Male,63,sometimes,South,Walk,108,Francophone
27,75,Medium,Medium,Yes,7,51,Yes,1,Medium,Public,2,Postgraduate,Near,Male,67,yes,Adamawa,Taxi,39,Bilingual
13,87,Low,Medium,Yes,6,98,Yes,0,High,Public,3,Postgraduate,Moderate,Male,66,no,Far North,Walk,83,Francophone
30,91,Medium,Medium,Yes,7,78,Yes,3,Medium,Private,2,Postgraduate,Near,Male,75,no,East,Taxi,61,Bilingual
23,81,Medium,Medium,No,7,85,Yes,0,Medium,Public,4,High School,Near,Male,68,yes,South West,Private car,37,Bilingual
16,84,Low,Medium,No,7,75,Yes,2,Medium,Public,3,High School,Near,Female,65,yes,South West,Bus,75,Anglophone
20,68,Low,Medium,No,6,98,Yes,0,Low,Public,4,High School,Near,Female,64,yes,North West,Private car,128,Anglophone
23,71,High,Medium,Yes,4,79,No,2,Low,Public,3,,Near,Male,67,yes,Centre,Bus,29,Bilingual
20,66,Low,Medium,Yes,6,83,Yes,2,Low,Private,3,College,Near,Male,64,sometimes,North West,Bike,53,Bilingual
23,70,Medium,High,Yes,9,93,Yes,0,Low,Public,2,Postgraduate,Moderate,Female,67,sometimes,East,Bus,186,Anglophone
14,69,Medium,High,Yes,6,93,No,2,Low,Private,0,High School,Near,Male,63,sometimes,North West,Private car,55,Anglophone
21,81,High,Medium,Yes,4,51,Yes,0,Medium,Private,2,College,Moderate,Female,67,yes,South,Bus,81,Anglophone
12,83,High,Low,Yes,5,64,Yes,1,High,Private,2,Postgraduate,Near,Female,65,sometimes,South West,Walk,168,Bilingual
19,98,High,Low,Yes,7,62,Yes,1,Low,Public,2,High School,Near,Female,70,sometimes,West,Private car,91,Bilingual
15,68,Medium,Medium,Yes,6,50,Yes,2,High,Public,3,High School,Moderate,Male,62,sometimes,West,Walk,152,Bilingual
16,86,High,Medium,Yes,7,94,Yes,2,Low,Public,3,High School,Moderate,Female,69,yes,East,Taxi,28,Francophone
27,93,Medium,Low,Yes,6,66,Yes,2,Medium,Public,3,College,Moderate,Female,70,no,North West,Bus,126,Bilingual
27,82,Medium,Medium,Yes,9,67,Yes,1,Low,Private,2,High School,Moderate,Male,68,yes,South,Bus,175,Anglophone
24,70,Medium,High,No,8,55,Yes,4,Low,Public,4,Postgraduate,Moderate,Female,68,no,Far North,Taxi,59,Francophone
13,71,Medium,Medium,Yes,10,99,Yes,0,Low,Public,3,Postgraduate,Near,Male,64,no,South,Taxi,67,Bilingual
18,62,Low,High,Yes,6,91,No,4,Low,Private,1,High School,Moderate,Male,63,no,Littoral,Walk,84,Anglophone
27,72,Low,Low,Yes,7,79,Yes,2,High,Public,2,Postgraduate,Moderate,Female,68,no,Adamawa,Private car,65,Bilingual
21,90,High,Low,Yes,9,89,Yes,1,Low,Public,2,High School,Far,Female,67,yes,Littoral,Walk,165,Anglophone
34,62,High,Low,No,8,89,Yes,3,Low,Private,4,College,Moderate,Female,68,no,Centre,Bus,92,Anglophone
22,69,Medium,High,Yes,6,83,Yes,1,Low,Public,2,College,Moderate,Female,66,yes,North,Bus,114,Bilingual
21,88,Medium,Medium,Yes,8,59,No,2,Medium,Private,1,Postgraduate,Near,Male,67,no,Centre,Walk,45,Francophone
18,91,High,Medium,No,8,86,Yes,1,Medium,Public,4,High School,Moderate,Male,69,sometimes,Centre,Taxi,188,Francophone
21,78,High,Medium,Yes,4,78,Yes,2,High,Private,3,,Far,Male,68,no,North,Walk,193,Francophone
19,88,Medium,High,No,6,86,Yes,4,Medium,Public,3,College,Moderate,Male,70,yes,Adamawa,Bus,161,Francophone
24,76,Medium,Medium,No,7,77,Yes,3,Medium,Private,4,Postgraduate,Moderate,Female,68,sometimes,Centre,Bus,110,Francophone
26,66,Low,Medium,Yes,9,98,Yes,2,Low,Public,2,College,Near,Male,66,sometimes,West,Walk,81,Francophone
15,76,Medium,High,Yes,8,81,Yes,2,Low,Private,4,Postgraduate,Moderate,Female,67,sometimes,East,Bike,88,Bilingual
12,83,Medium,Medium,No,6,79,Yes,1,High,Public,4,High School,Moderate,Female,65,sometimes,Far North,Bus,158,Francophone
9,98,Medium,Medium,No,6,92,Yes,0,Medium,Public,5,High School,Moderate,Male,67,yes,West,Bike,115,Anglophone
23,63,Medium,Medium,No,8,69,Yes,2,Medium,Public,4,High School,Near,Male,63,no,North,Private car,22,Anglophone
13,80,Low,High,Yes,4,66,Yes,2,Low,Public,2,High School,Moderate,Female,64,sometimes,North West,Bus,96,Anglophone
7,73,High,Medium,Yes,6,75,Yes,3,Low,Public,3,College,Near,Female,64,sometimes,Far North,Bus,151,Bilingual
22,80,Low,Low,No,9,79,Yes,0,Medium,Private,3,College,Moderate,Female,66,yes,North West,Taxi,118,Anglophone
35,61,Medium,High,Yes,7,61,Yes,2,Medium,Private,4,High School,Near,Male,68,sometimes,South,Taxi,66,Francophone
20,73,High,Medium,Yes,6,84,Yes,0,Medium,Public,3,High School,Moderate,Male,67,yes,Adamawa,Walk,117,Bilingual
25,93,Medium,High,No,5,90,Yes,1,Medium,Public,2,College,Near,Male,72,sometimes,Adamawa,Bus,76,Bilingual
20,82,Medium,Medium,Yes,8,79,Yes,1,Low,Public,4,High School,Near,Male,67,sometimes,North West,Bus,194,Anglophone
19,78,Medium,Medium,No,7,76,Yes,2,Medium,Public,3,College,Moderate,Female,66,yes,Centre,Walk,94,Anglophone
26,71,High,Low,No,7,65,Yes,1,Low,Public,3,College,Near,Female,66,yes,East,Walk,47,Anglophone
18,72,High,High,Yes,8,95,Yes,1,Medium,Public,4,High School,Moderate,Male,67,sometimes,Centre,Bike,161,Anglophone
22,75,Medium,Medium,No,7,88,Yes,0,Low,Private,3,Postgraduate,Far,Male,65,sometimes,Far North,Walk,29,Francophone
22,93,High,Medium,No,7,74,Yes,2,Medium,Public,3,College,Far,Male,70,sometimes,Adamawa,Bike,20,Bilingual
16,99,Low,Medium,Yes,5,83,Yes,0,Low,Private,4,Postgraduate,Near,Female,69,no,Adamawa,Walk,33,Francophone
26,78,High,High,Yes,5,67,Yes,1,High,Private,3,High School,Moderate,Male,69,yes,Centre,Bike,157,Bilingual
19,76,High,Medium,Yes,8,53,Yes,1,Medium,Public,4,College,Near,Female,66,yes,East,Bike,104,Francophone
15,94,Medium,Low,No,8,60,Yes,2,Medium,Public,4,High School,Far,Male,66,no,Littoral,Taxi,29,Francophone
23,77,High,High,Yes,8,54,Yes,1,Low,Public,3,College,Moderate,Female,67,no,Far North,Walk,28,Bilingual
15,82,Medium,High,Yes,6,75,Yes,1,Medium,Public,3,High School,Near,Male,67,yes,Littoral,Bike,35,Anglophone
20,69,Medium,Medium,Yes,8,81,Yes,2,Medium,Public,4,High School,Near,Male,67,no,North West,Bus,68,Francophone
20,90,High,High,Yes,6,69,Yes,2,High,Public,3,High School,Near,Female,72,sometimes,Far North,Bus,126,Anglophone
27,81,Medium,Low,Yes,9,77,Yes,1,Medium,Public,4,College,Moderate,Female,68,yes,South,Walk,110,Francophone
23,92,Medium,Low,Yes,6,54,Yes,3,Medium,Public,2,Postgraduate,Near,Male,70,yes,Centre,Taxi,197,Francophone
20,91,Medium,Medium,Yes,6,88,Yes,1,Low,Public,4,High School,Moderate,Male,69,sometimes,Littoral,Bike,196,Anglophone
25,69,High,Low,Yes,7,52,Yes,1,Low,Public,4,High School,Moderate,Male,65,yes,East,Bus,139,Francophone
28,89,High,High,No,8,82,Yes,0,Medium,Public,3,Postgraduate,Far,Male,72,sometimes,South,Private car,86,Francophone
23,92,Medium,High,No,7,72,Yes,0,Low,Public,4,College,Far,Female,69,no,South,Bike,139,Francophone
20,74,Medium,Medium,Yes,7,59,Yes,5,High,Public,4,High School,Near,Female,68,no,South,Taxi,67,Bilingual
12,67,High,High,No,6,76,Yes,1,Low,Public,2,High School,Moderate,Male,62,yes,South,Walk,121,Francophone
14,60,Medium,Low,Yes,7,89,Yes,2,Medium,Public,3,High School,Moderate,Male,60,sometimes,South,Bike,88,Francophone
18,78,High,Medium,Yes,7,71,Yes,3,Medium,Public,4,High School,Moderate,Male,67,sometimes,South West,Bike,146,Francophone
16,74,High,High,Yes,6,68,Yes,2,Medium,Public,4,College,Near,Male,67,yes,North,Private car,23,Bilingual
19,82,Medium,High,Yes,7,57,Yes,1,Medium,Public,3,High School,Near,Male,67,sometimes,West,Private car,180,Bilingual
20,68,Medium,Medium,Yes,7,80,Yes,0,Low,Private,4,High School,Near,Female,63,no,Far North,Walk,134,Anglophone
23,94,Medium,Low,Yes,10,91,Yes,1,Medium,Public,3,High School,Near,Male,71,sometimes,East,Bike,152,Bilingual
20,70,Medium,Medium,Yes,6,78,Yes,0,Medium,Private,2,College,Near,Female,66,yes,North,Walk,76,Bilingual
23,69,Medium,Medium,Yes,6,58,Yes,0,Medium,Public,1,Postgraduate,Near,Female,65,yes,Far North,Taxi,192,Anglophone
20,79,High,Medium,Yes,7,83,Yes,2,Medium,Public,2,High School,Moderate,Female,69,yes,South,Walk,177,Anglophone
8,80,High,Low,No,6,52,Yes,2,Medium,Public,1,High School,Near,Female,63,no,South,Bus,194,Bilingual
14,69,Medium,Medium,Yes,5,92,Yes,3,Low,Public,2,Postgraduate,Moderate,Female,64,sometimes,Far North,Bus,163,Anglophone
19,71,High,High,No,5,96,Yes,2,Low,Private,0,College,Near,Female,67,no,Far North,Bike,27,Francophone
13,67,Medium,Medium,Yes,6,80,Yes,1,Low,Public,2,High School,Moderate,Male,62,sometimes,South,Bike,152,Anglophone
24,89,Medium,Low,Yes,6,94,Yes,2,Medium,Public,2,High School,Far,Male,68,no,Adamawa,Bus,177,Francophone
29,91,Medium,High,No,5,54,Yes,2,Low,Public,3,Postgraduate,Moderate,Male,71,yes,Adamawa,Bus,107,Anglophone
27,78,High,Medium,No,7,61,No,1,Low,Public,3,High School,Moderate,Female,66,sometimes,Adamawa,Bike,121,Francophone
19,89,Medium,High,Yes,4,66,Yes,1,Low,Public,1,Postgraduate,Near,Female,69,sometimes,East,Bus,183,Bilingual
29,89,Medium,Low,Yes,8,89,Yes,1,Medium,Private,4,High School,Moderate,Male,71,no,West,Bike,106,Anglophone
21,66,Medium,Medium,Yes,6,74,Yes,2,Medium,Private,4,High School,Near,Female,66,sometimes,North West,Taxi,186,Bilingual
18,99,Medium,Medium,No,6,67,Yes,5,Low,Public,3,Postgraduate,Near,Female,72,no,Centre,Taxi,186,Anglophone
16,93,Medium,Medium,Yes,8,58,Yes,1,High,Public,4,College,Near,Female,70,no,South West,Bus,112,Bilingual
18,68,Low,Medium,No,8,91,Yes,1,Low,Private,3,Postgraduate,Near,Female,65,yes,South West,Taxi,25,Bilingual
18,67,High,Medium,No,6,51,Yes,0,Medium,Public,2,College,Near,Female,64,no,Centre,Private car,56,Francophone
21,65,Medium,Medium,Yes,8,67,Yes,1,Low,Public,2,College,Moderate,Male,63,no,Littoral,Bike,180,Francophone
21,66,Medium,Medium,No,9,62,No,3,Medium,Private,2,High School,Near,Male,63,yes,South,Bus,54,Francophone
20,90,Low,Medium,No,5,56,No,3,Medium,Public,2,High School,Moderate,Male,66,yes,North,Bus,109,Anglophone
23,79,High,High,Yes,8,59,Yes,1,Low,Public,4,College,Moderate,Male,68,no,Far North,Private car,147,Anglophone
27,91,Medium,High,Yes,5,75,Yes,1,High,Public,4,College,Near,Male,74,no,East,Walk,124,Anglophone
26,90,High,High,No,9,71,Yes,0,High,Private,2,College,Near,Female,71,no,South,Bus,129,Bilingual
11,84,High,Medium,Yes,6,76,Yes,3,Low,Public,3,High School,Moderate,Female,67,yes,Littoral,Bike,78,Anglophone
5,87,High,Low,No,6,86,Yes,2,Medium,Public,3,Postgraduate,Near,Female,66,yes,Far North,Private car,92,Francophone
26,61,High,Medium,Yes,9,95,Yes,0,Medium,Private,6,College,Near,Male,67,no,South,Taxi,181,Anglophone
12,72,Low,High,Yes,8,56,Yes,3,Low,Public,1,High School,Moderate,Male,62,sometimes,South West,Walk,148,Francophone
19,86,Medium,Low,No,6,54,Yes,1,High,Private,5,Postgraduate,Near,Male,68,sometimes,South West,Bike,121,Anglophone
13,60,Medium,Medium,Yes,7,66,Yes,2,Low,Public,3,Postgraduate,Near,Male,62,yes,South West,Walk,97,Bilingual
9,61,High,Medium,Yes,6,77,No,1,High,Private,2,High School,Near,Male,82,sometimes,Far North,Bus,113,Francophone
23,94,High,Medium,No,5,55,Yes,2,Medium,Public,2,High School,Near,Male,70,no,South West,Bus,122,Bilingual
25,87,High,Medium,No,7,86,Yes,4,Medium,Private,2,College,Near,Male,72,no,Adamawa,Bike,188,Bilingual
17,71,Low,High,Yes,6,78,Yes,0,Medium,Public,4,College,Near,Female,64,yes,West,Taxi,47,Bilingual
4,88,Medium,High,No,6,87,Yes,1,Medium,Public,4,College,Near,Male,66,yes,South West,Walk,126,Anglophone
17,92,Medium,Medium,Yes,9,68,Yes,0,Medium,Private,3,College,Near,Female,68,no,North West,Bike,143,Anglophone
22,72,Low,Medium,No,6,70,Yes,1,High,Public,3,Postgraduate,Far,Male,64,no,Centre,Bike,74,Bilingual
11,61,Low,Medium,Yes,7,90,Yes,0,Medium,Public,3,High School,Near,Female,61,sometimes,Centre,Taxi,118,Anglophone
21,97,Medium,Medium,Yes,9,63,Yes,0,Medium,Public,1,High School,Moderate,Male,69,sometimes,South,Bus,126,Francophone
20,74,High,High,No,7,69,Yes,2,High,Private,2,College,Near,Male,68,no,Adamawa,Private car,45,Francophone
23,64,Medium,Medium,No,6,51,Yes,1,Medium,Public,5,College,Near,Male,64,no,North,Private car,128,Francophone
21,80,Medium,High,No,7,78,Yes,1,Low,Private,4,High School,Moderate,Female,67,yes,North,Bike,41,Anglophone
14,91,Medium,Medium,Yes,8,93,Yes,0,Medium,Public,3,High School,Moderate,Male,67,yes,East,Bike,193,Francophone
27,69,Medium,Medium,No,8,51,Yes,1,High,Public,2,High School,Near,Male,65,no,South West,Private car,55,Bilingual
19,71,High,Medium,Yes,10,81,Yes,2,Medium,Public,3,High School,Near,Female,68,yes,South,Bike,112,Francophone
20,70,Medium,High,Yes,6,92,Yes,2,Medium,Public,3,High School,Near,Male,67,no,West,Taxi,26,Anglophone
14,100,Low,Medium,No,7,75,Yes,1,Low,Public,3,Postgraduate,Moderate,Male,67,no,Centre,Walk,161,Anglophone
17,68,Medium,High,Yes,5,66,Yes,1,High,Public,4,High School,Near,Male,64,yes,South,Bike,51,Francophone
15,83,High,High,Yes,8,100,Yes,0,Medium,Public,3,College,Near,Female,70,sometimes,North,Bus,101,Francophone
19,97,Medium,High,No,7,53,Yes,2,Low,Private,3,College,Moderate,Male,69,yes,South,Bus,105,Bilingual
30,66,Medium,High,No,7,61,Yes,0,High,Private,2,High School,Far,Male,66,sometimes,West,Private car,181,Anglophone
12,99,Low,Medium,No,6,94,Yes,2,Medium,Public,3,Postgraduate,Moderate,Male,69,yes,South,Private car,89,Francophone
10,98,Low,Medium,Yes,6,65,Yes,1,Low,Private,2,High School,Near,Male,66,sometimes,North West,Bus,99,Francophone
29,95,High,Medium,Yes,7,91,Yes,1,Low,Public,3,High School,Moderate,Female,73,no,South,Bike,180,Bilingual
19,69,Medium,Medium,Yes,6,67,No,4,High,Private,4,Postgraduate,Moderate,Male,66,sometimes,West,Walk,33,Bilingual
16,85,Medium,High,Yes,7,91,Yes,0,Medium,Public,2,Postgraduate,Moderate,Male,69,no,Littoral,Bike,66,Bilingual
26,90,Medium,Low,Yes,7,84,Yes,1,Medium,Public,3,High School,Moderate,Male,70,sometimes,Centre,Taxi,191,Anglophone
16,99,High,Medium,Yes,5,73,Yes,1,Medium,Private,5,College,Far,Male,71,no,East,Walk,25,Francophone
31,67,Low,High,Yes,5,76,Yes,2,Medium,Public,4,College,Near,Male,70,yes,Littoral,Walk,199,Francophone
24,91,High,Low,Yes,6,59,Yes,0,Low,Private,4,High School,Near,Male,69,sometimes,Centre,Private car,172,Bilingual
17,74,Medium,Medium,No,9,56,Yes,1,Medium,Private,3,High School,Moderate,Male,63,sometimes,Far North,Taxi,186,Francophone
33,67,High,Medium,Yes,6,86,Yes,4,Medium,Public,3,High School,Near,Female,71,no,North,Bus,106,Bilingual
16,77,High,High,No,7,92,Yes,2,Medium,Public,2,College,Near,Male,67,sometimes,South West,Bus,133,Francophone
24,92,Medium,Medium,Yes,5,86,Yes,3,Medium,Public,2,High School,Near,Female,73,no,Littoral,Bike,125,Anglophone
22,79,Low,High,Yes,6,96,Yes,1,High,Public,2,College,Moderate,Male,68,yes,Centre,Walk,100,Anglophone
28,82,Low,Medium,Yes,5,95,Yes,0,High,Public,3,High School,Near,Male,69,no,South West,Taxi,139,Bilingual
29,100,High,High,Yes,8,89,Yes,2,Medium,Private,3,High School,Moderate,Female,76,sometimes,Adamawa,Private car,114,Francophone
20,76,Low,Medium,Yes,5,95,Yes,4,Low,Public,3,High School,Near,Male,68,no,North,Walk,143,Francophone
15,85,Medium,Medium,No,8,58,Yes,1,Low,Private,3,College,Near,Male,65,yes,Adamawa,Taxi,142,Anglophone
23,75,Medium,Medium,Yes,8,87,Yes,0,High,Public,1,High School,Near,Female,66,sometimes,West,Walk,87,Anglophone
16,76,Medium,Low,No,7,88,Yes,0,Low,Public,2,Postgraduate,Near,Male,65,no,West,Bike,172,Anglophone
32,88,Low,Medium,No,8,58,Yes,3,Low,Private,3,High School,Moderate,Male,69,no,East,Private car,30,Francophone
21,98,High,Medium,Yes,10,95,Yes,0,Medium,Public,1,High School,,Male,71,yes,North,Bus,44,Anglophone
18,82,High,Low,Yes,8,50,Yes,1,High,Public,3,High School,Moderate,Male,66,sometimes,Adamawa,Taxi,52,Anglophone
21,91,Medium,High,No,5,72,Yes,3,Low,Public,3,High School,Near,Female,69,no,South West,Bike,136,Anglophone
12,64,Medium,Medium,No,9,51,No,2,Low,Public,4,College,Near,Male,59,sometimes,Centre,Walk,88,Francophone
14,68,Medium,High,No,7,76,Yes,2,High,Public,3,High School,Near,Male,65,no,South,Bus,63,Francophone
27,80,High,High,No,10,71,Yes,4,Low,Public,2,College,Near,Male,72,sometimes,South,Bus,171,Bilingual
16,61,Medium,Low,Yes,6,81,Yes,0,Medium,Public,2,College,,Male,60,sometimes,East,Bike,195,Francophone
14,70,Medium,Medium,Yes,9,88,Yes,0,High,Private,4,College,Moderate,Female,64,no,North West,Private car,92,Francophone
23,81,Medium,Medium,No,7,88,Yes,1,Low,Public,4,Postgraduate,Near,Male,69,yes,Adamawa,Taxi,174,Anglophone
27,61,High,High,Yes,10,86,Yes,3,Medium,Private,3,High School,Near,Female,70,no,North,Taxi,95,Anglophone
24,71,Medium,High,Yes,7,55,Yes,2,High,Public,3,College,Far,Male,67,no,West,Taxi,104,Anglophone
26,81,Medium,Medium,No,10,71,Yes,0,Medium,Private,5,High School,Near,Female,67,yes,Centre,Private car,89,Anglophone
15,83,Medium,Low,Yes,8,91,Yes,0,Low,Private,3,College,Far,Male,64,yes,North West,Taxi,48,Anglophone
11,97,Medium,Medium,Yes,8,83,Yes,4,Medium,Private,2,High School,Far,Male,68,no,Adamawa,Walk,33,Anglophone
29,86,Medium,High,No,10,84,Yes,1,Low,Private,4,High School,Near,Female,72,yes,South,Taxi,124,Anglophone
18,77,Medium,High,Yes,6,61,Yes,1,Low,Private,3,High School,Near,Female,65,no,Far North,Private car,84,Francophone
18,97,Medium,High,No,8,66,Yes,2,Medium,Public,2,College,Moderate,Male,70,no,South,Taxi,93,Anglophone
28,91,High,Medium,No,7,98,Yes,2,Low,Private,5,Postgraduate,Near,Male,75,sometimes,South,Walk,182,Francophone
23,68,Low,Low,Yes,7,92,No,3,Low,Private,4,High School,Near,Male,65,sometimes,Far North,Private car,52,Bilingual
23,65,Medium,High,Yes,7,58,Yes,1,Low,Public,3,College,Moderate,Female,63,yes,Centre,Taxi,123,Francophone
33,87,Medium,High,No,8,77,Yes,0,Low,Private,3,High School,Near,Male,71,no,West,Walk,152,Francophone
16,82,Medium,Low,Yes,8,75,Yes,2,Medium,Public,2,College,Near,Female,66,yes,West,Bike,28,Anglophone
26,92,Medium,Low,Yes,6,72,Yes,1,Low,Private,3,High School,Moderate,Female,69,no,Adamawa,Bike,127,Bilingual
20,90,High,Medium,No,7,74,No,0,High,Private,3,Postgraduate,Moderate,Female,68,yes,North West,Taxi,199,Francophone
22,85,Medium,High,No,4,82,Yes,1,Medium,Public,2,Postgraduate,Near,Male,71,yes,Adamawa,Bike,150,Francophone
29,99,High,Medium,Yes,8,98,No,5,Low,Public,2,Postgraduate,Near,Male,77,no,Far North,Walk,188,Bilingual
23,81,High,Low,Yes,10,94,Yes,1,Medium,Public,2,College,Near,Female,70,no,Littoral,Bus,33,Bilingual
23,65,Medium,Medium,No,7,94,Yes,1,High,Public,3,College,Near,Female,66,no,Adamawa,Taxi,104,Francophone
26,93,High,Medium,No,5,85,Yes,1,High,Public,3,College,Moderate,Female,73,sometimes,East,Walk,56,Francophone
18,70,Medium,Medium,Yes,8,51,Yes,1,Low,Private,3,College,Moderate,Male,62,sometimes,West,Bus,63,Anglophone
15,91,Medium,Medium,No,6,72,Yes,0,Medium,Public,2,High School,Moderate,Female,65,yes,West,Bike,148,Francophone
14,98,High,High,Yes,7,76,Yes,0,Low,Public,2,Postgraduate,Near,Male,71,yes,South West,Bus,196,Francophone
8,88,Medium,Medium,Yes,8,92,Yes,1,Low,Public,4,College,Near,Male,66,yes,East,Bike,192,Francophone
32,84,Low,Medium,Yes,8,96,Yes,1,Low,Public,3,High School,Near,Female,72,yes,North West,Bus,183,Anglophone
13,78,Medium,Medium,Yes,9,73,Yes,0,Medium,Private,4,High School,Near,Male,64,sometimes,South West,Bike,71,Anglophone
19,75,Medium,Medium,No,7,65,Yes,0,Low,Private,4,High School,Near,Female,63,no,Centre,Bus,48,Bilingual
18,74,Low,Medium,Yes,7,67,Yes,0,Low,Public,3,High School,Near,Male,63,sometimes,West,Walk,84,Francophone
22,85,High,Medium,No,8,79,Yes,5,Medium,Public,2,High School,Near,Female,72,sometimes,Centre,Walk,171,Bilingual
25,90,Medium,Medium,Yes,7,64,Yes,2,Medium,Public,2,High School,Moderate,Male,71,yes,Adamawa,Walk,126,Anglophone
25,87,High,High,Yes,6,96,No,3,Medium,Public,2,High School,Moderate,Female,72,sometimes,Littoral,Taxi,99,Francophone
17,68,Medium,High,Yes,8,71,Yes,1,Medium,Private,2,High School,Near,Male,65,sometimes,Far North,Bus,47,Francophone
19,80,Medium,Medium,Yes,5,100,Yes,0,Medium,Public,3,High School,Near,Female,67,no,South,Private car,191,Francophone
22,92,Low,High,Yes,7,55,Yes,1,Low,Public,4,High School,Moderate,Female,68,no,Littoral,Walk,112,Bilingual
19,79,Medium,High,Yes,5,59,Yes,2,Low,Private,2,Postgraduate,Far,Male,66,no,West,Taxi,114,Francophone
30,81,Medium,High,No,6,76,Yes,0,High,Public,3,Postgraduate,Near,Male,72,no,Adamawa,Bus,119,Bilingual
23,91,High,Medium,No,6,93,Yes,3,Low,Public,3,High School,Moderate,Female,71,yes,East,Taxi,24,Anglophone
24,86,Medium,High,No,6,68,Yes,3,Low,Public,3,College,Moderate,Female,70,sometimes,South,Bike,38,Anglophone
24,76,Medium,Medium,No,9,92,Yes,1,Medium,Public,3,Postgraduate,Near,Female,68,yes,Littoral,Taxi,46,Anglophone
27,96,Medium,High,No,9,71,Yes,0,Low,Private,4,College,Near,Female,72,no,Centre,Private car,58,Bilingual
21,67,Low,Medium,Yes,9,93,Yes,1,Low,Public,3,College,Near,Male,66,sometimes,Centre,Private car,158,Anglophone
12,100,Medium,Medium,No,7,64,Yes,1,Medium,Public,6,High School,Near,Male,69,sometimes,Adamawa,Bike,25,Francophone
22,65,Low,Medium,Yes,6,74,Yes,2,Medium,Public,1,College,Near,Male,65,no,East,Taxi,124,Anglophone
16,61,High,High,No,8,64,Yes,1,Low,Public,3,High School,Far,Male,62,sometimes,Adamawa,Bike,185,Francophone
17,96,High,High,No,7,61,Yes,1,Low,Public,1,College,Moderate,Female,69,no,Littoral,Walk,108,Anglophone
24,70,Medium,Medium,Yes,7,71,Yes,1,Medium,Public,4,High School,Near,Male,65,yes,South West,Walk,151,Francophone
27,89,Medium,Low,No,4,67,Yes,2,Low,Private,4,College,Near,Female,69,yes,Adamawa,Private car,114,Francophone
20,92,Low,High,Yes,8,89,Yes,1,Low,Public,3,High School,Moderate,Female,69,sometimes,North,Private car,96,Anglophone
22,94,High,Medium,Yes,8,87,Yes,2,Low,Private,5,College,Near,Female,73,no,East,Taxi,33,Bilingual
30,100,High,Medium,Yes,7,68,Yes,2,Medium,Private,2,Postgraduate,Near,Female,75,no,South West,Bike,145,Anglophone
21,72,High,High,Yes,8,100,Yes,3,Low,Private,3,College,Far,Male,70,no,South,Bike,198,Anglophone
36,88,Medium,High,No,8,99,Yes,0,Low,Private,3,College,Near,Female,74,no,Far North,Bike,76,Anglophone
23,65,Medium,Medium,Yes,6,96,Yes,0,Low,Public,3,High School,Near,Male,65,no,South,Private car,90,Bilingual
9,76,Medium,Medium,No,7,79,Yes,1,Medium,Public,3,College,Near,Male,63,yes,Centre,Taxi,113,Bilingual
25,94,High,High,No,5,71,Yes,4,Medium,Public,4,College,Near,Female,74,yes,Centre,Walk,158,Anglophone
22,75,High,High,Yes,9,66,Yes,0,Low,Private,2,Postgraduate,Near,Male,67,no,North West,Bike,60,Anglophone
28,84,Medium,Medium,Yes,8,51,No,3,Medium,Public,4,Postgraduate,Near,Female,71,no,Littoral,Private car,192,Francophone
24,80,High,Low,Yes,6,82,Yes,1,Low,Public,3,College,Moderate,Female,68,sometimes,Adamawa,Private car,80,Francophone
19,86,High,Medium,No,8,78,Yes,2,Medium,Public,4,College,Near,Female,69,yes,South,Walk,142,Bilingual
13,99,Medium,High,No,7,81,Yes,0,Medium,Public,4,Postgraduate,Near,Male,71,yes,North,Private car,58,Anglophone
19,62,High,Medium,Yes,6,79,Yes,7,Medium,Public,2,High School,Near,Female,66,no,Far North,Private car,141,Francophone
15,83,Medium,Medium,Yes,7,57,Yes,0,Medium,Private,3,Postgraduate,Near,Male,65,no,South West,Private car,140,Francophone
17,95,Medium,Low,Yes,8,85,No,1,Low,Private,2,College,Moderate,Female,66,yes,South,Bike,102,Anglophone
24,79,Low,Low,Yes,8,68,Yes,2,Low,Private,2,High School,Near,Male,65,yes,South West,Private car,199,Francophone
30,63,Medium,Medium,No,10,76,Yes,1,Medium,Public,4,Postgraduate,Moderate,Female,67,sometimes,Centre,Walk,72,Francophone
22,82,High,Medium,No,7,68,Yes,2,Low,Private,4,Postgraduate,Near,Male,70,no,Centre,Private car,86,Bilingual
13,73,Medium,Medium,Yes,7,51,Yes,1,Low,Public,4,Postgraduate,Near,Male,63,sometimes,North West,Private car,75,Anglophone
23,66,Low,Low,No,8,94,Yes,1,Medium,Private,3,Postgraduate,Moderate,Male,64,yes,Littoral,Bike,153,Francophone
27,94,Medium,Medium,Yes,7,57,Yes,1,Medium,Private,1,High School,Near,Male,71,no,South,Taxi,101,Francophone
16,81,Medium,High,Yes,6,79,Yes,2,Low,Public,3,College,Moderate,Female,68,sometimes,South West,Taxi,74,Francophone
19,97,Medium,Low,No,6,94,Yes,2,High,Public,4,Postgraduate,Near,Male,72,yes,Adamawa,Private car,33,Anglophone
20,92,Medium,High,Yes,4,61,Yes,2,High,Public,4,College,Near,Male,71,no,West,Private car,161,Francophone
15,88,Low,Low,Yes,8,71,No,1,Low,Private,2,Postgraduate,Moderate,Male,64,no,South,Bus,66,Anglophone
24,60,High,Low,Yes,5,69,Yes,1,Medium,Public,5,High School,Moderate,Male,64,no,West,Walk,156,Anglophone
19,77,High,Medium,Yes,6,54,Yes,3,High,Private,2,College,Moderate,Male,66,no,South West,Walk,140,Francophone
23,68,Medium,High,Yes,7,71,Yes,3,Medium,Public,3,High School,Moderate,Female,68,sometimes,South,Walk,178,Bilingual
15,96,High,Medium,No,7,74,Yes,2,Low,Private,2,High School,Far,Male,68,yes,Adamawa,Private car,131,Anglophone
17,67,High,Medium,Yes,10,51,Yes,3,Low,Public,5,High School,Near,Male,65,yes,West,Bike,127,Anglophone
24,71,Medium,Medium,Yes,5,74,Yes,1,Medium,Private,3,High School,Near,Male,67,no,Adamawa,Private car,105,Bilingual
18,81,Medium,Low,Yes,10,55,Yes,3,Low,Public,2,High School,Near,Male,64,sometimes,South,Walk,92,Anglophone
30,71,High,Medium,Yes,9,95,No,1,Medium,Public,4,College,Near,Male,70,sometimes,Adamawa,Private car,182,Francophone
18,68,Medium,High,Yes,8,83,Yes,1,Low,Public,2,College,Near,Male,65,yes,Littoral,Bike,104,Bilingual
21,84,Medium,Low,No,9,53,Yes,2,Medium,Public,3,High School,Moderate,Female,65,sometimes,Littoral,Private car,110,Anglophone
26,64,High,Medium,No,8,91,Yes,1,Medium,Public,4,High School,Near,Male,68,no,Littoral,Taxi,174,Francophone
11,62,Medium,High,Yes,4,68,Yes,2,High,Public,3,High School,Moderate,Male,61,no,Littoral,Bike,167,Bilingual
9,75,High,Low,No,8,61,Yes,3,Medium,Public,3,High School,Near,Male,63,yes,Centre,Bus,31,Anglophone
11,89,Medium,Medium,Yes,5,63,Yes,0,Medium,Public,2,College,Near,Female,65,yes,North West,Bike,73,Bilingual
28,82,Medium,Medium,Yes,6,80,Yes,1,Low,Private,5,High School,Far,Female,69,no,North West,Bike,88,Francophone
17,77,Medium,Medium,No,7,54,Yes,1,Low,Public,2,College,Near,Male,64,sometimes,East,Taxi,91,Anglophone
35,83,Medium,Low,No,6,53,Yes,1,Low,Private,2,High School,Near,Female,69,no,West,Walk,105,Francophone
17,75,High,Medium,Yes,8,81,Yes,3,High,Public,3,Postgraduate,Near,Male,67,no,Far North,Walk,25,Francophone
21,97,Medium,High,Yes,7,99,Yes,1,Medium,Public,1,Postgraduate,Moderate,Male,74,yes,Adamawa,Bike,144,Anglophone
29,62,High,Medium,Yes,8,74,Yes,1,Low,Private,3,College,Near,Male,66,no,Far North,Bike,54,Francophone
32,87,Medium,High,Yes,7,71,Yes,0,High,Public,4,College,Near,Male,72,no,Far North,Bus,140,Anglophone
32,96,Medium,Low,Yes,7,97,Yes,1,Low,Public,5,College,Moderate,Male,73,yes,Littoral,Bike,194,Francophone
27,92,High,Medium,No,6,62,Yes,0,Medium,Public,4,College,Near,Male,73,no,Littoral,Bike,66,Anglophone
26,67,Low,Medium,Yes,5,62,Yes,0,Medium,Public,2,High School,Moderate,Male,63,no,Far North,Bus,89,Bilingual
24,72,High,Medium,Yes,7,95,Yes,3,Low,Public,2,Postgraduate,Near,Male,69,no,North,Walk,40,Francophone
25,89,Low,Low,Yes,6,82,Yes,2,Low,Public,6,Postgraduate,Near,Male,71,no,North,Bike,31,Francophone
17,63,High,Medium,No,9,53,Yes,1,Low,Public,4,College,Moderate,Male,63,sometimes,North,Walk,150,Francophone
15,92,Medium,High,Yes,5,84,Yes,0,High,Public,5,High School,Moderate,Female,69,no,South West,Bus,88,Anglophone
20,89,High,High,Yes,10,91,Yes,3,Medium,Private,3,College,Moderate,Male,72,yes,East,Taxi,193,Bilingual
19,89,High,Low,Yes,7,64,Yes,2,Low,Public,4,Postgraduate,Moderate,Female,68,yes,West,Private car,182,Bilingual
17,64,Low,High,No,7,69,Yes,1,Medium,Public,3,High School,Near,Female,62,no,West,Bike,144,Anglophone
24,89,Low,High,Yes,6,60,Yes,1,Low,Private,2,High School,Near,Male,68,yes,Adamawa,Walk,20,Anglophone
26,87,Medium,Medium,Yes,8,82,Yes,1,Low,Public,2,Postgraduate,Near,Male,71,sometimes,West,Bike,73,Anglophone
21,93,Medium,Low,Yes,7,83,No,1,High,Public,3,High School,Moderate,Male,67,sometimes,Far North,Bike,35,Francophone
29,62,Low,High,Yes,7,53,Yes,0,Low,Private,3,College,Moderate,Female,65,sometimes,East,Taxi,88,Bilingual
13,61,Low,Medium,Yes,8,84,No,1,Medium,Public,3,Postgraduate,Far,Male,60,no,Littoral,Walk,120,Francophone
19,75,Medium,High,Yes,8,83,Yes,2,High,Public,2,High School,Near,Male,68,no,West,Bike,137,Anglophone
16,66,Low,Medium,Yes,9,52,Yes,1,Medium,Public,3,High School,Near,Male,59,yes,East,Walk,91,Anglophone
9,82,High,Medium,No,8,78,Yes,0,High,Public,0,,Moderate,Female,64,no,East,Bus,57,Bilingual
20,97,High,Medium,Yes,6,81,Yes,2,Low,Public,3,High School,Moderate,Male,71,yes,East,Walk,159,Francophone
19,76,High,High,No,4,72,Yes,2,High,Public,2,College,Moderate,Female,68,sometimes,South,Bus,141,Anglophone
29,94,Low,Medium,Yes,7,95,No,2,Low,Public,3,College,Moderate,Male,70,yes,Adamawa,Walk,150,Bilingual
24,60,Low,Low,No,7,66,Yes,1,Medium,Public,4,College,Near,Female,62,sometimes,South West,Bike,154,Anglophone
14,67,Medium,Medium,No,10,53,Yes,2,High,Public,3,College,Near,Male,62,no,North,Bike,24,Bilingual
31,61,High,Medium,No,7,84,Yes,2,Medium,Private,3,High School,Near,Male,68,no,South,Private car,23,Bilingual
27,73,Medium,Medium,No,8,80,Yes,3,Medium,Private,3,High School,Near,Female,68,yes,South West,Taxi,55,Francophone
23,96,Medium,Medium,Yes,8,99,Yes,3,Low,Public,4,High School,Near,Female,74,yes,South West,Private car,101,Bilingual
19,64,Low,Medium,No,8,62,Yes,0,High,Public,4,College,Near,Male,61,no,South,Walk,141,Anglophone
14,84,Medium,Medium,Yes,8,70,Yes,1,Low,Public,5,College,Near,Male,67,yes,North West,Bike,188,Bilingual
18,78,Medium,Low,No,6,73,Yes,1,High,Public,2,High School,Moderate,Female,65,no,North West,Bus,108,Anglophone
27,98,Low,Medium,Yes,6,93,No,5,High,Public,3,High School,Moderate,Female,101,no,East,Private car,65,Anglophone
31,65,Medium,Low,Yes,7,71,Yes,1,Low,Public,4,High School,Moderate,Male,65,sometimes,Centre,Bike,150,Bilingual
29,68,Medium,Medium,No,4,89,Yes,0,Medium,Private,4,College,Near,Male,67,yes,Far North,Taxi,160,Francophone
17,61,Medium,High,Yes,7,58,Yes,2,Low,Public,3,High School,Near,Female,61,yes,South West,Bike,135,Anglophone
13,77,Medium,Medium,No,6,70,Yes,3,Medium,Public,4,High School,Near,Male,64,sometimes,Centre,Private car,97,Bilingual
21,71,High,Low,No,7,58,Yes,1,Medium,Public,3,College,Far,Female,64,no,Far North,Walk,101,Francophone
9,95,Medium,Medium,Yes,7,97,Yes,1,Low,Public,2,College,Near,Male,67,sometimes,Littoral,Walk,43,Francophone
22,84,Medium,Medium,Yes,5,59,Yes,0,High,Private,3,College,Near,Female,69,sometimes,Far North,Walk,110,Francophone
19,85,High,Medium,Yes,9,71,Yes,1,Medium,Public,2,Postgraduate,Moderate,Female,69,yes,Adamawa,Private car,58,Anglophone
17,81,High,Medium,No,7,54,Yes,4,Low,Public,3,High School,Near,Female,67,sometimes,Littoral,Bike,157,Francophone
10,64,Medium,High,No,8,96,Yes,1,Medium,Public,3,High School,Moderate,Male,62,no,South West,Taxi,97,Bilingual
23,78,Low,High,No,7,81,Yes,0,Low,Private,1,High School,Near,Male,66,no,South West,Walk,173,Francophone
17,100,High,Medium,No,8,98,Yes,0,Medium,Public,4,College,Near,Male,72,sometimes,South West,Taxi,51,Anglophone
13,93,Medium,Medium,Yes,5,52,Yes,2,Medium,Public,3,College,Near,Female,67,sometimes,South,Private car,52,Francophone
3,96,High,High,Yes,9,59,Yes,2,Low,Public,3,College,Moderate,Female,66,yes,North,Walk,195,Bilingual
20,93,Low,Low,Yes,8,69,Yes,2,Low,Public,4,High School,Moderate,Male,67,sometimes,West,Walk,51,Bilingual
31,64,High,Low,Yes,7,81,Yes,1,Medium,Public,4,High School,Near,Female,67,no,South West,Private car,72,Francophone
30,69,Medium,Medium,Yes,7,66,Yes,0,Medium,Public,4,Postgraduate,Near,Female,68,no,South,Bike,80,Bilingual
17,60,High,Medium,Yes,9,86,Yes,0,Low,Public,2,High School,Near,Male,63,sometimes,North West,Bus,118,Francophone
16,72,Medium,High,No,6,58,Yes,1,Medium,Public,2,High School,Far,Male,62,no,Far North,Taxi,116,Anglophone
23,64,High,Medium,Yes,5,80,Yes,3,Medium,Public,2,College,Moderate,Female,65,yes,South West,Private car,41,Francophone
14,79,Medium,Medium,Yes,6,70,Yes,1,Low,Public,6,College,Moderate,Male,65,sometimes,Adamawa,Private car,134,Anglophone
22,87,Medium,High,Yes,7,75,Yes,0,Medium,Public,2,College,Near,Female,70,yes,North,Bike,147,Anglophone
25,95,Low,Medium,No,7,78,Yes,7,Low,Public,4,High School,Near,Male,73,no,East,Private car,25,Francophone
27,90,High,Medium,Yes,9,53,Yes,1,Medium,Public,2,Postgraduate,Near,Female,73,sometimes,East,Bus,36,Francophone
19,98,Medium,Low,Yes,6,96,No,2,Low,Private,2,High School,Moderate,Male,68,yes,Adamawa,Taxi,54,Anglophone
19,62,Medium,Low,No,6,89,Yes,3,Medium,Public,1,High School,Moderate,Male,63,no,Far North,Walk,67,Anglophone
15,60,Medium,Low,Yes,5,72,Yes,2,High,Public,2,High School,Near,Male,62,sometimes,North West,Private car,175,Bilingual
15,86,High,Medium,Yes,8,77,Yes,0,Medium,Public,3,Postgraduate,Near,Male,69,yes,North,Bus,48,Bilingual
19,72,Medium,High,No,5,52,Yes,2,Medium,Public,3,Postgraduate,Near,Male,66,sometimes,Littoral,Bike,98,Bilingual
22,70,Medium,High,Yes,8,75,Yes,0,Medium,Private,3,Postgraduate,Near,Male,68,no,Adamawa,Private car,165,Anglophone
25,73,High,Medium,Yes,6,71,Yes,0,Low,Private,3,College,Far,Female,67,yes,Adamawa,Bike,109,Bilingual
15,71,High,High,Yes,6,69,Yes,2,Low,Private,4,College,Near,Female,65,yes,Littoral,Private car,199,Bilingual
29,80,Low,Medium,Yes,10,91,No,1,High,Public,3,College,Moderate,Male,70,no,East,Private car,79,Anglophone
18,78,Low,Medium,Yes,9,59,No,0,High,Private,1,High School,Moderate,Female,64,yes,North West,Walk,168,Bilingual
20,80,Low,Low,Yes,7,59,Yes,2,Medium,Private,3,High School,Moderate,Male,65,sometimes,Littoral,Bike,84,Bilingual
16,87,Medium,Medium,No,5,76,Yes,1,Low,Private,2,Postgraduate,Far,Female,67,sometimes,East,Walk,167,Bilingual
5,75,Medium,Low,Yes,10,84,Yes,0,High,Private,4,Postgraduate,Moderate,Female,62,sometimes,Far North,Bike,180,Anglophone
25,70,Medium,Medium,Yes,7,51,Yes,3,Low,Public,4,High School,Moderate,Male,66,sometimes,South West,Bus,176,Bilingual
24,67,High,High,Yes,7,77,Yes,0,High,Public,2,College,Near,Female,68,sometimes,South,Bike,42,Francophone
18,74,Medium,Low,No,8,65,Yes,0,Medium,Public,4,College,Moderate,Female,64,no,North West,Walk,31,Anglophone
20,90,High,Low,No,4,88,Yes,3,Low,Public,3,High School,Moderate,Male,69,no,South,Bike,28,Bilingual
23,90,Medium,Medium,Yes,6,73,No,1,High,Private,2,High School,Near,Female,69,yes,West,Taxi,59,Anglophone
11,87,Medium,Medium,Yes,7,92,Yes,1,Medium,Public,5,High School,Moderate,Female,67,sometimes,West,Private car,32,Anglophone
17,69,Medium,Medium,Yes,7,70,Yes,0,Low,Public,3,College,Moderate,Male,61,yes,South West,Private car,31,Bilingual
25,84,High,Medium,Yes,5,91,Yes,1,Medium,Public,4,Postgraduate,Moderate,Female,70,sometimes,South West,Bike,193,Anglophone
12,83,Low,Medium,Yes,7,86,Yes,1,High,Public,4,College,Near,Female,65,yes,North West,Walk,99,Francophone
22,79,Medium,Medium,Yes,7,91,Yes,0,Low,Public,4,College,Moderate,Male,66,no,Littoral,Taxi,69,Bilingual
12,82,Low,Medium,Yes,10,91,Yes,3,Low,Public,3,Postgraduate,Near,Male,66,sometimes,South West,Taxi,163,Anglophone
23,80,Medium,High,Yes,9,74,Yes,4,Medium,Public,3,High School,Moderate,Male,69,yes,West,Walk,79,Bilingual
20,83,Medium,Medium,Yes,7,68,Yes,1,Medium,Public,1,High School,Near,Female,67,yes,East,Walk,173,Bilingual
10,89,High,High,Yes,7,88,Yes,2,High,Private,2,Postgraduate,Near,Female,71,no,West,Walk,85,Bilingual
27,64,High,High,Yes,9,68,Yes,1,Low,Private,4,High School,Near,Male,68,no,South West,Private car,117,Anglophone
16,90,Medium,Medium,No,7,54,No,2,Medium,Public,3,High School,Near,Female,67,sometimes,East,Bike,177,Bilingual
15,65,High,Medium,No,5,93,Yes,2,Low,Public,4,High School,Near,Female,63,sometimes,Far North,Taxi,122,Francophone
21,63,Medium,Medium,No,10,70,Yes,1,High,Private,2,College,Near,Female,64,yes,Adamawa,Bus,150,Francophone
27,99,High,Medium,Yes,6,57,Yes,3,Low,Public,3,College,Moderate,Male,73,yes,Far North,Private car,50,Bilingual
14,98,Medium,Medium,Yes,10,82,Yes,1,Low,Private,3,High School,Moderate,Male,69,sometimes,North West,Private car,172,Anglophone
20,62,High,Low,No,8,94,Yes,1,Medium,Public,3,High School,Near,Female,65,yes,South,Bike,128,Anglophone
23,78,High,Low,Yes,6,93,Yes,0,Medium,Private,5,Postgraduate,Near,Male,70,sometimes,East,Walk,89,Anglophone
24,67,High,Medium,Yes,4,78,Yes,1,Low,Public,2,High School,Near,Female,67,sometimes,North West,Taxi,199,Anglophone
21,79,Medium,Low,Yes,8,54,Yes,3,Low,Public,3,Postgraduate,Moderate,Female,67,no,Adamawa,Bike,146,Francophone
18,93,Medium,High,Yes,5,85,Yes,0,Low,Public,3,High School,Near,Male,70,sometimes,Adamawa,Bike,56,Francophone
15,98,High,Low,No,8,80,No,2,High,Public,2,Postgraduate,Near,Female,69,sometimes,South West,Private car,151,Anglophone
21,85,High,Medium,No,10,61,Yes,2,Medium,Public,2,High School,Near,Male,68,no,East,Taxi,64,Francophone
14,74,Medium,High,No,5,95,Yes,1,Low,Public,3,College,Near,Male,66,no,South West,Private car,183,Bilingual
2,84,Low,High,No,8,54,Yes,3,Low,Public,4,,Near,Male,62,yes,West,Walk,58,Anglophone
23,72,Medium,Medium,Yes,6,69,Yes,2,High,Public,4,High School,Near,Male,67,no,West,Walk,59,Bilingual
25,96,Medium,Low,Yes,9,55,Yes,2,Medium,Public,4,High School,Moderate,Male,71,sometimes,Far North,Walk,102,Francophone
6,95,High,Medium,Yes,7,96,Yes,4,Low,Public,2,High School,Moderate,Female,68,no,North West,Private car,118,Bilingual
14,82,High,Medium,Yes,7,52,Yes,3,Low,Public,2,High School,Near,Female,66,yes,North West,Walk,120,Francophone
24,73,Low,Medium,Yes,9,71,Yes,0,Low,Public,3,High School,Moderate,Male,64,sometimes,East,Walk,167,Francophone
32,72,High,Medium,Yes,8,93,Yes,1,Low,Private,4,Postgraduate,Near,Female,71,no,East,Bus,40,Anglophone
20,61,Low,Low,Yes,6,63,Yes,1,Medium,Public,4,College,Far,Male,61,no,East,Bike,96,Francophone
16,93,Medium,High,No,10,55,No,2,Low,Public,2,College,Near,Male,67,no,Littoral,Bike,46,Francophone
19,78,Medium,Low,Yes,5,56,Yes,3,High,Public,4,College,Moderate,Female,65,yes,East,Taxi,71,Anglophone
28,73,High,Medium,Yes,7,70,No,0,Low,Private,6,College,Moderate,Female,66,no,North West,Bike,41,Anglophone
16,79,High,High,Yes,6,71,Yes,2,Low,Public,4,High School,Near,Female,68,no,South West,Bus,36,Francophone
15,93,Medium,Medium,No,5,86,Yes,0,Low,Public,2,College,Far,Male,66,sometimes,South West,Private car,34,Anglophone
17,65,Medium,Medium,No,5,62,Yes,2,Medium,Public,4,High School,Near,Female,63,yes,Far North,Taxi,131,Bilingual
14,94,Low,Low,Yes,7,85,Yes,1,High,Public,3,High School,Moderate,Female,66,yes,North,Walk,182,Francophone
21,96,Medium,High,No,8,100,Yes,1,High,Private,2,College,Near,Female,73,no,West,Bike,92,Bilingual
30,98,Medium,Low,Yes,9,93,Yes,1,Low,Private,3,High School,Near,Male,88,no,North,Taxi,71,Francophone
22,76,Medium,Medium,No,9,82,Yes,0,Medium,Private,4,High School,Near,Male,67,yes,Centre,Walk,111,Francophone
18,69,High,High,Yes,7,97,Yes,2,Medium,Public,2,College,Near,Female,69,no,South,Walk,51,Bilingual
18,75,Medium,Low,Yes,6,100,Yes,2,Low,Public,3,High School,Near,Female,67,sometimes,Centre,Bike,23,Anglophone
11,73,Medium,High,Yes,9,79,Yes,1,Low,Public,2,High School,Near,Male,64,no,Centre,Private car,169,Anglophone
25,67,Medium,High,Yes,6,64,No,0,Low,Public,2,High School,Moderate,Male,64,yes,Centre,Private car,98,Bilingual
20,84,Low,Medium,No,5,96,Yes,1,Low,Public,2,High School,Near,Male,65,sometimes,North,Private car,54,Bilingual
19,79,Medium,Medium,No,8,92,Yes,1,Medium,Public,2,High School,Near,Male,68,yes,Far North,Taxi,65,Francophone
39,95,Medium,High,Yes,9,54,Yes,2,Medium,Private,3,High School,Moderate,Male,77,no,East,Bike,122,Francophone
22,61,Medium,Medium,Yes,6,97,Yes,0,Low,Public,2,High School,Near,Male,63,sometimes,Adamawa,Bike,35,Anglophone
15,86,High,High,Yes,10,68,Yes,0,High,Public,5,College,Near,Male,69,no,North,Private car,50,Anglophone
17,91,Medium,Medium,Yes,8,66,Yes,3,Medium,Public,2,College,Near,Male,69,yes,Adamawa,Bike,35,Anglophone
27,90,Medium,Low,No,8,67,Yes,2,Medium,Public,3,Postgraduate,Near,Male,70,sometimes,Littoral,Bike,123,Francophone
21,95,High,Medium,Yes,6,66,Yes,1,Medium,Public,4,College,Near,Male,73,no,East,Bus,92,Anglophone
11,89,Medium,Low,Yes,9,76,Yes,1,Medium,Public,3,Postgraduate,Far,Male,66,no,Far North,Taxi,132,Anglophone
26,97,Medium,Low,No,5,79,Yes,2,Low,Private,3,High School,Near,Female,71,yes,North,Walk,137,Bilingual
16,73,Medium,Low,Yes,6,71,Yes,2,High,Public,5,College,Near,Male,66,yes,Adamawa,Taxi,37,Francophone
31,80,Medium,Medium,Yes,6,71,Yes,2,Low,Public,3,High School,Near,Female,71,no,Littoral,Private car,46,Anglophone
26,61,Medium,Low,Yes,5,87,Yes,3,High,Public,2,High School,Near,Male,66,sometimes,North West,Bike,22,Anglophone
17,60,Medium,High,Yes,8,50,Yes,0,Low,Public,4,High School,Near,Female,63,yes,East,Walk,93,Francophone
28,70,High,High,Yes,8,97,Yes,5,Low,Public,5,High School,Near,Male,70,yes,North West,Bus,111,Francophone
20,64,High,Medium,Yes,8,86,Yes,1,Medium,Public,2,Postgraduate,Near,Male,66,no,Far North,Bus,177,Anglophone
25,70,Medium,Medium,No,7,85,Yes,1,Medium,Public,4,High School,Near,Male,66,sometimes,Far North,Bus,94,Bilingual
23,67,Medium,Medium,No,8,71,Yes,2,Medium,Public,4,College,Moderate,Female,66,yes,South West,Bus,118,Anglophone
15,61,Medium,Medium,No,7,98,Yes,1,Medium,Public,3,High School,Near,Male,62,sometimes,South,Bus,99,Anglophone
16,96,Medium,Medium,No,6,50,Yes,1,Medium,Public,3,College,Near,Male,69,yes,Centre,Walk,149,Anglophone
26,60,Low,High,Yes,6,54,Yes,1,Low,Private,1,Postgraduate,Moderate,Male,63,no,East,Walk,54,Bilingual
18,89,Medium,Low,Yes,4,90,Yes,1,High,Public,2,Postgraduate,Near,Female,68,no,North,Walk,104,Bilingual
18,66,Medium,High,No,9,87,Yes,1,Medium,Private,3,High School,Moderate,Male,64,sometimes,Adamawa,Bus,85,Anglophone
14,96,Low,High,Yes,9,64,Yes,2,Low,Public,3,Postgraduate,Moderate,Male,69,yes,Far North,Bus,164,Anglophone
23,96,Low,Medium,Yes,10,80,Yes,3,Low,Public,3,High School,Near,Male,71,yes,North,Private car,59,Bilingual
32,86,Medium,Medium,Yes,6,77,No,2,Medium,Private,4,High School,Near,Male,71,no,Centre,Walk,143,Anglophone
14,87,Medium,Medium,No,6,76,Yes,1,Low,Private,4,College,Far,Female,66,yes,Adamawa,Bus,98,Francophone
20,60,Medium,Medium,Yes,4,80,Yes,2,High,Private,3,College,Moderate,Male,63,sometimes,West,Private car,106,Francophone
28,99,Low,Medium,Yes,8,100,Yes,0,Medium,Public,2,High School,Far,Male,72,sometimes,Littoral,Bus,67,Francophone
20,95,Medium,Medium,Yes,8,99,No,1,Low,Private,3,College,Near,Female,70,sometimes,North West,Private car,82,Bilingual
23,96,Medium,Low,No,9,99,Yes,0,High,Private,2,College,Near,Female,71,yes,East,Bike,34,Anglophone
14,86,Low,Low,Yes,6,77,Yes,3,High,Private,3,High School,Far,Male,65,sometimes,Littoral,Bus,103,Francophone
23,74,Medium,Low,Yes,8,66,Yes,0,High,Public,4,Postgraduate,Near,Female,65,no,Far North,Bike,157,Francophone
19,96,Low,Medium,No,6,78,Yes,1,Low,Public,2,High School,Far,Male,67,yes,South,Taxi,48,Bilingual
26,72,High,Medium,No,9,81,Yes,0,Medium,Public,3,High School,Near,Male,68,sometimes,East,Bus,92,Francophone
27,83,Medium,Medium,Yes,8,66,Yes,3,Medium,Public,4,College,Far,Female,70,yes,Adamawa,Walk,121,Bilingual
36,64,Medium,Medium,Yes,5,82,Yes,2,Medium,Private,2,High School,Near,Female,70,yes,Far North,Taxi,150,Anglophone
23,97,Low,High,Yes,7,81,Yes,2,Medium,Public,3,High School,Near,Male,72,sometimes,South,Bike,41,Francophone
22,66,Medium,High,No,4,95,Yes,1,Low,Public,5,College,Moderate,Male,65,sometimes,North,Private car,139,Francophone
21,69,Medium,Medium,Yes,5,62,Yes,2,Low,Public,3,High School,Near,Male,65,no,North,Walk,179,Francophone
18,82,High,Medium,Yes,5,85,Yes,3,Medium,Private,4,Postgraduate,Near,Male,71,sometimes,Far North,Private car,148,Bilingual
22,91,High,High,Yes,6,73,Yes,3,High,Public,4,Postgraduate,Near,Male,74,yes,South,Bus,124,Francophone
18,85,Low,Medium,No,7,56,Yes,0,Low,Private,4,High School,Moderate,Male,64,sometimes,West,Private car,110,Anglophone
21,69,Medium,Medium,No,7,66,Yes,1,Medium,Private,4,High School,Far,Female,64,no,South West,Walk,88,Anglophone
28,60,Medium,High,Yes,7,53,Yes,3,Low,Private,3,High School,Near,Female,65,sometimes,Littoral,Walk,171,Francophone
14,90,Low,Medium,Yes,7,66,Yes,1,Medium,Public,5,College,Near,Male,67,sometimes,North,Taxi,43,Francophone
27,99,High,Medium,No,7,53,Yes,2,Low,Public,3,College,Near,Male,73,yes,West,Bus,114,Bilingual
28,92,Low,High,No,5,96,Yes,1,Medium,Public,3,College,Moderate,Male,72,sometimes,East,Bus,74,Anglophone
19,78,Medium,Medium,No,7,55,Yes,0,Medium,Public,3,College,Near,Male,65,yes,Adamawa,Private car,101,Francophone
7,96,Medium,High,No,9,91,Yes,0,Low,Public,4,College,Near,Male,67,sometimes,South,Private car,169,Anglophone
16,76,Medium,Medium,Yes,7,95,Yes,2,Medium,Public,3,High School,,Female,66,no,Adamawa,Private car,185,Anglophone
28,81,High,Medium,Yes,8,73,Yes,0,Medium,Public,3,Postgraduate,Near,Male,70,sometimes,Littoral,Taxi,199,Anglophone
20,79,High,Medium,No,8,53,Yes,2,Medium,Private,3,High School,Moderate,Female,66,no,Far North,Taxi,31,Anglophone
14,78,High,High,Yes,8,80,Yes,1,Medium,Public,1,High School,Near,Female,66,sometimes,Far North,Walk,196,Anglophone
17,91,Medium,Low,Yes,7,62,Yes,3,High,Public,3,Postgraduate,Near,Male,68,yes,South,Bike,163,Anglophone
25,81,Low,Medium,Yes,8,59,Yes,3,Low,Public,4,College,Near,Male,68,yes,West,Taxi,117,Francophone
23,73,High,High,No,8,78,Yes,0,High,Public,4,High School,Moderate,Female,67,yes,Far North,Taxi,23,Bilingual
19,70,High,Medium,Yes,8,68,No,1,Low,Public,3,College,Near,Female,65,yes,Centre,Bike,136,Bilingual
18,62,Medium,Low,Yes,8,87,Yes,4,Low,Public,4,College,Near,Female,64,sometimes,Littoral,Taxi,30,Anglophone
18,83,High,Medium,No,5,80,Yes,1,High,Public,2,College,Near,Male,70,no,North West,Bike,45,Bilingual
14,69,Low,Medium,No,5,91,Yes,0,High,Public,3,College,Moderate,Male,63,yes,Centre,Bus,195,Francophone
30,66,Medium,High,No,6,53,No,2,Low,Public,2,High School,Near,Male,65,no,Adamawa,Private car,182,Anglophone
18,86,Low,Medium,Yes,9,62,Yes,4,Medium,Public,2,Postgraduate,Near,Female,67,sometimes,Adamawa,Taxi,100,Bilingual
27,87,Medium,Medium,Yes,7,78,Yes,3,Low,Private,5,High School,Near,Female,71,yes,South West,Taxi,164,Francophone
29,90,High,Medium,Yes,7,94,Yes,1,Low,Private,4,High School,Near,Female,73,no,Far North,Bus,119,Anglophone
26,80,Medium,Medium,No,4,91,Yes,1,Low,Private,3,High School,Far,Male,67,no,North,Bike,92,Bilingual
17,96,High,Medium,Yes,7,84,Yes,2,Low,Private,3,College,Near,Female,72,yes,Centre,Bus,81,Anglophone
22,97,Medium,Medium,No,7,79,Yes,2,Medium,Public,0,High School,Far,Male,71,yes,Adamawa,Bus,185,Francophone
20,92,Medium,High,Yes,4,82,Yes,0,Medium,Public,4,Postgraduate,Near,Male,72,no,Centre,Bike,156,Francophone
15,85,High,High,Yes,7,61,Yes,1,Medium,Public,3,High School,Near,Male,68,no,Far North,Bus,54,Anglophone
22,72,Low,Low,Yes,5,80,Yes,2,Low,Public,3,College,Near,Female,65,no,South,Bike,166,Francophone
13,99,High,Medium,No,6,75,Yes,1,Medium,Public,4,College,Far,Female,68,no,West,Bike,150,Anglophone
27,71,Medium,Low,No,8,69,Yes,1,High,Public,4,College,Near,Male,67,no,Littoral,Walk,126,Francophone
17,68,Medium,Medium,No,7,94,Yes,1,High,Private,4,College,Moderate,Female,66,yes,South,Bike,178,Francophone
21,78,Medium,Low,Yes,6,91,Yes,0,Medium,Private,1,High School,Near,Male,64,sometimes,Littoral,Bike,125,Bilingual
22,62,High,Medium,No,6,54,Yes,3,Low,Private,3,Postgraduate,Near,Male,65,yes,West,Bike,121,Francophone
18,99,Medium,Medium,No,6,99,Yes,0,Low,Public,3,High School,Moderate,Male,69,sometimes,West,Bike,140,Francophone
24,84,Medium,Medium,Yes,7,61,Yes,2,Medium,Public,2,High School,Far,Male,68,sometimes,South West,Bike,118,Francophone
17,82,High,High,No,5,61,Yes,3,Medium,Public,4,Postgraduate,Near,Male,69,no,Centre,Bike,84,Bilingual
25,86,Medium,Medium,Yes,9,97,Yes,1,High,Private,3,High School,Moderate,Male,70,no,North,Bike,54,Anglophone
12,80,High,Medium,No,5,72,Yes,1,High,Private,4,High School,Near,Female,65,sometimes,North,Taxi,176,Francophone
21,61,Medium,Medium,No,4,90,Yes,2,Medium,Public,3,High School,Near,Male,63,sometimes,North West,Bike,91,Francophone
32,84,Low,Medium,Yes,8,64,Yes,1,Low,Private,3,College,Near,Female,71,yes,South West,Taxi,82,Francophone
14,89,Medium,High,Yes,6,94,Yes,0,Low,Private,2,Postgraduate,Near,Male,68,sometimes,Littoral,Walk,27,Anglophone
16,77,Medium,Medium,Yes,7,92,Yes,5,Low,Public,3,Postgraduate,Near,Female,70,no,Adamawa,Bus,179,Francophone
23,90,Medium,High,Yes,8,76,Yes,2,Medium,Public,3,High School,Near,Female,72,sometimes,West,Bike,185,Bilingual
21,69,Medium,Medium,Yes,6,85,Yes,3,Low,Public,1,College,Far,Female,64,sometimes,Littoral,Private car,187,Francophone
22,69,Low,Medium,No,7,98,Yes,0,Low,Public,2,Postgraduate,Moderate,Male,64,no,North,Walk,138,Anglophone
23,66,Medium,Low,Yes,8,73,Yes,2,High,Public,2,College,Near,Female,66,yes,South West,Walk,64,Francophone
24,75,Medium,High,Yes,9,75,Yes,0,Medium,Public,3,College,Far,Male,69,yes,Littoral,Private car,25,Bilingual
27,94,Medium,Low,No,6,86,Yes,2,Medium,Private,2,High School,Near,Female,71,yes,North West,Bus,84,Francophone
22,93,Medium,High,Yes,6,69,Yes,0,High,Public,3,High School,Near,Male,69,no,East,Bike,82,Bilingual
19,75,High,Medium,No,8,98,Yes,1,Low,Public,3,Postgraduate,Moderate,Male,67,no,South,Bus,134,Bilingual
24,84,Low,Medium,Yes,7,52,Yes,0,Low,Public,3,High School,Near,Male,66,yes,South,Bus,72,Anglophone
31,89,Medium,Medium,No,7,70,Yes,2,Low,Public,2,High School,Moderate,Female,71,sometimes,Littoral,Walk,165,Francophone
19,70,Medium,Low,Yes,9,86,Yes,2,High,Public,2,High School,Near,Male,63,yes,North West,Bike,191,Anglophone
14,67,Medium,Low,No,4,71,Yes,0,High,Public,4,College,Near,Female,62,yes,Far North,Private car,83,Bilingual
27,99,Medium,High,No,5,63,Yes,0,Medium,Public,4,High School,Near,Female,73,no,Adamawa,Private car,46,Bilingual
19,85,High,Medium,No,4,71,Yes,1,Medium,Public,3,High School,Far,Female,66,no,Centre,Bike,195,Francophone
7,99,High,Medium,Yes,9,94,Yes,3,High,Public,2,Postgraduate,Moderate,Male,72,sometimes,Littoral,Taxi,159,Bilingual
25,74,High,Low,Yes,8,77,Yes,1,Low,Public,2,Postgraduate,Moderate,Female,67,yes,Far North,Bus,59,Anglophone
17,88,Low,Low,No,5,67,No,0,Medium,Public,3,Postgraduate,Near,Male,65,yes,North West,Walk,192,Anglophone
19,69,Medium,Medium,Yes,7,84,Yes,2,Medium,Public,4,High School,Near,Male,66,no,North West,Walk,147,Francophone
22,70,High,Medium,Yes,7,81,Yes,3,Medium,Public,2,Postgraduate,Moderate,Female,68,no,Littoral,Bike,85,Francophone
21,80,Medium,High,Yes,4,78,Yes,1,Medium,Private,4,High School,Near,Female,69,yes,South,Private car,108,Anglophone
24,73,High,Medium,Yes,7,70,Yes,0,High,Public,3,Postgraduate,Near,Female,68,yes,South,Bus,76,Anglophone
17,67,Medium,High,Yes,5,54,Yes,0,Low,Public,2,High School,Moderate,Male,61,yes,West,Bike,143,Francophone
23,71,High,Low,Yes,8,81,Yes,3,Medium,Private,2,High School,Near,Male,68,yes,Littoral,Walk,120,Francophone
18,61,High,Low,Yes,5,71,Yes,3,High,Private,3,College,Near,Male,64,sometimes,Far North,Bike,90,Anglophone
24,88,Medium,Low,Yes,7,71,No,1,Low,Public,3,College,Moderate,Male,67,no,East,Bike,29,Francophone
24,80,Low,High,Yes,9,62,Yes,3,High,Public,3,High School,Moderate,Male,68,yes,Centre,Taxi,149,Bilingual
14,64,Medium,High,No,8,62,Yes,1,Medium,Public,4,High School,Moderate,Male,61,no,East,Private car,109,Francophone
27,67,High,Low,No,8,89,Yes,1,Low,Public,3,Postgraduate,Near,Female,66,yes,North,Bus,114,Bilingual
17,64,High,Low,Yes,7,74,Yes,2,Medium,Public,2,Postgraduate,Near,Female,64,no,Littoral,Bus,71,Bilingual
25,85,Low,Medium,No,5,55,Yes,3,High,Public,3,High School,Moderate,Female,67,yes,Littoral,Bike,109,Francophone
22,64,Medium,High,No,6,52,Yes,2,High,Private,4,College,Moderate,Female,64,sometimes,South,Walk,71,Francophone
31,90,High,High,No,7,61,Yes,0,Low,Public,3,High School,Near,Male,72,yes,East,Taxi,90,Francophone
19,61,Medium,Medium,No,7,74,Yes,2,High,Public,3,Postgraduate,Far,Male,62,yes,South,Taxi,106,Bilingual
18,70,High,Medium,Yes,5,81,Yes,2,Low,Private,2,High School,Far,Female,63,no,South West,Bike,23,Bilingual
20,96,High,High,No,8,57,Yes,1,Low,Private,4,High School,Near,Male,70,yes,South,Taxi,47,Francophone
18,89,High,Medium,No,5,72,Yes,3,Medium,Public,3,College,Moderate,Male,69,sometimes,Far North,Walk,112,Bilingual
25,63,Low,Medium,Yes,9,54,Yes,3,Medium,Public,2,High School,Near,Male,64,sometimes,Littoral,Bike,91,Anglophone
10,93,Low,Medium,No,7,52,Yes,2,Medium,Public,3,Postgraduate,Near,Male,66,no,South West,Walk,140,Bilingual
14,80,Low,Medium,Yes,8,93,Yes,3,Low,Private,4,High School,Near,Female,67,sometimes,Centre,Walk,193,Anglophone
14,94,High,High,Yes,8,83,Yes,4,Medium,Public,5,Postgraduate,Near,Female,71,no,West,Bus,158,Bilingual
26,84,Medium,High,Yes,10,89,Yes,0,Low,Private,1,High School,Far,Female,70,yes,North West,Bus,48,Francophone
30,87,Low,Medium,No,7,59,Yes,2,Medium,Public,3,High School,Moderate,Male,69,no,North West,Taxi,195,Francophone
19,100,Medium,Low,No,6,66,Yes,0,Low,Public,3,,Moderate,Male,68,no,East,Taxi,185,Anglophone
19,69,Medium,High,Yes,6,72,No,1,Low,Public,1,College,Near,Female,64,yes,South West,Private car,69,Bilingual
20,85,High,Medium,Yes,9,83,Yes,3,Medium,Public,3,College,Near,Male,70,yes,North West,Taxi,154,Anglophone
27,78,High,Low,Yes,5,77,Yes,0,Medium,Private,3,Postgraduate,Near,Male,69,no,North West,Private car,94,Anglophone
14,62,Medium,Medium,Yes,6,78,Yes,0,High,Public,2,College,Near,Female,63,no,East,Private car,155,Bilingual
21,61,Low,Medium,No,7,58,Yes,1,Medium,Public,3,High School,Near,Female,60,yes,South West,Private car,165,Anglophone
26,65,High,Low,No,7,74,Yes,2,Low,Public,4,High School,Near,Female,65,no,Centre,Walk,128,Francophone
23,86,Medium,Medium,No,8,91,Yes,0,Low,Public,0,High School,Near,Male,67,no,East,Walk,26,Francophone
21,83,Medium,Low,No,5,75,Yes,1,Medium,Public,4,College,Near,Male,66,no,South,Walk,91,Anglophone
26,82,Low,High,No,7,60,No,3,Low,Public,3,Postgraduate,Near,Female,68,yes,Centre,Walk,187,Anglophone
4,61,Low,High,Yes,7,71,Yes,0,Low,Public,1,Postgraduate,Near,Male,58,no,East,Bike,171,Anglophone
24,79,Low,High,Yes,5,88,Yes,0,Medium,Public,3,High School,Moderate,Female,67,yes,North West,Bike,159,Anglophone
16,97,Medium,Medium,Yes,8,57,Yes,0,Medium,Public,4,,Near,Male,68,yes,West,Taxi,122,Bilingual
9,76,Medium,Medium,Yes,7,79,Yes,1,Low,Public,3,High School,Near,Female,62,no,South West,Walk,50,Francophone
23,85,Low,High,No,7,98,No,2,Low,Public,3,Postgraduate,Moderate,Female,69,no,West,Bike,46,Anglophone
28,91,Medium,High,Yes,6,69,Yes,1,Medium,Private,4,High School,Far,Male,73,no,Far North,Bus,58,Francophone
19,91,High,Low,No,6,52,Yes,2,Low,Public,4,High School,Moderate,Male,66,yes,North West,Taxi,147,Anglophone
26,81,Low,Medium,Yes,5,82,Yes,0,Medium,Public,5,Postgraduate,Near,Female,67,yes,North,Taxi,135,Anglophone
30,94,Medium,Medium,No,8,52,Yes,1,Medium,Public,4,High School,Near,Female,71,sometimes,North West,Taxi,125,Bilingual
28,76,Medium,Medium,Yes,9,60,Yes,1,Low,Public,2,High School,Far,Male,66,yes,West,Bike,94,Anglophone
30,96,High,Medium,Yes,10,52,Yes,0,High,Public,4,College,Moderate,Female,74,no,Adamawa,Private car,80,Anglophone
24,70,Medium,High,No,8,59,Yes,2,Low,Public,5,High School,Near,Male,67,yes,North West,Bus,146,Francophone
20,71,High,Medium,No,6,93,Yes,2,Medium,Public,2,Postgraduate,Near,Male,68,yes,Adamawa,Bike,55,Anglophone
10,62,Medium,Medium,No,6,87,Yes,2,Low,Public,3,High School,Near,Male,61,sometimes,North West,Taxi,184,Bilingual
19,92,Medium,High,No,8,67,Yes,2,Medium,Private,2,High School,,Female,69,sometimes,Centre,Private car,173,Anglophone
15,77,Low,Medium,Yes,7,95,Yes,4,Low,Public,4,High School,Moderate,Male,65,sometimes,North,Walk,145,Francophone
33,69,Medium,High,Yes,7,83,Yes,2,Medium,Public,2,Postgraduate,Near,Male,71,sometimes,West,Taxi,108,Anglophone
19,69,Medium,Low,No,7,72,Yes,1,Low,Public,2,High School,Far,Female,61,yes,South,Taxi,160,Bilingual
21,96,Medium,High,Yes,9,53,Yes,0,Low,Public,3,College,Near,Male,70,yes,Centre,Taxi,26,Anglophone
23,93,Medium,Low,No,6,87,Yes,2,Medium,Private,3,High School,Moderate,Male,70,sometimes,West,Taxi,97,Francophone
20,82,Medium,High,Yes,9,69,Yes,1,Medium,Public,3,College,Near,Male,69,sometimes,North,Bike,186,Francophone
30,85,High,Low,Yes,7,65,Yes,2,Low,Public,3,High School,Near,Female,70,yes,Far North,Private car,97,Bilingual
16,79,High,Medium,Yes,6,64,Yes,4,Low,Public,4,College,Near,Male,67,sometimes,Littoral,Taxi,71,Bilingual
21,76,Low,Medium,No,6,50,Yes,2,Low,Public,4,Postgraduate,Moderate,Female,63,yes,West,Walk,132,Francophone
16,97,Medium,Medium,No,7,87,Yes,1,High,Public,3,High School,Near,Female,70,sometimes,South,Taxi,107,Anglophone
12,65,Medium,Medium,No,8,57,Yes,1,High,Private,5,High School,Near,Female,61,no,Littoral,Private car,47,Anglophone
16,77,Low,High,Yes,6,76,Yes,1,Low,Public,1,Postgraduate,Moderate,Female,64,sometimes,Centre,Bus,118,Francophone
20,74,Medium,Medium,Yes,8,51,Yes,2,Medium,Public,3,College,Near,Male,65,yes,South West,Taxi,107,Anglophone
17,80,Medium,Medium,No,6,81,Yes,1,Medium,Public,1,College,Far,Male,65,yes,Littoral,Bike,26,Bilingual
16,78,Medium,Low,Yes,7,68,Yes,3,Low,Private,3,Postgraduate,Far,Female,66,sometimes,Far North,Bus,96,Anglophone
12,81,High,High,Yes,5,82,Yes,1,Medium,Public,3,High School,Far,Female,66,yes,Centre,Bike,67,Francophone
20,66,Low,Medium,Yes,8,54,Yes,2,Medium,Public,2,Postgraduate,Near,Male,63,sometimes,Littoral,Bus,128,Francophone
11,81,Low,High,Yes,7,63,Yes,3,Medium,Public,2,Postgraduate,Near,Male,66,sometimes,South,Private car,160,Anglophone
25,70,Medium,Medium,Yes,9,56,Yes,0,Low,Public,1,High School,Far,Male,64,no,Far North,Walk,72,Anglophone
20,67,High,Low,No,8,82,Yes,3,Low,Public,4,High School,Near,Male,65,yes,South,Bus,133,Bilingual
11,63,High,Medium,No,7,55,Yes,3,High,Private,1,Postgraduate,Near,Male,62,sometimes,Littoral,Private car,177,Francophone
18,91,Low,High,Yes,9,81,Yes,4,High,Public,5,High School,Moderate,Male,71,yes,South,Private car,57,Anglophone
15,77,Medium,Medium,Yes,8,57,Yes,1,Low,Public,2,College,Near,Male,63,no,North,Bike,183,Anglophone
22,85,Medium,High,No,9,97,Yes,0,Medium,Public,3,College,Moderate,Male,70,no,North West,Taxi,34,Bilingual
28,89,Medium,Low,Yes,6,71,Yes,2,Low,Private,4,College,Moderate,Male,70,no,North West,Taxi,98,Bilingual
9,87,Medium,Medium,No,8,56,Yes,1,Medium,Public,3,College,Moderate,Female,65,no,South,Private car,154,Bilingual
21,79,High,High,Yes,8,52,Yes,1,Low,Public,3,High School,Near,Female,66,sometimes,South,Bus,157,Bilingual
19,76,Medium,Low,Yes,5,66,Yes,2,Medium,Private,4,College,Near,Female,66,sometimes,West,Walk,178,Francophone
24,75,Medium,Low,No,9,95,Yes,0,Medium,Public,2,College,Near,Male,68,yes,Centre,Private car,31,Anglophone
21,86,High,High,No,5,57,Yes,1,Low,Private,3,High School,Near,Male,68,no,Far North,Taxi,127,Francophone
15,80,High,Medium,Yes,5,90,Yes,4,Medium,Private,3,High School,Near,Female,69,sometimes,East,Bus,166,Francophone
18,94,Medium,Medium,Yes,4,71,Yes,3,High,Public,3,College,Near,Female,71,no,South West,Private car,125,Anglophone
15,95,Medium,Medium,Yes,8,90,Yes,2,Low,Private,1,Postgraduate,Near,Male,69,sometimes,South West,Taxi,58,Anglophone
26,67,Medium,High,Yes,5,94,Yes,0,Medium,Public,2,College,Near,Male,68,sometimes,North,Bus,169,Francophone
20,65,Medium,High,Yes,6,100,Yes,2,Low,Public,5,High School,Moderate,Male,67,sometimes,West,Bike,174,Anglophone
31,85,High,Medium,No,8,53,Yes,2,Low,Public,3,High School,Near,Male,72,sometimes,North,Taxi,147,Francophone
20,72,High,Medium,Yes,7,90,Yes,2,Medium,Public,3,High School,Near,Male,68,sometimes,Centre,Bike,70,Francophone
16,61,High,Medium,Yes,6,53,Yes,0,High,Public,4,High School,Moderate,Female,60,no,South,Bus,162,Bilingual
11,96,Medium,High,No,5,66,Yes,2,Low,Public,4,High School,Moderate,Male,68,sometimes,South West,Bus,73,Francophone
9,69,High,Medium,Yes,7,82,Yes,1,High,Public,2,High School,Near,Female,65,no,West,Bike,136,Bilingual
10,97,Low,High,No,8,72,Yes,0,Low,Public,3,Postgraduate,Moderate,Female,67,no,Far North,Taxi,91,Anglophone
22,89,Low,Medium,No,8,78,Yes,4,High,Private,3,High School,Near,Female,70,yes,Far North,Taxi,58,Anglophone
23,91,Medium,Low,Yes,10,98,Yes,0,Low,Private,3,High School,Near,Female,70,yes,South,Bike,142,Bilingual
11,68,Medium,Medium,No,6,91,Yes,3,Low,Public,2,College,Far,Female,61,no,South West,Bus,115,Bilingual
25,69,High,Low,Yes,5,68,Yes,2,High,Public,4,College,Far,Male,68,no,Far North,Private car,182,Anglophone
17,81,Medium,High,No,7,80,Yes,1,Low,Public,3,Postgraduate,Near,Female,67,yes,West,Bike,151,Anglophone
21,67,Medium,High,No,7,52,Yes,3,Low,Public,3,High School,Moderate,Female,62,no,Adamawa,Walk,68,Francophone
30,72,Medium,Low,No,7,73,Yes,0,High,Public,4,High School,Moderate,Male,66,no,Adamawa,Walk,94,Francophone
25,73,High,Medium,Yes,6,80,Yes,3,High,Public,2,High School,Far,Female,69,yes,West,Bike,80,Anglophone
18,66,Medium,High,Yes,4,86,Yes,2,Medium,Public,4,College,Near,Female,66,no,North,Bike,57,Francophone
15,68,Medium,Medium,Yes,5,95,Yes,0,High,Public,5,College,Near,Female,64,no,Littoral,Bus,137,Anglophone
7,92,High,Medium,No,8,64,Yes,1,Low,Public,4,Postgraduate,Near,Male,66,sometimes,North West,Taxi,143,Anglophone
16,67,Medium,Medium,No,7,95,Yes,2,Medium,Public,5,High School,Near,Male,63,no,Adamawa,Bus,68,Anglophone
19,61,Low,High,Yes,8,83,Yes,1,Medium,Private,3,High School,Near,Male,62,no,West,Taxi,126,Francophone
14,85,Medium,Medium,Yes,8,54,Yes,1,High,Private,4,Postgraduate,Moderate,Male,65,sometimes,Adamawa,Bike,124,Bilingual
19,99,Low,High,No,8,69,Yes,0,High,Private,2,High School,Moderate,Male,68,sometimes,Adamawa,Taxi,190,Anglophone
20,73,High,High,Yes,8,74,Yes,1,Low,Private,4,High School,Moderate,Male,65,sometimes,Adamawa,Bus,145,Anglophone
19,65,Medium,High,Yes,7,68,Yes,1,Low,Public,4,College,Near,Female,63,sometimes,Littoral,Bus,73,Anglophone
16,83,High,High,Yes,7,56,Yes,3,Medium,Public,2,High School,Near,Male,68,sometimes,Littoral,Bike,34,Bilingual
21,96,Medium,High,Yes,4,78,Yes,2,High,Private,2,High School,Near,Male,72,sometimes,Far North,Private car,116,Francophone
23,91,High,Low,No,6,57,Yes,2,Low,Private,3,High School,Near,Male,69,sometimes,South West,Private car,144,Anglophone
13,85,Low,Medium,No,6,96,Yes,1,Low,Public,5,Postgraduate,Far,Male,66,sometimes,Centre,Walk,146,Anglophone
28,73,Low,Low,Yes,7,93,Yes,2,Low,Private,3,College,Near,Male,68,no,North West,Private car,65,Anglophone
19,82,Low,Low,No,6,74,Yes,1,Medium,Public,2,High School,Moderate,Male,64,no,South West,Walk,158,Anglophone
20,64,Medium,Low,Yes,8,53,Yes,1,Low,Public,2,High School,Near,Male,61,sometimes,North,Taxi,146,Bilingual
24,87,Low,Medium,No,6,78,Yes,0,Low,Public,2,Postgraduate,Near,Male,67,no,West,Private car,153,Bilingual
21,89,Medium,Low,Yes,9,80,Yes,0,Medium,Public,3,Postgraduate,Moderate,Male,68,no,Far North,Taxi,62,Francophone
26,99,Medium,Medium,No,6,94,Yes,2,Medium,Public,3,High School,Near,Male,74,yes,West,Walk,95,Bilingual
22,70,Medium,High,Yes,6,53,Yes,3,Medium,Public,2,High School,Near,Female,67,no,South West,Bike,79,Anglophone
16,61,Medium,High,Yes,6,85,Yes,2,Medium,Private,3,High School,Near,Male,64,no,East,Taxi,179,Anglophone
22,82,Low,High,No,6,78,Yes,3,Medium,Public,3,High School,Moderate,Male,69,sometimes,Centre,Bus,55,Bilingual
13,88,High,Medium,Yes,9,59,Yes,0,Low,Private,3,High School,Far,Female,63,no,Littoral,Walk,127,Anglophone
21,92,Medium,Medium,No,7,56,Yes,0,Low,Private,4,High School,Moderate,Female,67,sometimes,West,Bus,170,Francophone
20,68,High,Medium,Yes,7,85,Yes,1,Medium,Public,3,College,Far,Male,65,sometimes,South West,Bike,88,Bilingual
19,70,Medium,Medium,Yes,6,67,Yes,5,Medium,Public,4,Postgraduate,Moderate,Female,67,sometimes,Adamawa,Private car,151,Francophone
19,81,High,Medium,No,7,100,Yes,1,Low,Private,5,Postgraduate,Moderate,Female,68,yes,Far North,Walk,193,Anglophone
9,73,Medium,Low,Yes,7,95,No,3,Low,Private,3,Postgraduate,Near,Male,62,sometimes,Adamawa,Taxi,37,Bilingual
17,94,High,Medium,Yes,7,78,Yes,1,Low,Public,3,College,Near,Female,70,no,South West,Bike,177,Bilingual
21,79,Low,High,Yes,7,82,Yes,1,High,Public,3,High School,Near,Female,67,no,East,Bike,24,Francophone
21,92,High,High,Yes,9,58,Yes,2,High,Public,5,High School,Moderate,Female,89,yes,Littoral,Private car,67,Bilingual
14,83,High,Medium,Yes,7,95,Yes,1,Low,Private,2,High School,Near,Female,65,yes,Littoral,Taxi,130,Francophone
28,91,Low,Medium,Yes,5,73,No,2,Medium,Public,2,High School,Near,Female,69,sometimes,South West,Bike,54,Francophone
15,73,Medium,Medium,No,7,76,Yes,2,Low,Public,4,High School,Far,Female,64,yes,West,Bus,135,Anglophone
26,93,High,Low,No,6,94,Yes,6,High,Private,4,High School,Near,Female,74,sometimes,Centre,Bike,36,Bilingual
23,71,Medium,High,No,8,50,Yes,0,High,Public,2,High School,Far,Female,64,sometimes,North,Private car,73,Anglophone
16,82,Low,High,No,7,75,Yes,0,Low,Public,2,Postgraduate,Moderate,Female,64,no,East,Bike,131,Francophone
31,69,Medium,Low,Yes,9,81,Yes,2,Medium,Private,2,College,Near,Male,67,no,East,Walk,53,Francophone
13,79,Low,Low,Yes,6,58,Yes,2,Medium,Public,4,College,Moderate,Male,63,yes,Centre,Bike,100,Anglophone
26,73,High,Medium,Yes,7,53,Yes,3,Medium,Private,5,High School,Moderate,Female,68,no,South West,Bike,106,Anglophone
26,71,Low,Medium,Yes,5,77,Yes,0,Medium,Public,5,Postgraduate,Near,Male,66,sometimes,Adamawa,Bike,163,Bilingual
16,99,Low,High,Yes,7,77,Yes,0,Low,Public,3,High School,Moderate,Female,68,sometimes,East,Walk,182,Francophone
28,66,Medium,High,No,5,67,Yes,1,High,Private,1,Postgraduate,Moderate,Female,68,sometimes,South West,Walk,181,Bilingual
18,91,Medium,Medium,No,7,94,Yes,3,Low,Private,2,High School,Near,Female,69,sometimes,Adamawa,Taxi,69,Francophone
22,99,High,Low,No,7,65,Yes,3,Low,Public,3,Postgraduate,Near,Female,71,sometimes,North West,Bus,150,Anglophone
22,61,Low,High,Yes,7,76,Yes,1,High,Public,3,College,Near,Female,65,yes,South West,Taxi,153,Anglophone
19,88,Low,Medium,Yes,8,59,Yes,2,Medium,Private,4,High School,Near,Male,67,no,West,Taxi,194,Bilingual
25,70,Medium,Medium,No,7,51,Yes,1,High,Public,4,College,Near,Female,65,sometimes,Adamawa,Walk,88,Bilingual
25,62,High,Medium,No,5,71,Yes,0,Low,Private,4,High School,Moderate,Male,65,yes,West,Bus,148,Francophone
10,76,Medium,Low,No,6,76,Yes,1,High,Public,2,Postgraduate,Near,Male,80,sometimes,West,Private car,33,Bilingual
28,97,Medium,Medium,Yes,7,88,Yes,2,Medium,Public,2,High School,Moderate,Male,74,sometimes,North,Private car,134,Bilingual
10,60,Medium,Medium,No,7,72,No,3,Medium,Public,3,High School,Near,Male,59,sometimes,Adamawa,Bus,108,Bilingual
26,84,Medium,Medium,No,7,64,Yes,2,High,Public,3,High School,Near,Male,69,no,Littoral,Bike,23,Francophone
27,80,Medium,Low,Yes,9,80,Yes,0,High,Public,2,High School,Moderate,Male,66,yes,Far North,Taxi,181,Francophone
13,95,Medium,Medium,Yes,7,69,Yes,1,Low,Public,2,Postgraduate,Moderate,Female,66,no,North West,Bike,50,Francophone
18,63,High,High,No,8,62,Yes,2,High,Public,4,High School,Near,Female,65,yes,South,Bike,69,Bilingual
13,87,High,Medium,Yes,4,96,Yes,3,Low,Public,3,College,Near,Male,67,yes,West,Taxi,38,Anglophone
19,87,High,High,No,8,77,Yes,3,Low,Private,4,High School,Moderate,Male,69,yes,Far North,Bus,182,Anglophone
18,87,Medium,Low,Yes,10,60,Yes,2,Medium,Public,3,High School,Near,Female,68,no,Centre,Bike,45,Francophone
25,98,Medium,Medium,Yes,9,84,Yes,1,Medium,Private,2,Postgraduate,Near,Female,73,yes,Adamawa,Bike,164,Francophone
28,93,Low,High,Yes,6,90,Yes,1,Low,Public,2,High School,Near,Female,71,yes,North,Bus,106,Bilingual
28,62,High,Medium,Yes,10,88,Yes,0,Low,Public,2,Postgraduate,Moderate,Male,67,sometimes,South West,Bus,88,Bilingual
17,79,Medium,Medium,Yes,7,80,Yes,1,High,Public,3,College,Near,Female,67,no,South West,Bus,63,Francophone
19,76,High,Low,No,7,76,Yes,0,High,Public,2,Postgraduate,Near,Male,66,no,North West,Bike,187,Francophone
10,72,Medium,Low,No,7,89,Yes,3,Medium,Public,4,College,Near,Female,63,sometimes,Far North,Private car,127,Bilingual
15,78,High,High,No,7,85,No,1,High,Public,1,High School,Far,Male,65,yes,Adamawa,Bike,101,Anglophone
26,75,Medium,Low,Yes,4,79,Yes,2,High,Public,1,College,Near,Male,67,yes,South,Walk,40,Bilingual
30,77,Medium,Low,Yes,8,83,Yes,1,Low,Public,3,College,Near,Male,69,yes,Far North,Bus,174,Anglophone
13,99,Medium,Medium,Yes,7,58,Yes,1,Low,Public,2,High School,Near,Male,67,yes,South West,Private car,175,Bilingual
16,64,High,Medium,Yes,7,51,Yes,4,High,Public,3,College,Near,Male,66,yes,Far North,Private car,55,Bilingual
20,97,High,High,Yes,7,97,Yes,2,Medium,Private,4,High School,Moderate,Female,74,sometimes,South,Bike,193,Francophone
22,79,High,Medium,No,6,97,No,2,High,Public,2,College,Moderate,Female,69,yes,North,Bus,113,Francophone
15,85,Low,Medium,Yes,7,89,Yes,0,Medium,Public,4,College,Moderate,Female,66,sometimes,West,Private car,113,Bilingual
23,93,High,Low,Yes,9,69,Yes,0,Medium,Private,3,Postgraduate,Moderate,Male,69,yes,East,Private car,163,Bilingual
17,74,Medium,Medium,Yes,8,58,Yes,1,High,Public,2,College,Far,Male,63,sometimes,West,Walk,59,Bilingual
20,77,Medium,Low,Yes,7,68,No,0,Medium,Private,3,College,Near,Female,65,no,East,Bus,74,Anglophone
23,76,Low,Medium,No,7,86,No,1,Low,Private,4,College,Far,Male,64,yes,North West,Walk,156,Anglophone
20,75,Low,Medium,No,7,67,Yes,0,Medium,Private,4,High School,Near,Male,64,yes,Centre,Private car,124,Anglophone
17,97,Low,High,Yes,6,90,Yes,2,Medium,Public,2,High School,Moderate,Male,69,no,Adamawa,Walk,158,Anglophone
19,93,High,High,No,7,84,Yes,5,Low,Public,3,High School,Near,Female,73,yes,South,Private car,114,Francophone
19,64,Medium,Medium,Yes,8,81,Yes,1,Medium,Public,3,High School,Moderate,Male,62,no,North,Walk,77,Francophone
18,64,Low,Low,Yes,7,97,Yes,2,Medium,Private,4,College,Near,Male,62,no,East,Walk,47,Anglophone
18,77,Medium,Medium,Yes,6,95,Yes,0,Medium,Private,2,Postgraduate,Moderate,Female,68,sometimes,Far North,Private car,139,Bilingual
30,64,Medium,Medium,No,7,86,Yes,1,Medium,Private,3,Postgraduate,Far,Female,66,sometimes,Adamawa,Taxi,105,Anglophone
23,85,Low,High,Yes,8,60,Yes,2,Medium,Public,1,College,Moderate,Female,68,yes,Littoral,Bike,55,Anglophone
18,66,Low,High,Yes,5,97,Yes,4,Medium,Public,4,High School,Moderate,Male,66,sometimes,South,Private car,114,Bilingual
24,81,Low,Medium,Yes,6,61,Yes,3,Medium,Public,3,Postgraduate,Near,Male,69,yes,Centre,Private car,180,Bilingual
18,60,Medium,Medium,Yes,5,69,Yes,0,Medium,Public,2,Postgraduate,Near,Female,62,yes,Adamawa,Walk,182,Anglophone
27,73,Low,Medium,No,7,91,Yes,2,High,Public,4,College,Far,Female,68,sometimes,North,Walk,26,Anglophone
22,87,Medium,Medium,No,8,60,Yes,2,Medium,Public,2,College,Moderate,Male,67,yes,South,Bike,96,Anglophone
19,79,Low,Medium,No,9,82,Yes,1,Low,Private,4,High School,Near,Male,65,no,North West,Taxi,25,Francophone
23,99,Low,Medium,No,9,73,Yes,0,Low,Public,4,College,Near,Male,69,sometimes,East,Bus,179,Bilingual
11,95,Medium,Medium,No,6,81,Yes,2,Low,Public,3,High School,Near,Male,67,yes,North West,Bike,22,Anglophone
13,74,Low,Low,Yes,7,98,Yes,0,Medium,Public,3,Postgraduate,Near,Female,64,no,North West,Bike,35,Francophone
13,62,Low,Medium,Yes,6,90,No,3,High,Private,3,Postgraduate,Near,Female,62,sometimes,South,Bike,138,Anglophone
21,94,Medium,Medium,Yes,9,65,Yes,5,High,Private,3,High School,Near,Male,71,sometimes,North,Taxi,85,Bilingual
30,96,Medium,High,Yes,9,53,No,0,Medium,Private,3,High School,Near,Male,72,yes,East,Walk,63,Francophone
33,93,High,High,Yes,7,98,Yes,0,Medium,Public,2,High School,Near,Female,74,sometimes,West,Walk,42,Bilingual
24,65,Low,High,No,6,79,Yes,1,Medium,Public,2,Postgraduate,Near,Male,66,yes,North,Private car,199,Anglophone
23,100,High,Low,Yes,4,59,Yes,2,Medium,Public,4,High School,Near,Female,72,yes,North,Walk,146,Francophone
9,70,High,Medium,No,5,81,Yes,1,High,Private,4,Postgraduate,Near,Female,65,no,South,Bus,162,Bilingual
17,89,High,Medium,Yes,4,52,Yes,0,Low,Public,3,College,Far,Female,67,no,South,Taxi,102,Francophone
15,96,Medium,High,Yes,5,59,Yes,2,Medium,Private,2,High School,Near,Male,70,no,East,Bus,28,Francophone
16,69,High,Medium,Yes,10,82,Yes,0,Low,Public,1,High School,Moderate,Male,62,yes,West,Taxi,106,Anglophone
19,96,Low,Low,Yes,5,70,Yes,0,Low,Public,2,High School,Far,Male,66,yes,Adamawa,Private car,131,Anglophone
17,72,Low,Medium,Yes,5,66,Yes,2,High,Public,3,College,Near,Male,65,sometimes,Centre,Walk,92,Francophone
8,99,Low,High,Yes,6,83,Yes,2,Medium,Public,4,Postgraduate,Near,Male,70,no,Centre,Bike,137,Bilingual
24,71,High,High,Yes,10,93,Yes,2,Medium,Private,2,College,Near,Female,69,yes,Centre,Private car,24,Anglophone
14,98,Medium,Medium,Yes,7,84,Yes,3,High,Public,3,High School,Near,Female,70,no,Littoral,Bike,27,Anglophone
21,62,High,High,No,8,73,Yes,2,High,Private,2,College,Near,Female,66,yes,Littoral,Taxi,143,Anglophone
32,88,Medium,Low,Yes,7,83,Yes,1,Low,Private,4,Postgraduate,Near,Male,73,yes,North West,Walk,116,Bilingual
14,81,High,Medium,No,4,85,Yes,3,Medium,Public,4,Postgraduate,Moderate,Female,69,sometimes,West,Taxi,114,Bilingual
5,79,High,High,Yes,9,89,Yes,3,Medium,Private,3,College,Near,Female,66,sometimes,Far North,Taxi,69,Anglophone
18,69,High,Medium,Yes,8,65,Yes,4,Medium,Public,4,High School,Far,Male,65,no,West,Walk,145,Bilingual
27,88,Medium,Low,No,7,56,Yes,2,Low,Public,4,Postgraduate,Near,Female,70,sometimes,North,Private car,55,Anglophone
32,68,High,High,No,10,84,Yes,0,Medium,Private,2,Postgraduate,Far,Male,70,sometimes,North,Bike,120,Bilingual
13,82,High,Medium,No,6,56,Yes,2,Low,Public,4,Postgraduate,Near,Male,67,no,Centre,Bus,92,Anglophone
23,70,Medium,High,Yes,7,73,Yes,1,Low,Private,3,Postgraduate,Near,Male,68,yes,East,Walk,102,Anglophone
17,98,Medium,Low,Yes,6,62,Yes,1,Medium,Private,2,College,Near,Female,68,no,Littoral,Bus,143,Bilingual
19,61,High,Medium,No,9,67,Yes,0,Low,Public,2,College,Far,Female,61,yes,Adamawa,Bike,26,Francophone
36,68,Medium,Medium,Yes,8,74,Yes,2,Medium,Public,3,High School,Near,Male,70,no,East,Bike,93,Francophone
11,70,High,High,No,7,95,Yes,0,Low,Public,5,College,Moderate,Male,65,no,South West,Private car,88,Bilingual
22,77,Low,Medium,Yes,5,84,No,3,High,Public,2,High School,Moderate,Male,66,no,Far North,Taxi,168,Francophone
23,69,Medium,Medium,Yes,6,59,Yes,3,High,Public,3,Postgraduate,Moderate,Male,67,no,North West,Private car,159,Bilingual
27,80,Low,Low,Yes,5,94,Yes,3,High,Public,3,High School,Near,Male,69,no,Adamawa,Bike,96,Francophone
21,95,Medium,High,No,9,75,Yes,1,Low,Public,2,College,Far,Male,69,yes,North,Taxi,186,Bilingual
22,88,Medium,Medium,Yes,5,60,Yes,1,Low,Public,2,High School,Moderate,Male,67,no,East,Private car,37,Francophone
18,83,High,Low,No,9,76,Yes,0,Medium,Private,4,High School,Near,Female,66,sometimes,South West,Bus,167,Bilingual
22,64,Low,Medium,Yes,9,60,Yes,1,High,Private,2,High School,Near,Male,63,yes,North West,Bike,107,Bilingual
18,88,High,Medium,No,6,68,Yes,0,Medium,Public,4,High School,Far,Female,67,yes,Littoral,Bus,168,Francophone
24,67,High,Low,Yes,6,90,Yes,0,Low,Public,1,College,Far,Male,64,no,Littoral,Taxi,56,Francophone
18,91,Medium,Low,No,6,83,Yes,2,Low,Private,4,High School,Near,Male,68,yes,South,Private car,163,Francophone
22,70,Medium,High,Yes,8,74,Yes,2,Low,Public,2,,Moderate,Male,65,no,East,Bus,114,Francophone
20,77,Medium,Low,No,9,61,Yes,2,Medium,Public,3,High School,Near,Male,65,yes,North,Private car,28,Francophone
27,74,Medium,Low,Yes,9,64,No,1,Low,Public,3,High School,Near,Male,65,no,Adamawa,Walk,39,Francophone
20,94,Low,Medium,Yes,6,99,Yes,0,Medium,Public,4,College,Near,Female,70,sometimes,East,Bus,125,Anglophone
9,65,Medium,High,Yes,9,67,Yes,1,High,Public,3,High School,Near,Female,62,yes,South,Walk,108,Bilingual
28,83,High,Low,No,9,81,Yes,0,Low,Public,4,High School,Moderate,Male,68,sometimes,North West,Private car,102,Francophone
15,66,Low,High,Yes,7,75,Yes,0,High,Public,3,College,Near,Male,62,yes,West,Bus,109,Bilingual
16,88,Medium,High,Yes,7,51,Yes,0,Medium,Public,3,College,Near,Female,68,sometimes,South West,Bus,122,Anglophone
16,96,High,Medium,Yes,9,97,Yes,0,Medium,Private,5,College,Near,Male,72,yes,North West,Private car,58,Francophone
28,77,High,Medium,Yes,9,54,Yes,1,High,Public,3,Postgraduate,Near,Female,70,yes,North,Walk,127,Anglophone
7,80,High,Medium,No,9,83,No,3,Medium,Public,3,High School,Far,Female,62,yes,Littoral,Bus,111,Bilingual
39,97,High,High,Yes,10,91,Yes,2,Low,Public,3,High School,Moderate,Female,79,yes,South West,Bike,131,Bilingual
26,81,Medium,High,Yes,8,87,Yes,2,High,Public,1,Postgraduate,Near,Male,73,no,North,Walk,165,Francophone
21,80,High,High,Yes,7,90,Yes,1,Low,Public,2,College,Far,Male,68,sometimes,South West,Walk,43,Francophone
20,83,High,Medium,Yes,9,87,Yes,0,High,Public,2,High School,Near,Male,68,sometimes,North West,Taxi,24,Anglophone
22,88,Medium,Medium,Yes,10,72,Yes,2,Low,Public,2,High School,Moderate,Female,69,no,Centre,Bus,132,Francophone
23,64,Medium,Low,Yes,6,95,Yes,1,Low,Public,2,College,Far,Female,63,yes,South West,Walk,95,Bilingual
24,93,Medium,Medium,Yes,7,96,No,5,High,Public,4,Postgraduate,Near,Female,74,sometimes,South,Walk,57,Anglophone
23,77,Medium,Medium,Yes,5,72,Yes,2,High,Public,5,College,Moderate,Female,69,yes,North,Walk,121,Anglophone
21,63,Medium,Low,No,8,74,Yes,0,Low,Public,3,High School,Near,Female,61,sometimes,Centre,Bike,114,Francophone
19,91,Medium,Low,Yes,8,74,Yes,4,Medium,Public,2,Postgraduate,Near,Female,69,yes,West,Walk,129,Francophone
19,75,Medium,Low,No,6,64,Yes,2,Low,Public,3,High School,Near,Female,64,no,West,Bike,169,Francophone
19,64,Medium,Medium,Yes,9,56,Yes,2,Low,Public,4,Postgraduate,Far,Female,63,yes,South,Private car,43,Anglophone
27,85,Low,High,No,6,63,Yes,1,Low,Public,2,College,Near,Male,68,sometimes,Far North,Private car,114,Anglophone
24,95,High,Medium,Yes,6,92,Yes,2,Low,Public,3,High School,Far,Male,72,no,Far North,Bus,178,Francophone
2,96,Low,High,Yes,9,77,Yes,3,Medium,Public,2,High School,Far,Female,65,yes,East,Walk,170,Bilingual
24,98,Low,Low,No,6,93,No,2,Low,Public,4,College,Near,Male,69,no,East,Private car,90,Bilingual
21,95,Medium,Low,No,5,87,Yes,2,Medium,Private,4,High School,Near,Male,70,sometimes,Adamawa,Bike,137,Bilingual
20,60,Medium,Medium,Yes,8,67,Yes,1,Medium,Public,4,Postgraduate,Moderate,Female,63,sometimes,East,Walk,54,Francophone
18,75,Low,Medium,Yes,7,59,Yes,0,Medium,Public,2,High School,Near,Female,62,yes,South West,Taxi,29,Francophone
27,93,Medium,Medium,Yes,9,78,Yes,1,Low,Public,2,Postgraduate,Near,Female,72,sometimes,South West,Bike,71,Francophone
26,75,High,High,No,8,97,Yes,1,Low,Public,4,High School,Far,Male,69,no,East,Private car,68,Anglophone
15,84,Medium,Medium,No,4,92,Yes,2,Medium,Public,3,High School,Moderate,Female,66,sometimes,Far North,Walk,126,Bilingual
22,84,Medium,Medium,Yes,9,88,Yes,2,Low,Private,4,Postgraduate,Near,Male,71,sometimes,Adamawa,Bike,98,Francophone
14,75,Low,Low,No,10,88,Yes,2,Low,Private,3,College,Moderate,Female,62,no,West,Bike,182,Bilingual
12,96,Medium,Low,Yes,9,76,Yes,2,Medium,Public,2,High School,Near,Male,68,sometimes,Centre,Taxi,162,Francophone
16,80,High,Low,No,9,58,Yes,0,Medium,Public,2,High School,Near,Female,63,sometimes,Centre,Taxi,22,Anglophone
25,79,Medium,Medium,Yes,7,64,Yes,0,Low,Public,3,College,Far,Female,66,no,Littoral,Bike,167,Anglophone
26,100,High,Medium,Yes,6,79,Yes,1,Medium,Public,3,College,Moderate,Male,75,sometimes,Far North,Walk,47,Bilingual
23,80,Medium,Low,Yes,7,66,Yes,1,High,Private,4,College,Near,Female,69,yes,Far North,Taxi,155,Bilingual
24,67,High,Medium,No,8,89,Yes,2,High,Private,3,High School,Near,Female,68,no,North West,Taxi,160,Anglophone
23,81,High,Medium,No,8,69,Yes,5,Medium,Public,2,High School,Moderate,Male,69,no,Far North,Taxi,82,Anglophone
16,93,High,Low,No,6,56,Yes,2,Low,Public,4,High School,Near,Male,67,sometimes,Centre,Taxi,96,Francophone
23,91,High,Medium,Yes,6,89,Yes,3,Medium,Private,3,Postgraduate,Near,Male,73,yes,East,Walk,42,Francophone
25,92,Medium,High,Yes,5,85,Yes,1,Low,Public,1,College,Near,Male,71,sometimes,East,Taxi,194,Francophone
25,88,High,Medium,Yes,8,63,Yes,2,High,Public,3,High School,Moderate,Female,71,no,South,Bus,102,Anglophone
27,70,Medium,Medium,No,6,99,Yes,2,Low,Private,2,High School,Near,Female,68,yes,South,Private car,25,Bilingual
24,94,High,Low,No,7,70,Yes,1,High,Public,1,High School,Near,Male,70,no,Far North,Bus,86,Bilingual
22,96,Low,High,Yes,10,84,Yes,1,High,Public,3,High School,Near,Male,71,sometimes,South West,Bike,136,Francophone
26,68,Medium,High,No,8,96,Yes,1,Medium,Public,2,High School,Near,Male,69,sometimes,South West,Taxi,173,Anglophone
20,65,High,Medium,No,7,58,No,3,Low,Private,4,High School,Near,Male,63,sometimes,East,Walk,113,Bilingual
15,99,Low,Medium,Yes,8,94,Yes,2,Medium,Private,3,Postgraduate,Near,Male,71,no,Adamawa,Bus,37,Bilingual
19,95,Medium,Medium,Yes,9,85,No,2,Low,Public,3,College,Near,Male,69,sometimes,North West,Bike,134,Anglophone
16,96,High,Medium,Yes,5,58,Yes,2,High,Public,5,Postgraduate,Moderate,Male,71,no,Adamawa,Walk,67,Bilingual
16,95,Medium,Low,No,6,83,Yes,2,Low,Private,3,High School,Near,Female,68,yes,Littoral,Bike,146,Anglophone
19,82,Medium,Medium,No,7,94,Yes,1,Medium,Public,3,High School,Near,Female,68,no,North West,Bike,54,Francophone
15,86,Medium,Low,No,6,90,Yes,0,Medium,Public,3,Postgraduate,Far,Male,66,sometimes,South West,Bus,167,Anglophone
18,82,Medium,Medium,No,7,88,Yes,3,Low,Public,3,College,Moderate,Female,67,yes,South West,Taxi,112,Anglophone
9,62,Low,High,Yes,5,58,Yes,0,Medium,Private,5,College,Moderate,Female,59,no,Far North,Bike,195,Anglophone
21,90,Low,Medium,No,8,60,Yes,1,Low,Public,2,College,Near,Female,66,no,North West,Private car,123,Bilingual
20,80,Low,Low,No,6,77,Yes,0,Medium,Private,3,High School,Near,Male,64,yes,Centre,Bus,124,Francophone
15,86,Medium,Medium,No,7,79,Yes,1,Low,Public,3,High School,Moderate,Female,64,sometimes,South West,Walk,91,Bilingual
24,80,Medium,High,Yes,7,97,Yes,0,Low,Private,4,High School,Moderate,Female,69,yes,South West,Bike,163,Francophone
26,80,High,Low,No,8,73,Yes,1,Medium,Public,3,High School,Near,Male,69,yes,North,Bike,94,Francophone
10,67,Medium,Medium,No,4,65,No,3,Medium,Public,3,High School,Near,Male,61,yes,Adamawa,Private car,82,Anglophone
15,71,High,High,No,8,60,Yes,0,Low,Private,3,High School,Far,Female,62,sometimes,Centre,Bus,194,Bilingual
15,66,Low,Medium,No,7,53,Yes,2,Medium,Public,3,College,Near,Female,61,no,North,Bus,183,Anglophone
14,68,Medium,Medium,Yes,8,53,Yes,1,Medium,Private,2,College,Near,Female,63,yes,Far North,Taxi,118,Bilingual
25,99,Medium,Low,No,5,79,Yes,2,Low,Public,4,College,Near,Female,71,no,East,Walk,83,Anglophone
19,66,High,High,Yes,8,59,Yes,1,Medium,Public,2,Postgraduate,Moderate,Female,65,no,Far North,Bike,88,Bilingual
18,71,High,High,Yes,9,93,Yes,1,Low,Private,4,College,Moderate,Male,68,no,North,Bus,145,Bilingual
8,84,High,High,No,7,80,Yes,1,High,Public,4,High School,Moderate,Male,67,sometimes,West,Walk,193,Bilingual
24,84,Low,High,Yes,6,93,Yes,2,Low,Public,1,High School,Near,Female,70,no,East,Walk,183,Francophone
13,66,High,Medium,Yes,6,71,Yes,3,Medium,Public,3,High School,Near,Male,64,no,West,Private car,23,Anglophone
20,92,Medium,High,No,8,80,Yes,0,Medium,Private,3,College,Near,Male,71,no,South,Private car,130,Bilingual
22,91,High,Medium,Yes,8,76,Yes,2,Medium,Public,3,College,Moderate,Female,71,no,South West,Bike,146,Bilingual
28,69,Medium,High,No,8,99,Yes,0,High,Private,3,High School,Moderate,Female,67,yes,East,Walk,116,Bilingual
12,72,Medium,Low,Yes,7,90,Yes,0,High,Public,3,Postgraduate,Far,Male,63,yes,East,Private car,30,Francophone
2,98,Low,High,Yes,7,80,Yes,2,Low,Public,1,High School,Near,Male,66,yes,East,Bike,171,Bilingual
21,93,Medium,Low,Yes,7,80,Yes,3,High,Public,1,High School,Moderate,Male,70,sometimes,South,Taxi,64,Francophone
31,88,Medium,Low,No,6,62,Yes,2,Low,Private,4,High School,Near,Male,70,yes,Littoral,Private car,160,Anglophone
27,63,Low,Medium,Yes,8,87,Yes,3,Low,Private,3,High School,Near,Female,67,no,North West,Walk,80,Bilingual
21,77,Low,Medium,No,7,99,Yes,3,Medium,Public,3,Postgraduate,Near,Male,69,sometimes,Adamawa,Bus,51,Bilingual
17,82,High,Low,No,9,56,Yes,3,High,Public,2,High School,Near,Female,66,no,East,Private car,26,Anglophone
25,67,Medium,High,No,9,82,Yes,1,Medium,Public,3,Postgraduate,Far,Female,67,no,West,Bus,93,Bilingual
14,78,High,Medium,Yes,7,76,Yes,0,High,Public,2,College,Near,Female,65,sometimes,North,Walk,150,Francophone
23,84,High,High,Yes,8,93,Yes,1,High,Public,3,Postgraduate,Far,Male,72,no,West,Bus,180,Anglophone
23,73,High,High,No,6,50,Yes,1,Medium,Public,3,College,Near,Male,68,yes,Far North,Taxi,163,Francophone
26,91,High,Medium,Yes,7,57,Yes,3,Medium,Public,3,College,Near,Male,72,sometimes,North,Bike,198,Anglophone
37,94,High,Medium,Yes,8,52,Yes,1,Low,Private,3,Postgraduate,Near,Male,76,no,Centre,Bike,65,Bilingual
22,73,Medium,Low,Yes,5,58,Yes,4,Low,Public,3,College,Near,Female,65,no,Littoral,Taxi,85,Anglophone
17,94,Low,Medium,No,8,85,Yes,1,Medium,Public,4,High School,Near,Male,68,no,Adamawa,Walk,157,Francophone
20,64,Medium,Medium,Yes,6,57,Yes,3,Low,Public,4,College,Near,Female,65,no,Littoral,Walk,23,Anglophone
9,94,Medium,Medium,Yes,6,81,Yes,0,Low,Public,3,High School,Near,Male,66,no,Centre,Bus,128,Francophone
16,66,Low,Medium,No,6,93,Yes,7,Low,Public,2,High School,Far,Male,63,no,Adamawa,Walk,40,Anglophone
18,63,Medium,Low,No,7,52,Yes,2,High,Public,3,Postgraduate,Moderate,Female,63,yes,North West,Walk,50,Bilingual
17,86,Medium,Medium,Yes,5,51,Yes,2,Low,Private,2,Postgraduate,Moderate,Male,66,no,North West,Walk,50,Bilingual
21,79,High,Low,Yes,8,99,Yes,2,Low,Public,4,High School,Near,Male,69,yes,South West,Bike,147,Anglophone
15,96,Medium,High,Yes,7,84,Yes,3,Medium,Public,1,Postgraduate,Near,Male,72,no,North,Bus,183,Anglophone
27,75,Medium,Low,Yes,10,57,Yes,3,High,Public,3,High School,Near,Male,66,sometimes,West,Bus,73,Anglophone
20,71,Medium,Medium,Yes,7,65,No,2,Medium,Public,4,High School,Moderate,Female,64,no,East,Bike,190,Anglophone
20,80,Medium,Low,Yes,8,99,Yes,0,Low,Private,3,High School,,Male,67,yes,South West,Private car,168,Francophone
18,78,High,High,Yes,6,61,Yes,1,Low,Private,5,High School,Near,Male,67,yes,Far North,Private car,137,Anglophone
21,74,Low,Medium,Yes,5,88,Yes,1,Medium,Public,1,College,Near,Male,66,no,South West,Taxi,144,Francophone
25,88,Medium,Low,Yes,8,62,Yes,2,Low,Public,2,High School,Near,Female,68,no,Far North,Taxi,81,Francophone
15,90,Medium,Medium,No,5,70,Yes,0,Medium,Private,2,High School,Moderate,Male,65,sometimes,Centre,Taxi,118,Bilingual
16,94,Medium,High,Yes,8,94,Yes,2,Low,Private,3,High School,Near,Male,71,yes,Far North,Bus,102,Anglophone
18,99,Medium,High,Yes,10,51,Yes,1,Medium,Public,4,Postgraduate,Near,Male,71,sometimes,Littoral,Taxi,152,Bilingual
12,71,Medium,Medium,Yes,8,65,Yes,1,Medium,Private,2,High School,Moderate,Male,62,yes,North West,Taxi,96,Anglophone
15,89,Medium,High,Yes,8,74,Yes,2,Medium,Public,2,College,Near,Male,69,no,Littoral,Bike,35,Anglophone
17,76,Medium,Low,No,7,81,Yes,4,High,Private,2,High School,Near,Male,65,no,Far North,Private car,44,Francophone
25,87,High,Low,No,6,51,Yes,3,Medium,Public,3,Postgraduate,Near,Male,70,no,Adamawa,Taxi,54,Anglophone
22,79,Medium,Medium,Yes,7,71,Yes,2,Low,Private,2,College,Moderate,Male,66,sometimes,North West,Taxi,139,Bilingual
21,100,Medium,Medium,No,6,67,Yes,0,High,Public,3,High School,Far,Male,70,yes,South,Private car,126,Anglophone
25,89,Medium,High,No,5,51,Yes,2,Medium,Private,2,Postgraduate,Moderate,Female,70,sometimes,South West,Walk,52,Francophone
19,98,Low,High,Yes,7,68,Yes,1,Low,Private,4,High School,Moderate,Female,69,yes,Adamawa,Bike,62,Anglophone
22,93,High,Low,Yes,9,97,Yes,2,Medium,Public,3,High School,Near,Male,71,sometimes,North,Bus,80,Francophone
19,96,Medium,Medium,No,5,64,Yes,1,Medium,Public,3,High School,Near,Male,69,sometimes,Littoral,Private car,63,Bilingual
22,93,High,Medium,No,9,79,Yes,2,Medium,Public,2,Postgraduate,Near,Female,73,sometimes,West,Bike,97,Bilingual
17,78,Medium,Medium,Yes,9,65,Yes,1,Medium,Public,4,High School,Moderate,Female,65,no,North West,Bike,171,Francophone
5,70,High,High,Yes,8,55,Yes,3,Low,Public,3,High School,Near,Male,62,yes,East,Walk,97,Francophone
19,75,Medium,High,No,8,64,Yes,2,High,Public,5,Postgraduate,Moderate,Female,67,sometimes,Littoral,Walk,180,Bilingual
29,61,Low,Medium,Yes,7,74,Yes,1,Medium,Public,3,Postgraduate,Moderate,Male,65,sometimes,South,Walk,189,Anglophone
26,81,Low,Medium,No,7,65,Yes,1,Medium,Public,3,High School,Far,Male,65,sometimes,West,Taxi,96,Bilingual
26,80,Medium,High,Yes,6,81,Yes,0,Medium,Public,2,College,Near,Female,70,no,East,Private car,144,Anglophone
27,81,Medium,Medium,Yes,7,97,Yes,1,Medium,Public,2,College,Near,Female,70,sometimes,West,Taxi,179,Anglophone
21,99,Medium,High,Yes,7,53,Yes,0,Medium,Public,4,Postgraduate,Near,Female,71,yes,Far North,Private car,161,Anglophone
21,96,High,Low,No,10,86,Yes,1,Low,Public,3,College,Near,Male,71,no,Adamawa,Walk,39,Anglophone
16,66,Medium,Medium,Yes,8,50,Yes,1,Medium,Public,4,High School,Moderate,Male,62,sometimes,West,Walk,146,Anglophone
18,75,Medium,Low,No,7,50,Yes,4,Low,Public,2,Postgraduate,Near,Female,65,sometimes,Adamawa,Bus,83,Anglophone
24,77,High,Medium,Yes,7,57,Yes,3,Medium,Public,2,College,Far,Male,84,sometimes,North West,Bike,106,Anglophone
27,74,Medium,Medium,Yes,6,74,Yes,2,Medium,Public,2,College,Far,Male,68,sometimes,Adamawa,Taxi,69,Francophone
19,92,High,Medium,Yes,6,52,Yes,3,High,Public,1,High School,Near,Male,70,no,Adamawa,Bus,132,Anglophone
17,81,Medium,High,No,8,86,Yes,1,Medium,Private,3,Postgraduate,Near,Male,68,no,South West,Walk,130,Francophone
20,83,Medium,Medium,No,6,51,Yes,2,Low,Public,4,Postgraduate,Near,Male,67,no,North,Walk,110,Francophone
24,94,Low,Medium,Yes,6,75,Yes,1,Low,Public,4,High School,Near,Female,69,yes,Adamawa,Bike,168,Francophone
11,92,High,High,Yes,6,84,Yes,2,Low,Public,1,High School,Near,Female,68,sometimes,Centre,Bus,156,Anglophone
6,65,High,High,No,6,62,No,3,Low,Public,1,High School,Near,Male,59,no,West,Private car,42,Francophone
17,89,High,Low,Yes,9,79,No,0,Medium,Public,2,College,Near,Female,67,yes,North West,Walk,27,Anglophone
13,77,Medium,High,Yes,7,63,Yes,0,High,Public,1,High School,Moderate,Male,63,yes,Adamawa,Bike,28,Anglophone
17,72,High,High,Yes,7,61,Yes,1,Medium,Public,4,High School,Near,Female,65,no,North,Walk,138,Bilingual
19,62,Medium,Medium,No,7,91,Yes,1,Low,Public,3,College,Near,Male,63,sometimes,Adamawa,Bike,38,Francophone
17,79,Medium,Medium,No,7,67,Yes,1,Low,Private,3,High School,Near,Female,64,no,South West,Bike,184,Anglophone
29,74,High,Medium,Yes,6,91,Yes,3,Low,Public,4,College,Far,Female,72,yes,North West,Taxi,93,Anglophone
22,70,Low,Medium,Yes,5,61,Yes,1,Low,Public,3,College,Moderate,Male,63,no,East,Bike,118,Anglophone
22,88,Medium,Medium,No,9,68,No,2,Medium,Public,2,High School,Near,Male,66,yes,South West,Walk,63,Francophone
24,91,Medium,Medium,Yes,8,55,Yes,0,Medium,Private,2,College,Moderate,Female,67,sometimes,Adamawa,Taxi,93,Francophone
13,70,High,High,Yes,8,75,Yes,1,High,Public,2,Postgraduate,Moderate,Male,66,sometimes,Littoral,Taxi,109,Francophone
26,62,Medium,Medium,Yes,8,69,Yes,2,Medium,Public,3,College,Moderate,Female,66,yes,North West,Taxi,132,Anglophone
20,94,Medium,Medium,Yes,10,50,Yes,1,Low,Private,4,Postgraduate,Near,Female,68,sometimes,Far North,Bike,82,Anglophone
24,60,High,High,No,6,73,Yes,1,Low,Private,5,Postgraduate,Moderate,Male,66,no,West,Walk,190,Anglophone
14,97,Medium,Medium,Yes,5,54,Yes,3,Medium,Public,2,College,Near,Female,68,yes,West,Bus,71,Bilingual
11,85,Medium,Medium,Yes,8,92,Yes,2,Medium,Public,4,High School,Far,Female,65,yes,South,Bus,108,Anglophone
25,73,Medium,Medium,Yes,5,75,Yes,0,Medium,Private,2,College,Near,Female,67,sometimes,North,Walk,46,Francophone
22,70,High,Low,No,7,85,Yes,0,High,Private,3,High School,Far,Male,64,sometimes,Far North,Bike,106,Francophone
15,60,Low,High,No,7,91,Yes,0,Low,Private,2,College,Far,Male,59,sometimes,Far North,Private car,130,Francophone
15,69,Medium,Medium,Yes,8,53,No,0,High,Private,3,High School,Near,Male,60,sometimes,North West,Bus,139,Francophone
27,66,Low,High,No,6,67,Yes,1,High,Public,4,College,Far,Female,65,sometimes,Far North,Walk,116,Francophone
13,84,Medium,Medium,Yes,9,51,Yes,0,Low,Public,4,High School,Near,Female,64,yes,Littoral,Bike,168,Bilingual
30,67,Medium,High,No,6,52,Yes,1,Low,Public,1,High School,Near,Female,66,yes,South,Bus,199,Francophone
15,81,Medium,Medium,Yes,8,52,Yes,0,Medium,Public,2,Postgraduate,Near,Male,65,yes,South West,Private car,24,Bilingual
24,84,Medium,Medium,Yes,6,74,Yes,2,Medium,Public,2,High School,Far,Male,69,no,Centre,Bus,166,Bilingual
18,72,High,High,Yes,8,73,Yes,0,Medium,Private,4,High School,Near,Female,66,no,North West,Bike,124,Anglophone
24,61,High,Medium,Yes,5,53,Yes,1,Low,Private,5,College,,Female,65,no,South West,Private car,189,Anglophone
17,61,High,Medium,No,7,63,Yes,1,Medium,Public,4,College,Moderate,Female,62,no,North,Taxi,108,Bilingual
19,61,Medium,Low,No,9,62,Yes,2,Medium,Public,2,High School,Far,Female,60,sometimes,East,Walk,160,Anglophone
20,90,Low,Medium,No,7,65,No,4,Low,Public,4,College,Moderate,Female,68,yes,Littoral,Taxi,181,Bilingual
14,73,Medium,High,Yes,9,82,Yes,1,Medium,Public,3,High School,Near,Female,64,no,North,Bus,82,Bilingual
24,92,High,High,No,7,85,Yes,0,Medium,Public,3,College,Near,Female,73,sometimes,South,Private car,138,Anglophone
17,77,Medium,Medium,Yes,6,67,Yes,1,Low,Public,1,College,Near,Male,64,yes,North,Bus,145,Anglophone
19,78,High,High,No,7,89,Yes,2,Medium,Public,4,,Moderate,Female,69,yes,Adamawa,Taxi,85,Anglophone
14,81,Low,Medium,No,8,71,Yes,1,Low,Public,3,Postgraduate,Near,Female,63,yes,South West,Walk,47,Bilingual
5,89,Medium,Medium,Yes,4,76,Yes,2,Medium,Public,3,College,Near,Male,65,yes,North West,Private car,171,Bilingual
19,71,Medium,Medium,No,8,57,Yes,2,Medium,Public,4,High School,Moderate,Male,65,yes,Littoral,Walk,71,Bilingual
34,65,Medium,Medium,Yes,6,62,Yes,0,Medium,Public,3,High School,Near,Male,67,yes,South,Walk,126,Bilingual
25,82,Medium,Medium,Yes,5,86,No,0,Low,Public,4,High School,Near,Male,67,sometimes,Far North,Taxi,163,Anglophone
20,73,Medium,Medium,No,8,99,Yes,1,Medium,Private,3,High School,Near,Male,66,sometimes,South West,Private car,119,Bilingual
18,78,Medium,High,Yes,9,85,Yes,1,Low,Private,2,Postgraduate,Near,Male,68,no,West,Private car,145,Francophone
20,86,Medium,Low,Yes,7,53,Yes,1,Low,Public,2,High School,Near,Male,65,sometimes,Adamawa,Taxi,66,Francophone
23,80,Low,Low,Yes,5,57,Yes,1,Low,Public,4,Postgraduate,Near,Male,66,no,West,Private car,163,Anglophone
13,85,High,Low,Yes,6,72,Yes,2,Low,Public,1,College,Moderate,Female,66,no,Far North,Taxi,186,Francophone
27,82,Medium,Medium,Yes,6,87,No,2,Low,Public,2,High School,Near,Male,69,yes,West,Taxi,53,Francophone
24,90,Medium,Medium,No,7,58,Yes,2,Low,Private,2,Postgraduate,Near,Male,70,yes,Adamawa,Walk,189,Anglophone
24,88,Medium,Low,Yes,7,88,Yes,2,Medium,Private,2,Postgraduate,Moderate,Male,71,yes,Far North,Private car,81,Anglophone
23,81,High,Medium,No,8,78,Yes,4,Low,Public,3,High School,Moderate,Male,70,no,North West,Taxi,31,Anglophone
20,87,Medium,Medium,No,8,89,Yes,2,Medium,Public,3,High School,Moderate,Male,68,sometimes,North,Bus,128,Bilingual
24,95,High,High,Yes,8,78,Yes,2,Low,Public,2,Postgraduate,Far,Female,73,yes,North,Walk,78,Bilingual
24,77,Medium,High,No,8,80,Yes,1,Low,Public,2,High School,Moderate,Female,68,no,East,Bike,186,Francophone
18,77,Medium,Medium,Yes,7,62,Yes,2,High,Private,4,College,Near,Male,66,yes,South West,Bike,65,Bilingual
17,91,Medium,Low,Yes,10,86,Yes,1,Medium,Public,3,Postgraduate,Moderate,Female,67,sometimes,West,Private car,141,Bilingual
21,83,Medium,Low,Yes,8,92,Yes,2,Medium,Private,4,High School,Near,Male,66,yes,North West,Walk,161,Bilingual
29,63,Medium,High,Yes,8,94,Yes,0,Medium,Private,2,Postgraduate,Near,Female,69,yes,East,Walk,173,Francophone
13,96,Medium,Medium,No,10,51,Yes,1,Low,Public,3,Postgraduate,Near,Female,67,sometimes,Littoral,Bike,76,Francophone
11,61,Medium,Low,Yes,7,81,Yes,5,Medium,Public,4,High School,Near,Male,61,sometimes,South West,Private car,43,Francophone
21,90,Medium,Medium,No,6,99,Yes,2,Low,Private,3,College,Near,Female,70,yes,Far North,Bike,72,Anglophone
20,90,High,High,No,9,79,Yes,2,Low,Public,2,High School,Near,Female,70,no,South West,Private car,129,Francophone
21,98,Medium,Medium,Yes,9,59,No,3,Medium,Public,3,College,Near,Female,70,sometimes,Adamawa,Walk,119,Francophone
21,62,Medium,Medium,No,7,94,Yes,1,Low,Private,3,College,Moderate,Female,64,no,Adamawa,Bus,178,Anglophone
19,84,High,Medium,No,10,63,Yes,0,Low,Public,3,College,Far,Female,65,yes,Littoral,Bike,141,Bilingual
29,77,Medium,Medium,No,7,52,Yes,5,Low,Public,4,College,Near,Female,70,sometimes,North West,Private car,125,Bilingual
10,73,Low,High,Yes,8,72,Yes,1,Low,Public,2,College,Moderate,Female,62,sometimes,Adamawa,Walk,61,Anglophone
15,64,High,High,Yes,9,55,Yes,1,Medium,Public,3,College,Near,Female,64,yes,Far North,Walk,20,Bilingual
19,83,Medium,High,Yes,7,56,Yes,1,Medium,Private,3,College,Far,Female,67,sometimes,East,Bike,189,Bilingual
10,79,High,Medium,No,8,73,No,1,Low,Public,4,High School,Near,Female,63,sometimes,Littoral,Private car,176,Anglophone
19,64,Low,Medium,Yes,9,81,Yes,0,Medium,Public,3,High School,Near,Male,62,sometimes,South West,Private car,55,Francophone
30,84,Low,Medium,No,6,95,Yes,2,High,Public,2,College,Near,Male,72,sometimes,Centre,Taxi,69,Anglophone
20,90,Low,Medium,No,6,85,No,3,Low,Private,2,College,Near,Male,69,yes,South West,Walk,167,Bilingual
21,91,Medium,High,Yes,9,92,Yes,5,Low,Private,2,High School,Near,Male,72,sometimes,North West,Bike,64,Anglophone
12,96,Low,Medium,Yes,7,71,Yes,2,Medium,Private,2,College,Near,Male,68,no,Centre,Bike,59,Bilingual
16,76,Low,Medium,No,6,66,Yes,1,Medium,Private,3,Postgraduate,Near,Female,64,sometimes,Adamawa,Bus,106,Francophone
18,98,High,High,Yes,7,80,Yes,3,Low,Private,1,College,Near,Female,72,yes,Far North,Bike,97,Francophone
18,95,High,High,Yes,8,85,Yes,2,Low,Public,3,College,Near,Female,73,yes,West,Private car,195,Bilingual
28,72,High,Medium,Yes,5,78,No,5,Medium,Private,2,College,Far,Male,67,no,North West,Walk,51,Francophone
23,66,High,Low,Yes,8,63,Yes,0,Low,Public,4,College,Near,Female,64,no,South West,Walk,94,Francophone
13,77,Medium,Medium,Yes,8,68,Yes,3,High,Private,3,High School,Near,Female,65,sometimes,Littoral,Bus,62,Bilingual
21,76,High,High,Yes,9,72,Yes,1,Low,Public,3,High School,Moderate,Female,67,yes,Far North,Taxi,190,Anglophone
23,83,Medium,Medium,Yes,7,51,Yes,3,Medium,Public,2,College,Moderate,Male,68,sometimes,Littoral,Bus,34,Francophone
27,83,Medium,High,Yes,9,94,Yes,2,Low,Public,2,High School,,Male,72,no,South,Bike,165,Bilingual
29,90,High,Low,Yes,7,76,Yes,1,Medium,Public,3,High School,Moderate,Female,71,sometimes,West,Taxi,79,Anglophone
14,80,Medium,Medium,Yes,7,88,Yes,1,Medium,Private,3,High School,Near,Male,66,no,East,Walk,38,Bilingual
15,64,High,Medium,No,7,59,Yes,0,Low,Public,3,High School,Near,Female,59,sometimes,Littoral,Bike,63,Francophone
12,94,Medium,Medium,Yes,10,78,Yes,1,Medium,Public,2,High School,Near,Female,68,no,Far North,Private car,66,Bilingual
19,72,Low,High,Yes,5,96,No,3,Low,Public,2,High School,Moderate,Female,64,sometimes,Far North,Taxi,134,Bilingual
23,99,Low,Medium,No,8,61,Yes,2,High,Private,3,High School,Near,Female,70,yes,Far North,Private car,122,Francophone
26,65,Low,Medium,Yes,7,67,Yes,4,High,Private,3,High School,Moderate,Female,65,yes,West,Taxi,168,Francophone
20,98,High,Medium,Yes,7,69,No,2,High,Public,2,College,Near,Female,72,sometimes,East,Bus,79,Anglophone
18,64,High,High,No,8,69,Yes,3,High,Public,3,College,Moderate,Male,66,sometimes,Centre,Bike,180,Bilingual
21,69,Medium,Medium,Yes,9,80,Yes,2,Medium,Public,5,College,Near,Male,68,no,Centre,Bus,30,Bilingual
15,62,Medium,High,No,8,70,Yes,1,Low,Private,3,College,Near,Male,62,no,North West,Bike,193,Anglophone
33,88,Medium,Low,No,9,84,Yes,1,Low,Public,3,High School,Near,Male,70,no,Centre,Private car,55,Bilingual
10,94,High,Medium,Yes,7,74,Yes,3,High,Public,3,College,Moderate,Male,70,sometimes,South West,Bike,167,Anglophone
21,77,Medium,Low,Yes,7,58,Yes,0,Low,Public,3,College,Near,Male,64,no,Centre,Taxi,20,Francophone
32,97,High,Low,Yes,5,97,Yes,1,Low,Public,5,College,Moderate,Female,76,yes,South West,Private car,64,Francophone
20,84,Medium,Medium,Yes,10,62,Yes,1,Medium,Public,2,College,Moderate,Male,67,no,Adamawa,Taxi,40,Francophone
19,85,High,High,No,7,78,Yes,2,Low,Private,3,College,Near,Male,69,no,Centre,Bike,166,Bilingual
18,94,Medium,Low,Yes,7,53,Yes,4,Medium,Public,3,High School,Far,Female,68,yes,Adamawa,Bus,120,Anglophone
19,72,Medium,Medium,Yes,8,96,Yes,1,Medium,Public,2,Postgraduate,Moderate,Female,67,sometimes,West,Bus,68,Bilingual
28,74,Medium,Medium,Yes,9,96,Yes,0,High,Private,3,High School,Near,Female,69,sometimes,North West,Walk,43,Bilingual
7,96,High,Medium,Yes,6,68,Yes,2,Low,Public,1,High School,Near,Female,67,sometimes,Centre,Private car,62,Anglophone
29,96,High,High,Yes,9,56,Yes,0,Low,Private,4,High School,Near,Male,73,yes,South,Bus,175,Anglophone
11,99,Medium,High,Yes,7,88,No,4,Medium,Private,3,College,Near,Male,71,yes,Littoral,Bike,59,Francophone
18,96,Medium,Low,No,9,63,Yes,4,Low,Private,3,Postgraduate,Near,Male,70,no,South West,Bus,95,Anglophone
17,65,High,Medium,Yes,6,85,Yes,1,Low,Private,3,,Near,Male,65,sometimes,Littoral,Private car,81,Bilingual
24,93,High,Medium,Yes,8,96,Yes,0,Medium,Public,1,Postgraduate,Moderate,Male,73,yes,North West,Taxi,195,Anglophone
10,76,Medium,Medium,Yes,7,80,Yes,1,Low,Public,4,Postgraduate,Near,Female,65,sometimes,North West,Walk,180,Bilingual
23,100,Low,Medium,Yes,5,93,Yes,4,Low,Private,3,Postgraduate,Moderate,Male,73,no,East,Walk,49,Francophone
32,79,Low,High,Yes,5,61,Yes,0,Low,Public,3,College,Near,Male,70,yes,South,Bus,186,Anglophone
12,82,High,Medium,Yes,6,96,Yes,0,Low,Private,4,College,Near,Male,66,yes,Centre,Bus,112,Francophone
21,81,Low,Medium,Yes,8,61,Yes,3,Medium,Public,5,High School,Moderate,Female,66,yes,Centre,Bike,150,Anglophone
16,73,Medium,Medium,Yes,4,61,Yes,4,Low,Private,5,High School,Moderate,Male,64,yes,Adamawa,Private car,176,Anglophone
23,63,Medium,Medium,Yes,8,94,Yes,2,Medium,Public,5,Postgraduate,Near,Male,68,yes,Adamawa,Walk,68,Bilingual
20,96,Medium,Medium,No,7,78,Yes,1,High,Public,2,High School,Near,Male,70,yes,East,Bus,79,Francophone
16,92,Medium,Medium,Yes,4,90,Yes,6,High,Private,3,High School,Near,Male,72,yes,Adamawa,Bike,69,Bilingual
23,66,Medium,High,No,6,90,Yes,2,Low,Public,3,High School,Near,Male,66,no,Far North,Bus,24,Francophone
31,91,Medium,Medium,Yes,6,82,Yes,2,Medium,Public,3,High School,Near,Male,74,yes,North,Taxi,140,Bilingual
19,85,High,Medium,No,7,59,Yes,0,Medium,Private,4,College,Moderate,Male,67,sometimes,Far North,Private car,157,Bilingual
24,76,High,High,Yes,9,85,Yes,2,Low,Private,2,Postgraduate,Near,Female,71,yes,South,Bike,105,Francophone
12,70,Low,High,Yes,9,53,Yes,2,Low,Public,2,High School,Near,Male,60,no,Centre,Private car,162,Francophone
14,94,Low,Medium,No,6,60,Yes,3,High,Public,3,College,,Female,68,sometimes,South,Private car,28,Bilingual
23,88,Medium,Medium,No,6,82,Yes,0,Medium,Private,3,College,Near,Male,69,yes,Adamawa,Bus,72,Bilingual
29,82,High,High,No,5,95,Yes,2,Medium,Public,3,College,Near,Male,74,yes,North West,Bike,84,Bilingual
22,84,High,Medium,Yes,6,89,Yes,2,Medium,Public,3,High School,Near,Male,71,sometimes,West,Taxi,68,Anglophone
18,64,High,Medium,Yes,6,67,Yes,0,Low,Private,4,College,Near,Male,63,no,West,Private car,29,Francophone
20,79,High,Low,Yes,7,91,No,2,Low,Private,4,College,Moderate,Male,66,no,Littoral,Bike,124,Francophone
12,68,Medium,High,No,7,98,Yes,1,Medium,Private,4,High School,Near,Male,65,yes,South West,Taxi,87,Bilingual
24,68,Low,Low,No,6,67,No,0,Low,Private,3,High School,Far,Female,60,sometimes,East,Private car,136,Bilingual
25,86,Medium,Low,Yes,6,59,Yes,3,Low,Public,3,High School,Near,Female,69,yes,Littoral,Walk,25,Anglophone
17,96,High,Medium,No,6,60,Yes,1,Low,Public,3,College,Near,Female,69,sometimes,Far North,Bus,140,Francophone
17,76,Medium,High,Yes,6,70,Yes,2,High,Public,4,Postgraduate,Moderate,Male,67,yes,North,Bike,78,Anglophone
22,68,High,Medium,Yes,9,53,Yes,1,Medium,Public,2,High School,Moderate,Female,65,sometimes,North West,Walk,49,Bilingual
17,86,High,High,Yes,8,74,Yes,1,Low,Private,4,College,Near,Male,70,sometimes,Littoral,Walk,102,Bilingual
20,95,High,Medium,Yes,8,87,Yes,0,Low,Private,3,Postgraduate,Moderate,Female,71,sometimes,Adamawa,Bus,20,Anglophone
33,90,Low,Medium,Yes,9,77,Yes,3,Medium,Public,6,Postgraduate,Moderate,Male,73,sometimes,East,Bus,148,Francophone
19,95,Low,High,Yes,8,99,Yes,0,Low,Public,2,Postgraduate,Moderate,Male,70,yes,Centre,Bus,61,Francophone
18,81,High,Low,Yes,9,73,Yes,1,Medium,Public,2,High School,Near,Female,67,sometimes,North West,Bus,49,Bilingual
16,90,Low,High,Yes,8,51,Yes,1,High,Public,5,High School,Moderate,Female,67,sometimes,West,Walk,147,Bilingual
24,66,Low,High,No,7,74,Yes,0,High,Public,2,College,Moderate,Male,65,yes,West,Walk,153,Anglophone
19,74,High,High,Yes,6,96,Yes,2,High,Public,3,College,,Male,69,sometimes,North,Walk,49,Anglophone
16,76,High,High,Yes,6,55,No,1,Low,Public,1,Postgraduate,,Male,65,yes,West,Bike,199,Francophone
28,80,Medium,High,Yes,8,61,Yes,1,Low,Private,3,College,Far,Female,68,sometimes,West,Bus,55,Bilingual
29,97,High,Medium,No,7,86,Yes,0,Medium,Public,3,College,Near,Female,74,no,Far North,Private car,87,Francophone
16,95,Low,Medium,Yes,5,65,Yes,0,Medium,Private,3,College,Near,Female,68,yes,Adamawa,Bike,124,Bilingual
9,65,Medium,Medium,No,4,88,Yes,1,Low,Public,3,College,Near,Male,61,no,South,Walk,183,Anglophone
26,67,Medium,Low,Yes,10,71,Yes,3,Low,Public,3,Postgraduate,Near,Male,67,no,East,Bike,75,Anglophone
16,74,High,High,Yes,6,90,Yes,1,Low,Private,4,High School,Near,Female,66,sometimes,Littoral,Taxi,36,Francophone
25,72,Low,Low,Yes,6,78,Yes,8,Medium,Public,4,High School,Near,Male,69,yes,South West,Bike,148,Bilingual
8,85,Medium,Low,Yes,9,54,Yes,1,Low,Private,3,High School,Near,Male,62,sometimes,East,Walk,124,Anglophone
25,96,Medium,High,Yes,5,69,Yes,0,Low,Public,4,High School,Moderate,Male,71,no,West,Private car,76,Francophone
13,98,High,High,Yes,8,67,Yes,1,Medium,Private,4,Postgraduate,Moderate,Female,71,sometimes,Centre,Bus,146,Francophone
24,86,Medium,High,Yes,10,91,Yes,0,Low,Private,4,College,Near,Female,72,no,East,Bike,59,Anglophone
20,94,Medium,High,Yes,10,81,Yes,1,Medium,Public,5,High School,Far,Female,69,no,East,Private car,139,Francophone
14,81,Low,Medium,No,6,89,No,6,Low,Private,3,College,Near,Female,67,sometimes,Centre,Bike,185,Francophone
18,68,Medium,High,No,7,69,Yes,1,Low,Public,4,High School,Moderate,Female,63,no,Adamawa,Bike,171,Anglophone
24,81,Medium,Medium,Yes,6,85,No,1,Medium,Public,4,College,Moderate,Male,68,no,North West,Private car,113,Bilingual
21,82,High,High,Yes,7,53,Yes,0,High,Public,2,Postgraduate,Near,Male,69,sometimes,South West,Walk,146,Anglophone
24,90,Medium,Low,Yes,9,52,Yes,0,Low,Public,3,College,Near,Female,65,sometimes,North West,Taxi,154,Bilingual
32,69,High,High,Yes,5,64,Yes,0,Medium,Public,3,Postgraduate,Near,Female,70,no,Adamawa,Bus,26,Anglophone
11,75,Medium,Medium,No,8,89,Yes,2,High,Private,4,College,Moderate,Male,65,yes,Centre,Bike,118,Anglophone
30,75,Medium,Medium,No,7,77,Yes,0,Low,Public,2,High School,Moderate,Male,67,yes,Littoral,Walk,115,Anglophone
21,98,Medium,High,Yes,9,70,Yes,0,Low,Public,1,College,Near,Male,72,no,East,Private car,137,Anglophone
15,78,Medium,High,Yes,9,95,Yes,1,High,Public,3,High School,Near,Male,69,sometimes,North,Bike,134,Anglophone
12,90,High,High,Yes,6,75,No,2,Medium,Public,3,Postgraduate,Near,Male,69,yes,East,Bike,91,Bilingual
19,90,High,Low,No,7,81,Yes,4,High,Public,4,College,Near,Female,71,yes,North West,Walk,96,Anglophone
26,71,Medium,Low,Yes,8,99,Yes,1,Medium,Public,3,High School,Far,Male,67,yes,East,Bike,197,Bilingual
19,83,Low,Low,No,8,76,Yes,3,Low,Public,3,Postgraduate,Near,Female,65,sometimes,South West,Private car,81,Francophone
29,96,Low,Low,No,4,89,Yes,2,Low,Public,2,High School,Far,Female,70,yes,Centre,Bus,130,Anglophone
11,79,Medium,Medium,No,8,71,Yes,1,Medium,Private,2,College,Moderate,Female,63,no,East,Private car,171,Francophone
20,98,High,High,Yes,9,52,Yes,0,Medium,Private,3,College,Far,Male,71,sometimes,Littoral,Private car,33,Bilingual
12,69,High,Medium,Yes,7,92,Yes,1,Medium,Public,3,College,Near,Female,64,sometimes,Littoral,Bus,128,Anglophone
22,63,Medium,High,Yes,8,97,Yes,5,Medium,Private,3,High School,Near,Male,69,sometimes,Far North,Bus,65,Anglophone
25,96,Low,Medium,No,9,72,Yes,0,Low,Private,3,High School,Near,Male,69,yes,South West,Bike,94,Bilingual
17,94,Medium,Medium,Yes,7,75,Yes,1,Low,Public,3,Postgraduate,Moderate,Male,70,sometimes,North,Taxi,171,Bilingual
4,100,High,Low,No,8,71,Yes,2,Low,Private,4,High School,Moderate,Female,64,no,North,Walk,143,Anglophone
21,87,Medium,High,No,7,100,Yes,1,Low,Public,3,High School,Near,Male,70,yes,Far North,Taxi,136,Francophone
23,97,Medium,High,No,7,95,Yes,0,Medium,Private,4,Postgraduate,Moderate,Female,74,sometimes,West,Walk,128,Bilingual
22,93,Medium,Medium,Yes,6,52,Yes,1,Low,Public,3,College,Near,Female,69,no,South West,Private car,46,Bilingual
27,94,Low,Medium,Yes,7,89,Yes,3,Low,Private,2,College,Near,Female,73,yes,Littoral,Walk,141,Francophone
14,83,Medium,Medium,Yes,10,80,Yes,1,Medium,Private,3,College,Near,Female,66,yes,North,Bike,23,Anglophone
24,75,High,High,Yes,6,51,No,1,Medium,Public,3,High School,Near,Male,67,no,South,Private car,141,Francophone
27,97,High,High,No,8,72,Yes,6,Low,Public,2,College,Near,Female,76,sometimes,North,Walk,173,Bilingual
9,77,Medium,Medium,No,7,57,Yes,2,Medium,Public,3,High School,Near,Male,61,yes,South West,Private car,57,Francophone
22,82,Low,Medium,Yes,9,94,Yes,0,Medium,Public,4,High School,Moderate,Female,68,yes,Littoral,Walk,186,Bilingual
17,78,Medium,Low,Yes,9,51,Yes,1,Low,Private,3,High School,Moderate,Male,63,no,Littoral,Taxi,165,Francophone
20,83,High,Low,Yes,6,94,Yes,1,Low,Public,2,High School,Near,Male,67,yes,East,Bus,197,Bilingual
22,79,Low,Low,Yes,6,97,Yes,3,High,Public,3,High School,Moderate,Male,66,no,North,Private car,162,Anglophone
17,62,High,Low,Yes,6,54,Yes,2,Medium,Public,3,College,Near,Male,62,yes,South West,Bus,80,Anglophone
16,95,High,Low,Yes,6,86,Yes,0,Low,Private,3,High School,Near,Male,69,yes,South West,Taxi,39,Bilingual
20,78,Medium,Medium,No,6,77,Yes,3,Medium,Private,3,High School,Moderate,Male,67,yes,Far North,Bike,180,Francophone
13,84,Medium,Medium,No,8,98,No,2,Medium,Public,2,College,Moderate,Female,66,sometimes,North West,Walk,164,Francophone
13,66,High,Medium,Yes,6,90,Yes,2,Low,Public,3,High School,Moderate,Male,63,sometimes,South West,Bike,44,Anglophone
24,60,Medium,Medium,No,6,85,Yes,1,High,Public,2,Postgraduate,Moderate,Male,64,no,Littoral,Taxi,80,Bilingual
13,70,Low,Medium,Yes,6,96,Yes,2,Medium,Private,5,Postgraduate,Moderate,Male,64,yes,East,Bus,121,Bilingual
24,88,Low,Medium,No,8,58,Yes,1,Low,Public,3,High School,Near,Male,67,no,Littoral,Taxi,36,Bilingual
23,64,Low,Medium,Yes,7,69,Yes,4,High,Public,3,High School,Moderate,Male,66,no,Centre,Private car,55,Francophone
10,96,High,High,Yes,7,92,Yes,1,Low,Public,1,High School,Near,Female,68,no,Far North,Bus,190,Bilingual
16,69,Medium,High,Yes,6,55,Yes,1,Medium,Public,1,High School,Moderate,Male,62,sometimes,North West,Bus,123,Francophone
27,68,Medium,Medium,Yes,5,97,Yes,1,Medium,Public,4,College,Near,Male,68,no,West,Bike,21,Anglophone
14,67,High,Low,No,9,87,Yes,1,Medium,Private,3,High School,Near,Male,63,yes,Centre,Walk,65,Francophone
17,61,Medium,High,No,7,72,Yes,1,Medium,Public,2,High School,Moderate,Male,62,no,South,Bus,30,Francophone
23,91,High,High,No,10,67,Yes,2,Low,Public,2,College,Near,Male,72,no,Adamawa,Taxi,137,Bilingual
25,95,Medium,Low,No,8,57,Yes,4,Low,Public,3,High School,Moderate,Female,69,sometimes,Centre,Walk,190,Bilingual
18,85,Medium,Low,Yes,10,55,Yes,3,Medium,Public,3,High School,Near,Male,67,sometimes,West,Private car,168,Anglophone
16,68,Medium,High,Yes,8,71,Yes,1,High,Private,3,High School,Moderate,Male,65,yes,Far North,Taxi,78,Francophone
29,71,High,Medium,No,7,92,Yes,1,Low,Public,3,High School,Near,Female,69,sometimes,Centre,Taxi,147,Francophone
30,79,High,High,Yes,6,77,Yes,1,Low,Public,2,High School,Near,Male,72,yes,North,Bus,150,Anglophone
26,98,Low,Medium,Yes,6,73,Yes,2,Low,Public,3,High School,Near,Female,70,yes,Littoral,Bike,99,Bilingual
21,70,High,High,No,9,66,Yes,1,Medium,Public,4,College,Moderate,Male,91,yes,Adamawa,Taxi,133,Anglophone
15,89,High,Low,Yes,7,58,Yes,2,Low,Public,3,High School,Moderate,Male,65,no,Centre,Private car,75,Francophone
15,78,Low,Medium,Yes,8,100,Yes,0,Low,Public,3,High School,Near,Female,62,yes,Far North,Private car,93,Anglophone
23,72,Low,High,Yes,8,51,Yes,2,Low,Private,3,College,Far,Male,65,yes,East,Bike,70,Anglophone
23,78,Medium,Medium,Yes,8,66,Yes,1,Medium,Public,1,College,Moderate,Female,67,sometimes,East,Private car,26,Bilingual
28,63,Medium,Low,No,6,88,Yes,4,Medium,Public,4,High School,Far,Male,67,no,West,Bike,119,Bilingual
24,92,Medium,High,No,9,76,Yes,2,High,Public,2,High School,Near,Female,72,yes,South,Taxi,40,Francophone
11,70,Medium,Low,Yes,7,66,Yes,1,Medium,Public,3,High School,Near,Female,60,no,East,Taxi,170,Bilingual
26,89,Medium,Low,No,7,100,Yes,0,Medium,Public,3,High School,Near,Female,69,no,South West,Bike,92,Francophone
14,63,Medium,Medium,No,8,81,Yes,0,Medium,Private,5,High School,Near,Female,61,no,South West,Walk,53,Anglophone
18,98,Low,Medium,Yes,7,65,Yes,1,High,Private,4,Postgraduate,Near,Female,70,yes,North West,Bike,79,Francophone
22,68,Medium,High,No,4,92,Yes,2,High,Public,3,High School,Near,Male,68,sometimes,North,Bike,198,Francophone
32,95,Medium,High,Yes,9,58,Yes,2,Medium,Private,4,High School,Near,Male,75,yes,North West,Bus,127,Francophone
39,92,Medium,Medium,No,9,73,Yes,1,Medium,Public,4,Postgraduate,Moderate,Male,75,no,Centre,Private car,149,Francophone
24,99,High,Medium,No,4,92,Yes,2,High,Private,3,High School,Far,Male,72,no,West,Walk,111,Bilingual
19,79,Low,Medium,Yes,5,99,Yes,1,Low,Private,4,College,Moderate,Female,66,no,North,Taxi,29,Francophone
23,89,Low,High,No,10,69,Yes,5,Medium,Public,4,High School,Near,Male,71,yes,North,Bus,140,Bilingual
25,75,Low,High,No,7,57,Yes,4,Low,Public,5,College,Near,Male,70,no,North West,Private car,87,Bilingual
18,67,Medium,High,Yes,7,78,Yes,2,Medium,Public,3,High School,Near,Female,63,no,North West,Bus,53,Bilingual
31,78,High,High,Yes,6,97,Yes,0,Medium,Public,3,High School,Near,Male,72,sometimes,East,Taxi,67,Francophone
21,67,Medium,Medium,Yes,5,83,Yes,1,Low,Private,5,High School,Near,Male,65,sometimes,Littoral,Taxi,186,Anglophone
23,99,Medium,Medium,Yes,7,80,Yes,3,Low,Private,2,High School,Near,Male,71,sometimes,West,Walk,165,Anglophone
24,64,Medium,Medium,Yes,8,65,Yes,0,Medium,Public,3,College,Near,Female,65,sometimes,East,Walk,109,Anglophone
23,84,Medium,Low,Yes,7,80,Yes,1,Medium,Private,3,College,Moderate,Female,69,no,Far North,Bike,146,Francophone
25,85,Medium,Low,Yes,8,94,Yes,3,Medium,Public,3,High School,Moderate,Male,71,yes,Adamawa,Walk,29,Anglophone
16,82,Medium,High,Yes,10,69,Yes,2,Low,Public,4,College,Near,Male,68,yes,Far North,Private car,125,Francophone
17,86,Low,Medium,No,6,62,Yes,2,Medium,Public,4,High School,Near,Female,66,yes,East,Bus,90,Francophone
13,65,High,Medium,No,7,74,Yes,0,High,Public,2,High School,Moderate,Male,60,sometimes,Centre,Private car,110,Anglophone
23,82,Medium,Medium,No,9,69,Yes,0,High,Public,3,High School,Near,Female,68,sometimes,Adamawa,Private car,66,Bilingual
25,71,Medium,High,Yes,6,73,Yes,1,Low,Private,4,High School,Near,Female,67,sometimes,Adamawa,Taxi,60,Francophone
23,98,Medium,Low,No,7,55,Yes,3,High,Private,4,High School,Near,Male,71,no,East,Walk,25,Anglophone
30,90,High,Medium,No,10,67,Yes,2,Medium,Private,6,High School,Near,Male,74,no,North,Bike,174,Anglophone
20,99,Low,Medium,No,6,91,Yes,2,Medium,Public,4,High School,Near,Male,70,no,South,Bus,64,Francophone
24,62,Low,High,No,9,70,Yes,2,Low,Public,2,College,Moderate,Female,63,sometimes,Centre,Walk,121,Anglophone
13,71,Medium,Medium,No,7,98,Yes,0,Medium,Public,3,College,Near,Male,64,yes,South West,Bike,162,Francophone
18,68,Medium,High,Yes,10,85,Yes,3,Low,Public,3,High School,Near,Male,66,no,Centre,Walk,100,Anglophone
24,60,Medium,Medium,Yes,5,68,Yes,0,Medium,Public,3,Postgraduate,Near,Female,64,yes,North,Bike,37,Francophone
25,70,High,High,Yes,7,63,Yes,1,Medium,Private,3,College,Moderate,Male,69,no,Littoral,Walk,135,Francophone
18,87,Medium,High,Yes,5,84,Yes,2,Medium,Private,4,Postgraduate,Near,Male,71,no,East,Taxi,49,Anglophone
20,69,High,Medium,No,6,65,Yes,1,Low,Public,2,High School,Near,Female,64,yes,West,Bike,147,Francophone
11,80,Medium,Medium,Yes,6,96,Yes,1,Low,Public,3,High School,Near,Male,65,sometimes,East,Bike,42,Anglophone
18,96,High,Medium,No,7,56,Yes,2,Medium,Private,1,College,Near,Female,69,yes,North West,Bike,130,Francophone
25,88,Medium,High,No,5,51,Yes,1,Medium,Public,1,High School,Near,Female,68,sometimes,North,Bike,143,Francophone
23,76,Medium,Medium,Yes,7,61,Yes,3,Medium,Public,4,High School,Near,Male,68,sometimes,South West,Bike,140,Francophone
23,75,High,Medium,Yes,8,80,Yes,0,Low,Private,4,High School,Moderate,Female,68,yes,North West,Private car,198,Francophone
20,78,Low,Medium,Yes,5,92,Yes,1,Medium,Public,3,High School,Far,Male,65,sometimes,Adamawa,Bus,145,Francophone
20,67,High,High,No,6,59,Yes,1,Medium,Private,4,College,Near,Female,65,sometimes,South,Bike,23,Francophone
16,85,Medium,Low,No,10,79,Yes,1,High,Private,3,College,Near,Male,66,sometimes,West,Bike,35,Anglophone
24,75,High,Low,No,7,57,Yes,0,Medium,Public,1,Postgraduate,Near,Male,66,yes,Adamawa,Bus,171,Anglophone
23,94,Medium,Low,Yes,4,78,Yes,2,High,Public,4,High School,Moderate,Male,71,sometimes,North West,Taxi,109,Francophone
23,90,High,Medium,Yes,5,51,Yes,0,Low,Public,1,High School,Near,Male,68,yes,North West,Private car,149,Anglophone
17,84,Low,Medium,Yes,7,78,Yes,0,High,Public,5,College,Moderate,Female,65,sometimes,North,Bus,127,Anglophone
7,75,Medium,High,Yes,7,76,Yes,0,Medium,Private,4,College,Moderate,Female,63,sometimes,Adamawa,Bike,175,Bilingual
27,68,High,Medium,No,6,52,Yes,1,Medium,Private,5,Postgraduate,Far,Female,66,yes,Adamawa,Private car,20,Bilingual
17,91,High,Low,Yes,10,84,Yes,7,Low,Public,4,College,Moderate,Male,71,sometimes,South West,Taxi,22,Anglophone
15,79,Low,Medium,Yes,10,79,Yes,2,Low,Private,4,College,Moderate,Male,65,sometimes,East,Walk,127,Francophone
24,69,Medium,High,Yes,7,81,Yes,3,Medium,Private,4,High School,Near,Female,68,yes,Adamawa,Walk,149,Anglophone
18,68,Medium,Medium,Yes,8,76,Yes,2,High,Public,3,Postgraduate,Near,Male,66,sometimes,Littoral,Bike,41,Francophone
26,67,Low,High,No,8,86,Yes,2,Low,Public,2,High School,Near,Female,64,sometimes,North West,Private car,51,Francophone
24,91,Medium,Low,Yes,9,76,Yes,1,Low,Public,4,College,Near,Female,70,no,Adamawa,Taxi,190,Francophone
24,69,High,Low,Yes,6,96,Yes,4,High,Public,4,College,Moderate,Male,70,no,Littoral,Walk,103,Francophone
12,81,Medium,High,No,10,97,Yes,1,Low,Private,5,High School,Near,Female,66,no,North West,Bike,22,Bilingual
27,78,Medium,Medium,Yes,7,86,Yes,3,Medium,Public,2,High School,Moderate,Female,70,no,South West,Bus,108,Francophone
22,83,High,High,No,8,96,No,2,Medium,Public,0,College,Near,Female,71,sometimes,Adamawa,Private car,48,Anglophone
18,95,Low,High,No,7,96,Yes,2,Medium,Private,4,High School,Moderate,Male,70,yes,East,Bike,46,Francophone
21,95,Medium,Medium,No,7,63,Yes,1,Low,Private,4,Postgraduate,Near,Male,70,no,North West,Walk,50,Bilingual
9,78,High,Medium,Yes,7,100,Yes,2,Medium,Public,2,High School,Near,Male,66,no,South West,Walk,148,Francophone
22,61,High,Medium,No,5,63,Yes,1,Low,Public,3,Postgraduate,Near,Male,64,yes,North West,Walk,146,Francophone
14,77,High,High,No,4,51,Yes,5,Low,Public,3,College,Moderate,Male,66,sometimes,North West,Walk,96,Bilingual
12,84,High,Medium,Yes,7,98,Yes,1,Low,Public,3,High School,Near,Female,68,yes,Far North,Bike,100,Francophone
11,82,Low,Low,No,6,61,Yes,2,Medium,Public,2,High School,Near,Female,61,yes,East,Bike,63,Francophone
27,86,Medium,Medium,Yes,8,79,Yes,2,Low,Private,4,College,Near,Male,72,sometimes,Littoral,Walk,125,Anglophone
16,66,High,High,No,8,99,Yes,1,Low,Private,3,High School,Moderate,Male,66,no,East,Private car,28,Bilingual
29,86,Low,Low,Yes,7,52,Yes,1,Low,Public,3,College,Near,Female,68,no,Adamawa,Bike,186,Bilingual
17,67,Low,Medium,No,9,63,Yes,1,Low,Public,4,College,Far,Male,61,yes,South,Taxi,83,Francophone
10,90,High,Medium,Yes,7,80,Yes,0,Medium,Public,5,High School,Near,Female,67,no,South,Walk,115,Anglophone
13,74,High,High,Yes,5,88,Yes,3,Low,Private,3,College,Near,Female,66,sometimes,North West,Bike,124,Francophone
27,88,Medium,Medium,Yes,7,90,Yes,3,Medium,Public,4,Postgraduate,Moderate,Female,74,yes,East,Bike,104,Francophone
19,62,High,Medium,Yes,9,94,Yes,0,High,Public,4,Postgraduate,Near,Female,66,sometimes,West,Private car,179,Francophone
17,76,High,Medium,Yes,4,58,Yes,4,Medium,Private,2,Postgraduate,Moderate,Female,67,no,North West,Bike,169,Bilingual
21,88,High,Low,Yes,7,69,Yes,4,Medium,Private,3,College,Near,Male,71,no,Littoral,Bus,179,Bilingual
23,69,High,Low,Yes,8,86,Yes,0,Medium,Public,4,College,Far,Male,66,no,South West,Bike,127,Bilingual
27,92,Medium,Medium,Yes,10,86,Yes,0,Low,Private,3,High School,Moderate,Male,71,sometimes,Adamawa,Taxi,100,Anglophone
29,85,High,Medium,Yes,9,65,No,4,Low,Private,4,Postgraduate,Moderate,Male,72,sometimes,North West,Private car,41,Anglophone
18,84,Medium,Medium,Yes,7,65,Yes,2,Medium,Public,3,High School,Near,Female,66,no,Adamawa,Taxi,152,Bilingual
12,74,High,Low,Yes,8,66,Yes,1,Low,Public,2,High School,Near,Male,62,sometimes,North,Walk,157,Francophone
18,79,High,Medium,Yes,4,95,Yes,1,Low,Public,2,High School,Moderate,Female,66,no,Adamawa,Walk,116,Bilingual
22,84,Low,High,Yes,5,95,Yes,2,Low,Public,3,High School,Moderate,Male,69,sometimes,East,Taxi,116,Anglophone
14,79,Medium,Medium,Yes,8,51,Yes,0,Medium,Public,4,,Near,Male,64,sometimes,West,Bus,130,Francophone
14,88,Medium,Medium,Yes,7,66,Yes,4,Medium,Public,3,High School,Near,Female,69,no,Littoral,Private car,127,Anglophone
22,77,High,Low,Yes,7,70,Yes,2,Medium,Private,4,Postgraduate,Near,Male,69,sometimes,Adamawa,Bus,116,Bilingual
20,68,High,Low,Yes,7,99,Yes,0,Low,Public,2,College,Moderate,Female,64,yes,East,Walk,87,Anglophone
20,69,Medium,High,Yes,7,97,Yes,3,Medium,Public,3,College,Near,Female,68,sometimes,East,Taxi,32,Francophone
15,60,Medium,Medium,Yes,7,81,Yes,4,Low,Public,2,High School,Near,Male,63,yes,North West,Taxi,61,Francophone
19,72,High,Medium,Yes,5,52,Yes,1,Low,Public,2,High School,Near,Male,64,yes,North,Private car,57,Francophone
14,90,Medium,High,Yes,7,60,Yes,2,Medium,Public,4,Postgraduate,Near,Male,69,sometimes,Littoral,Private car,192,Bilingual
25,92,Low,High,No,5,72,Yes,1,Medium,Public,4,High School,Near,Female,71,no,Adamawa,Bus,61,Anglophone
26,68,Medium,High,No,6,98,Yes,2,Medium,Private,3,College,Far,Female,67,no,North West,Private car,79,Anglophone
9,98,High,Medium,No,9,55,Yes,3,Low,Public,2,High School,,Male,67,no,Littoral,Private car,66,Francophone
14,80,High,Low,Yes,7,90,Yes,2,Low,Public,2,College,Far,Female,66,sometimes,South West,Bus,165,Anglophone
11,97,Medium,High,Yes,8,60,Yes,0,Medium,Private,3,High School,Near,Male,67,sometimes,East,Walk,48,Bilingual
16,88,Low,High,No,7,75,Yes,2,Medium,Public,4,Postgraduate,Near,Female,68,sometimes,East,Bus,173,Francophone
19,89,Medium,Medium,Yes,6,88,Yes,1,Medium,Public,2,High School,Near,Female,69,sometimes,Littoral,Bus,128,Anglophone
11,63,High,High,Yes,5,85,No,0,Low,Public,4,High School,Moderate,Female,62,yes,South,Walk,110,Anglophone
14,69,Medium,Medium,Yes,6,89,Yes,2,High,Private,5,High School,Moderate,Female,66,sometimes,South,Bus,104,Anglophone
14,60,Medium,Medium,Yes,7,91,Yes,1,Low,Private,3,Postgraduate,Near,Male,63,yes,East,Bike,67,Francophone
21,89,Low,Low,Yes,8,65,Yes,2,Low,Public,3,College,Near,Female,67,yes,South,Walk,93,Anglophone
20,74,High,Medium,No,7,68,Yes,3,Medium,Public,4,High School,Far,Male,68,no,South West,Bike,157,Bilingual
16,91,Medium,Low,No,8,91,Yes,2,Medium,Public,2,High School,Far,Female,66,yes,Far North,Walk,164,Anglophone
21,74,Medium,Medium,Yes,5,52,Yes,3,Medium,Private,1,High School,Near,Male,66,yes,West,Private car,114,Francophone
17,93,High,Medium,No,8,76,Yes,0,Low,Private,3,High School,Moderate,Female,67,sometimes,Far North,Walk,33,Francophone
18,65,High,Medium,Yes,5,96,Yes,1,High,Private,2,High School,Near,Female,66,no,Littoral,Bike,57,Francophone
30,67,Medium,Medium,Yes,8,94,Yes,1,Medium,Public,2,College,Near,Female,69,yes,Far North,Taxi,27,Anglophone
28,74,Medium,High,No,8,90,Yes,2,Medium,Public,3,Postgraduate,Near,Male,72,no,Centre,Bus,172,Bilingual
12,76,Medium,Low,Yes,4,51,Yes,0,Low,Private,1,High School,Near,Female,60,sometimes,Littoral,Bus,162,Francophone
25,74,Low,High,Yes,8,94,Yes,0,Low,Public,4,High School,Moderate,Female,68,yes,East,Walk,118,Anglophone
25,91,Low,Medium,Yes,8,96,Yes,3,Medium,Public,3,High School,Near,Female,72,no,North,Taxi,158,Bilingual
13,64,Medium,High,Yes,9,83,Yes,1,High,Public,4,High School,Near,Male,64,yes,Far North,Walk,132,Bilingual
25,74,Low,Medium,Yes,6,65,Yes,0,High,Public,1,High School,Moderate,Male,65,no,East,Bus,176,Anglophone
29,93,High,High,No,7,74,Yes,3,Medium,Private,3,High School,Near,Male,76,sometimes,West,Bike,91,Francophone
13,63,Low,Medium,No,8,88,Yes,0,Low,Private,2,High School,Near,Male,59,yes,South,Bike,64,Anglophone
14,98,Medium,Medium,Yes,8,91,Yes,0,Low,Public,4,High School,Moderate,Male,67,sometimes,West,Taxi,88,Bilingual
26,99,Medium,Medium,Yes,8,67,Yes,4,Medium,Private,4,High School,Near,Male,73,sometimes,Centre,Taxi,156,Francophone
22,64,Medium,High,No,6,66,Yes,1,Medium,Public,4,College,Near,Male,64,yes,Adamawa,Taxi,109,Bilingual
23,72,Medium,High,No,8,87,Yes,3,Medium,Public,3,High School,Near,Male,67,no,Adamawa,Bike,65,Anglophone
22,75,High,Medium,Yes,8,84,Yes,3,High,Public,3,College,Near,Male,69,yes,Littoral,Bus,162,Anglophone
22,91,Medium,Low,Yes,7,76,Yes,1,Low,Public,3,College,Moderate,Female,69,yes,Centre,Walk,104,Anglophone
12,84,High,High,Yes,6,71,No,2,Medium,Public,3,College,Moderate,Male,67,yes,North West,Taxi,84,Anglophone
26,86,Medium,High,Yes,6,83,Yes,2,Low,Public,4,High School,Near,Male,72,sometimes,Far North,Bus,130,Bilingual
27,90,Low,Medium,No,9,52,No,2,Low,Public,2,College,Near,Male,86,yes,Littoral,Taxi,169,Anglophone
19,65,Medium,High,Yes,8,54,Yes,0,Low,Private,3,High School,Far,Female,62,yes,South West,Taxi,60,Francophone
20,93,Medium,Low,No,7,79,Yes,1,Medium,Public,3,Postgraduate,Near,Female,69,yes,Far North,Bus,144,Anglophone
11,88,High,High,Yes,7,61,Yes,2,Medium,Public,3,Postgraduate,Near,Male,68,yes,North West,Bus,189,Bilingual
23,83,High,High,Yes,4,89,Yes,1,Medium,Public,3,High School,Far,Male,99,no,North West,Walk,120,Bilingual
23,96,Low,Medium,Yes,7,89,Yes,1,Low,Private,3,College,Far,Female,70,sometimes,South,Bus,196,Anglophone
20,88,Low,Medium,Yes,5,85,Yes,2,Medium,Public,3,High School,Near,Male,68,sometimes,North West,Taxi,25,Francophone
27,68,Medium,Medium,Yes,7,95,Yes,0,Medium,Public,4,High School,Near,Male,67,yes,South,Bike,122,Bilingual
18,77,High,Medium,Yes,9,57,Yes,1,Low,Public,2,Postgraduate,Near,Male,66,no,South,Private car,169,Anglophone
23,80,Low,High,No,6,63,Yes,0,High,Private,2,High School,Near,Male,66,sometimes,Littoral,Private car,133,Bilingual
14,62,Medium,High,Yes,7,63,Yes,2,Low,Public,2,College,Moderate,Female,62,yes,Far North,Bike,108,Anglophone
20,98,Medium,Medium,Yes,8,89,Yes,3,High,Public,2,College,Near,Male,72,no,Adamawa,Walk,34,Francophone
19,65,Medium,High,Yes,7,76,No,0,Medium,Public,3,Postgraduate,Near,Female,64,sometimes,East,Bike,196,Bilingual
21,88,Medium,Medium,Yes,6,63,Yes,1,Medium,Public,3,High School,Near,Female,68,yes,Far North,Walk,88,Anglophone
18,80,Medium,High,Yes,7,57,Yes,2,Low,Public,3,Postgraduate,Far,Female,66,no,North,Bike,135,Bilingual
19,61,Medium,High,Yes,8,95,Yes,4,Medium,Private,3,College,Near,Male,68,yes,South West,Bike,55,Bilingual
25,97,Low,High,Yes,7,85,Yes,3,High,Public,1,Postgraduate,Near,Male,75,no,South West,Bike,187,Francophone
17,94,Low,Low,No,7,76,Yes,3,Low,Public,3,College,Far,Male,67,no,North West,Private car,174,Anglophone
10,81,Low,Medium,Yes,9,98,Yes,2,Low,Public,2,College,Near,Male,65,yes,Centre,Bus,57,Francophone
30,69,Medium,Medium,No,8,92,Yes,2,Medium,Public,3,High School,Near,Female,68,yes,East,Bike,104,Francophone
28,65,Medium,Medium,Yes,5,59,Yes,2,Low,Private,5,High School,Near,Male,67,yes,North West,Walk,76,Anglophone
12,75,Medium,Medium,Yes,8,75,Yes,1,Low,Private,2,College,Near,Female,63,no,South,Taxi,29,Francophone
24,70,Medium,High,Yes,8,74,Yes,2,Medium,Public,3,High School,Near,Male,67,no,South West,Bike,52,Francophone
17,80,Medium,Medium,Yes,5,92,Yes,0,Low,Private,4,Postgraduate,Near,Female,67,no,Adamawa,Walk,88,Francophone
22,99,Medium,Medium,Yes,4,57,Yes,2,Medium,Public,3,College,Near,Female,73,yes,North,Taxi,113,Bilingual
22,83,Medium,Medium,Yes,5,73,No,0,Low,Public,3,High School,Near,Male,67,sometimes,Adamawa,Private car,148,Bilingual
19,96,Medium,Medium,No,7,82,Yes,1,High,Public,4,Postgraduate,Near,Male,71,sometimes,South West,Walk,112,Anglophone
15,86,Low,Medium,No,9,97,Yes,2,Medium,Public,4,High School,Near,Male,67,no,East,Bus,117,Anglophone
16,79,High,Low,Yes,6,95,Yes,0,High,Public,5,College,Near,Male,68,no,North,Bus,161,Bilingual
15,94,Low,Low,Yes,8,77,Yes,1,High,Private,1,College,Near,Male,68,no,Adamawa,Private car,109,Bilingual
15,79,High,Medium,Yes,4,80,Yes,1,High,Private,4,High School,Far,Male,66,no,Far North,Walk,94,Francophone
20,95,High,Low,Yes,7,93,No,0,Low,Public,2,High School,Near,Male,68,no,Adamawa,Walk,101,Bilingual
16,72,Medium,Low,No,6,87,No,2,Medium,Private,4,High School,Near,Female,63,yes,East,Taxi,193,Bilingual
24,65,High,High,No,10,94,Yes,2,Medium,Public,2,Postgraduate,Moderate,Male,68,sometimes,Centre,Bus,85,Francophone
29,94,Low,High,Yes,4,95,Yes,1,Medium,Public,5,High School,Near,Male,74,no,North West,Bike,40,Bilingual
17,83,Low,Medium,Yes,7,92,Yes,3,Low,Public,2,,Moderate,Male,65,yes,West,Bus,40,Bilingual
21,96,Medium,Medium,Yes,4,50,Yes,1,Low,Private,2,Postgraduate,Moderate,Male,69,yes,Far North,Bus,85,Anglophone
23,98,Medium,High,No,6,66,Yes,1,Low,Public,1,High School,Moderate,Male,70,no,East,Bike,89,Anglophone
23,62,Medium,Low,Yes,4,70,Yes,3,Medium,Public,2,College,Moderate,Female,65,sometimes,South West,Bike,113,Anglophone
20,80,Medium,Medium,No,10,84,Yes,1,Medium,Public,4,College,Near,Male,68,sometimes,East,Bus,48,Bilingual
24,75,Low,Medium,No,6,65,No,0,Medium,Public,5,College,Moderate,Male,65,no,North West,Walk,188,Bilingual
23,85,Medium,High,No,7,66,No,0,High,Public,2,College,Near,Male,68,sometimes,East,Taxi,158,Bilingual
13,92,Medium,High,Yes,7,70,Yes,4,Low,Public,3,High School,Near,Male,68,sometimes,Centre,Bike,142,Francophone
25,71,Medium,Medium,Yes,5,98,Yes,0,Low,Public,1,Postgraduate,Far,Male,66,yes,North,Walk,152,Bilingual
25,82,High,Medium,No,9,72,Yes,0,High,Public,0,College,Near,Female,70,yes,Centre,Bus,121,Francophone
15,88,Medium,Medium,No,8,57,Yes,1,High,Private,2,High School,Far,Male,66,no,Centre,Bike,119,Francophone
20,65,Medium,High,Yes,8,50,Yes,0,Low,Public,5,High School,Near,Male,64,no,North,Taxi,52,Bilingual
24,93,Medium,High,No,5,62,Yes,1,Low,Public,1,College,Near,Female,70,no,South West,Walk,54,Anglophone
19,84,High,Medium,No,9,97,Yes,1,High,Public,3,High School,Near,Male,68,yes,South,Bus,54,Anglophone
26,98,Low,High,Yes,9,98,Yes,4,Low,Public,2,College,Moderate,Male,74,yes,South West,Private car,66,Anglophone
34,74,High,Low,Yes,7,76,Yes,2,Low,Public,2,College,Near,Female,71,yes,West,Bike,30,Bilingual
15,64,Medium,Medium,Yes,8,82,Yes,0,Low,Public,3,High School,Near,Male,61,no,South,Taxi,157,Anglophone
12,80,Medium,Low,No,7,90,Yes,3,Low,Public,3,High School,Near,Female,64,sometimes,South,Taxi,119,Francophone
22,63,High,Low,No,5,53,Yes,2,High,Public,1,Postgraduate,Moderate,Male,64,yes,West,Taxi,49,Anglophone
24,99,High,Medium,Yes,7,69,Yes,0,Medium,Private,3,High School,Near,Male,73,yes,North,Walk,148,Bilingual
19,62,Medium,High,Yes,6,82,Yes,0,Low,Public,3,College,Moderate,Male,62,yes,Centre,Private car,43,Anglophone
29,90,Low,Medium,Yes,7,95,Yes,0,High,Public,2,High School,Near,Male,71,sometimes,East,Taxi,131,Bilingual
12,81,High,Medium,Yes,9,86,Yes,2,Medium,Public,2,Postgraduate,Near,Male,68,sometimes,West,Walk,194,Bilingual
24,75,Medium,Low,Yes,5,68,Yes,2,Medium,Public,2,Postgraduate,Near,Male,67,yes,Far North,Taxi,194,Anglophone
16,63,Medium,Medium,No,6,95,Yes,1,Medium,Public,4,College,Far,Female,63,sometimes,West,Bus,26,Francophone
30,85,Low,Medium,No,6,83,Yes,2,Medium,Public,3,College,Near,Female,71,sometimes,North West,Private car,108,Bilingual
32,83,Medium,Medium,Yes,6,92,Yes,1,High,Public,3,High School,Near,Male,72,sometimes,Far North,Private car,187,Francophone
15,71,High,Medium,No,6,69,No,3,Medium,Public,3,Postgraduate,Moderate,Female,66,sometimes,Far North,Walk,161,Bilingual
17,96,Medium,Medium,Yes,7,50,Yes,1,Medium,Private,4,High School,Near,Female,67,no,Adamawa,Bike,105,Francophone
25,72,High,Medium,Yes,8,58,Yes,0,Low,Public,4,College,Moderate,Female,66,no,South West,Taxi,54,Anglophone
18,78,Low,Medium,No,8,96,Yes,4,High,Public,4,College,Near,Male,68,no,Littoral,Bike,44,Anglophone
20,82,Low,Low,Yes,7,52,Yes,0,Medium,Private,3,College,Near,Female,64,yes,East,Taxi,83,Bilingual
20,64,Medium,Medium,Yes,8,80,Yes,1,Medium,Private,3,High School,Near,Male,65,sometimes,Centre,Walk,142,Bilingual
8,97,High,Medium,Yes,10,70,Yes,0,Low,Public,1,High School,Near,Male,66,yes,North,Private car,71,Bilingual
20,75,High,High,Yes,7,71,Yes,1,Medium,Public,4,College,Moderate,Male,69,no,South West,Bus,119,Bilingual
16,63,High,High,No,9,70,Yes,2,Medium,Private,5,College,Moderate,Female,64,yes,North West,Walk,106,Bilingual
17,75,Low,High,Yes,8,53,Yes,1,Low,Public,3,College,Near,Female,65,no,North,Bike,89,Anglophone
29,84,High,Medium,Yes,10,56,Yes,3,Low,Public,4,Postgraduate,Far,Female,72,sometimes,Centre,Taxi,79,Francophone
12,81,High,Medium,No,8,53,Yes,1,Medium,Private,3,College,Near,Male,65,no,Centre,Bike,163,Anglophone
25,88,Low,High,Yes,6,53,Yes,2,Medium,Public,4,College,Near,Female,70,yes,North West,Walk,167,Anglophone
18,62,Medium,Medium,Yes,7,54,Yes,2,Medium,Private,3,Postgraduate,Moderate,Male,64,sometimes,Centre,Taxi,83,Bilingual
18,71,Medium,Low,Yes,7,85,Yes,1,Low,Public,2,High School,Moderate,Male,62,sometimes,West,Walk,114,Anglophone
25,93,Medium,High,No,8,56,Yes,0,Low,Private,3,High School,Near,Male,69,no,South West,Bike,29,Bilingual
22,63,High,Low,No,6,63,Yes,1,Medium,Public,2,Postgraduate,Moderate,Male,62,no,Littoral,Private car,171,Francophone
23,94,Low,Low,Yes,9,83,Yes,2,Low,Private,2,High School,Near,Female,69,yes,South West,Walk,193,Francophone
26,64,Medium,High,No,7,56,Yes,3,Medium,Public,3,High School,,Male,66,sometimes,North West,Bus,179,Francophone
18,93,Medium,High,Yes,8,96,Yes,2,Medium,Public,2,High School,Moderate,Female,71,sometimes,North,Bus,161,Anglophone
16,74,Medium,High,Yes,7,74,Yes,4,Low,Private,3,High School,Near,Male,66,no,West,Walk,91,Bilingual
13,84,High,Medium,No,7,98,No,0,Low,Public,4,High School,Near,Male,64,sometimes,Centre,Taxi,196,Francophone
15,66,Medium,High,Yes,7,60,Yes,2,High,Private,3,High School,Moderate,Female,63,no,Adamawa,Bus,190,Bilingual
38,63,Medium,High,No,8,52,Yes,1,Medium,Private,3,College,Moderate,Male,69,yes,Centre,Bus,93,Anglophone
27,69,High,High,Yes,10,80,No,1,Medium,Public,4,High School,Near,Female,68,sometimes,East,Walk,182,Anglophone
12,65,High,High,Yes,4,66,Yes,0,Medium,Public,2,High School,Near,Female,63,yes,North,Bike,100,Bilingual
12,72,Medium,Medium,Yes,8,79,Yes,1,High,Public,3,College,Far,Male,64,sometimes,South,Bike,180,Francophone
23,81,Medium,Low,Yes,7,74,Yes,0,Low,Public,0,Postgraduate,Near,Female,66,yes,Littoral,Taxi,52,Francophone
23,84,Medium,High,Yes,7,73,Yes,1,High,Public,4,High School,Near,Male,71,yes,West,Bike,141,Francophone
23,92,High,Medium,Yes,4,93,Yes,0,High,Public,4,High School,Near,Female,72,sometimes,South,Taxi,92,Bilingual
18,86,High,Medium,No,8,60,Yes,2,Low,Private,1,College,Near,Male,88,no,West,Walk,162,Anglophone
19,84,Medium,High,Yes,7,75,Yes,1,Low,Public,2,College,Far,Male,66,no,Littoral,Bike,181,Anglophone
22,76,Medium,Medium,Yes,6,71,Yes,0,Low,Private,2,High School,Moderate,Male,65,no,Adamawa,Walk,42,Bilingual
21,79,Low,Medium,Yes,7,84,Yes,2,Medium,Private,3,High School,Near,Male,66,yes,West,Walk,125,Francophone
7,77,Low,Medium,Yes,7,53,Yes,4,Low,Private,2,College,Moderate,Female,62,no,Adamawa,Bike,179,Bilingual
19,94,Medium,Low,No,4,76,Yes,4,Low,Private,3,High School,Moderate,Female,68,yes,East,Taxi,48,Francophone
15,69,Medium,Medium,Yes,7,74,Yes,2,Low,Private,5,Postgraduate,Near,Female,65,yes,East,Private car,73,Bilingual
21,60,Low,High,No,8,99,Yes,0,Low,Private,3,High School,Near,Male,62,yes,Far North,Taxi,187,Francophone
38,86,High,Medium,No,6,88,Yes,1,Low,Public,4,High School,Moderate,Female,74,no,South,Bike,63,Francophone
22,68,Medium,Low,Yes,7,58,Yes,0,Medium,Public,3,Postgraduate,Near,Male,64,sometimes,Littoral,Bus,21,Anglophone
18,96,High,High,No,7,75,Yes,2,Medium,Public,2,,Near,Male,72,yes,North,Bike,94,Bilingual
26,94,Medium,Medium,No,9,89,Yes,0,Low,Public,3,High School,Near,Female,70,no,Littoral,Walk,53,Anglophone
23,63,High,Medium,No,7,76,Yes,2,Medium,Public,1,High School,Far,Male,65,sometimes,South,Bus,194,Anglophone
23,64,Medium,High,Yes,8,68,Yes,3,Low,Public,3,High School,Near,Female,66,no,Centre,Walk,51,Anglophone
24,80,Medium,Medium,Yes,7,69,Yes,0,Medium,Private,3,College,Far,Male,67,yes,Adamawa,Bike,72,Francophone
32,84,Medium,High,Yes,10,68,Yes,1,Low,Public,5,High School,Near,Male,73,no,Far North,Walk,88,Anglophone
13,71,Medium,High,Yes,6,51,Yes,4,High,Public,4,College,Moderate,Female,65,no,North West,Taxi,158,Anglophone
23,89,High,High,No,6,87,Yes,4,Medium,Private,3,College,Near,Female,74,sometimes,West,Bike,108,Bilingual
14,84,Medium,Medium,No,7,81,Yes,0,High,Public,2,College,Near,Female,66,no,North,Walk,127,Bilingual
23,73,Medium,Medium,No,6,63,Yes,1,High,Public,3,High School,Near,Male,67,sometimes,South West,Private car,50,Anglophone
14,61,Medium,Medium,No,5,82,No,0,Low,Public,0,High School,Near,Female,58,yes,East,Bike,96,Anglophone
17,90,High,High,No,8,65,Yes,2,Low,Public,3,Postgraduate,Moderate,Male,71,no,Centre,Bike,143,Bilingual
18,69,Low,High,Yes,4,62,Yes,1,Medium,Public,3,High School,Moderate,Male,63,yes,Littoral,Bike,150,Bilingual
26,93,Low,High,No,6,87,Yes,1,Medium,Public,3,College,Near,Female,73,sometimes,Centre,Private car,46,Anglophone
26,77,High,Medium,Yes,5,90,Yes,1,Medium,Private,2,High School,Far,Female,68,yes,West,Private car,134,Bilingual
13,83,Low,Medium,Yes,7,81,Yes,4,Low,Public,5,College,Near,Female,66,no,North West,Bus,134,Anglophone
20,95,Low,Medium,No,4,89,Yes,3,Low,Public,3,High School,Near,Male,68,no,South,Bike,72,Francophone
16,95,Medium,Low,No,8,68,No,2,Medium,Public,4,High School,Near,Female,66,sometimes,North,Walk,164,Anglophone
12,75,Medium,High,No,8,54,Yes,1,Medium,Public,3,High School,Near,Female,62,yes,Littoral,Private car,191,Francophone
19,68,Medium,Medium,Yes,5,80,Yes,0,Medium,Public,3,High School,Moderate,Male,78,yes,Adamawa,Bus,81,Bilingual
18,91,Medium,Medium,No,7,63,Yes,1,Medium,Public,4,College,Near,Male,68,sometimes,West,Private car,136,Anglophone
35,77,High,High,Yes,8,89,Yes,5,High,Public,4,College,Near,Female,77,no,West,Bus,20,Bilingual
23,68,High,Low,Yes,8,68,Yes,1,Medium,Public,2,College,Near,Male,65,sometimes,East,Private car,114,Bilingual
12,96,High,High,Yes,5,84,Yes,3,High,Public,4,Postgraduate,Near,Female,73,sometimes,East,Private car,117,Francophone
17,68,Medium,Low,Yes,5,78,Yes,4,Low,Public,2,College,Near,Male,64,no,Far North,Bus,44,Francophone
26,61,Low,High,Yes,9,91,No,0,High,Private,4,College,Near,Female,67,yes,Far North,Bike,151,Francophone
33,61,High,Medium,No,6,92,Yes,1,Medium,Public,4,High School,Near,Female,69,yes,Littoral,Walk,20,Francophone
10,85,Low,Low,Yes,6,53,Yes,1,Low,Private,3,High School,Moderate,Male,60,no,Adamawa,Taxi,31,Anglophone
9,86,High,Medium,No,8,65,Yes,0,Medium,Public,3,College,Near,Female,66,yes,Adamawa,Bus,39,Bilingual
31,72,Low,High,Yes,5,94,Yes,2,Low,Public,2,High School,Near,Male,70,yes,North West,Bus,139,Bilingual
22,73,High,Medium,Yes,7,70,No,2,Low,Public,3,College,Near,Male,66,sometimes,East,Walk,92,Francophone
15,74,High,Medium,Yes,8,76,Yes,1,Medium,Public,4,High School,Far,Male,64,no,Centre,Private car,42,Bilingual
23,87,Medium,High,No,5,59,Yes,1,High,Public,4,College,Near,Male,70,yes,Adamawa,Bike,75,Anglophone
4,62,Medium,Medium,No,6,78,Yes,3,High,Public,2,High School,Far,Female,58,no,East,Bike,178,Francophone
20,97,Medium,High,Yes,5,63,Yes,0,Low,Public,3,College,Far,Female,69,yes,South,Bike,58,Bilingual
22,69,Medium,Medium,Yes,6,91,Yes,0,High,Private,1,High School,Moderate,Male,64,no,East,Bus,34,Francophone
26,100,Low,Medium,No,9,60,Yes,2,Medium,Public,4,High School,Near,Male,72,no,South West,Taxi,173,Bilingual
14,67,Medium,Medium,Yes,9,68,Yes,1,Low,Public,3,High School,Near,Male,60,no,North,Private car,175,Francophone
21,91,Medium,Medium,Yes,7,55,Yes,2,High,Private,3,High School,Near,Female,70,yes,Centre,Private car,24,Bilingual
14,69,Medium,Low,Yes,8,79,Yes,1,High,Public,1,Postgraduate,Moderate,Female,62,no,South West,Walk,129,Bilingual
22,63,Medium,Medium,Yes,8,97,Yes,1,High,Public,3,High School,Moderate,Female,66,no,West,Bike,198,Anglophone
15,95,Medium,Medium,Yes,6,59,Yes,0,Medium,Private,5,High School,Far,Female,66,yes,Far North,Bike,110,Anglophone
18,94,Low,Medium,Yes,7,51,Yes,1,Low,Public,3,College,Moderate,Male,65,sometimes,South West,Private car,127,Francophone
14,76,High,Medium,Yes,5,71,Yes,1,Low,Public,3,High School,Near,Male,64,sometimes,East,Walk,126,Anglophone
24,88,High,Medium,Yes,6,87,Yes,1,High,Private,3,High School,Near,Female,72,sometimes,South,Walk,169,Anglophone
25,82,Medium,Medium,Yes,7,99,Yes,3,Low,Public,2,High School,Near,Female,71,sometimes,West,Taxi,110,Bilingual
19,94,Low,High,No,5,53,Yes,1,Medium,Public,3,High School,Near,Female,68,yes,Littoral,Walk,125,Francophone
20,73,High,Medium,Yes,5,89,Yes,2,Medium,Public,5,High School,Moderate,Female,68,sometimes,North,Walk,164,Anglophone
11,81,Low,Medium,Yes,6,68,Yes,2,High,Private,3,Postgraduate,Far,Female,64,sometimes,North,Walk,47,Anglophone
18,79,Low,Medium,Yes,9,58,Yes,3,Medium,Public,3,High School,Near,Female,65,yes,North West,Private car,110,Francophone
20,74,Medium,High,Yes,9,60,No,1,Low,Public,3,High School,Moderate,Female,64,no,Far North,Bike,106,Francophone
36,96,Medium,Low,No,7,96,Yes,1,Low,Public,3,College,Moderate,Female,75,no,West,Taxi,131,Bilingual
13,67,Low,Medium,Yes,8,90,Yes,2,Low,Private,2,High School,Near,Male,61,no,Far North,Walk,59,Anglophone
29,66,High,High,No,6,66,Yes,0,Medium,Private,3,Postgraduate,Near,Male,68,no,South,Taxi,131,Bilingual
26,83,Medium,Medium,No,4,97,Yes,2,Low,Public,4,College,Moderate,Male,70,no,East,Bike,143,Bilingual
22,86,High,Medium,No,6,55,Yes,5,High,Private,3,Postgraduate,Near,Female,71,sometimes,Centre,Bike,58,Bilingual
31,68,Low,High,Yes,7,66,Yes,0,Low,Public,3,High School,Near,Male,66,sometimes,South,Private car,99,Bilingual
22,76,High,Low,Yes,7,83,Yes,0,Low,Public,1,College,Near,Male,66,sometimes,Centre,Private car,157,Francophone
22,98,Medium,Medium,Yes,7,100,Yes,0,Low,Public,3,High School,Far,Male,70,no,South,Taxi,75,Bilingual
20,70,Low,Medium,No,7,73,Yes,0,Low,Public,5,High School,Near,Female,62,sometimes,Littoral,Private car,76,Francophone
27,87,High,Low,Yes,6,91,Yes,4,High,Public,4,High School,Moderate,Male,72,no,West,Bike,84,Anglophone
27,90,High,Medium,No,8,96,Yes,0,Medium,Public,4,High School,Moderate,Male,72,yes,East,Walk,121,Francophone
16,78,Low,Medium,Yes,5,50,Yes,2,Low,Private,2,College,Moderate,Male,63,no,Centre,Bike,197,Anglophone
12,98,High,Low,Yes,8,64,No,5,Low,Public,5,College,Near,Female,69,sometimes,Centre,Taxi,89,Francophone
19,89,Medium,Medium,Yes,6,55,Yes,0,Medium,Public,2,Postgraduate,Moderate,Male,68,no,West,Walk,103,Anglophone
15,78,High,High,Yes,10,89,Yes,0,Medium,Public,3,High School,Near,Male,67,sometimes,South,Taxi,49,Anglophone
20,83,High,High,Yes,7,78,Yes,3,Low,Private,2,College,Near,Female,71,no,North,Bus,122,Francophone
27,88,Low,Medium,Yes,6,55,No,2,Low,Public,5,High School,Far,Male,67,yes,Littoral,Walk,25,Francophone
17,84,Low,Low,Yes,6,71,Yes,0,Medium,Private,4,High School,Near,Male,62,no,Centre,Private car,195,Bilingual
20,95,Medium,Medium,No,6,76,Yes,0,Low,Private,4,High School,Moderate,Female,69,no,Adamawa,Bike,140,Francophone
20,74,High,Medium,Yes,8,85,Yes,2,Low,Public,0,High School,Near,Male,67,sometimes,Centre,Bus,152,Francophone
25,72,Medium,High,Yes,7,89,Yes,2,Low,Public,3,Postgraduate,Near,Female,71,no,Adamawa,Taxi,74,Anglophone
7,69,Medium,High,Yes,8,54,Yes,1,Medium,Public,2,High School,Far,Male,87,no,South West,Bus,137,Bilingual
16,62,Low,Medium,No,8,74,Yes,2,High,Private,3,High School,Moderate,Male,62,no,Far North,Taxi,185,Anglophone
21,62,High,Low,Yes,7,58,Yes,2,Low,Public,1,College,Near,Female,64,no,Centre,Bike,159,Francophone
27,95,Medium,High,No,8,88,Yes,3,Medium,Private,2,High School,Far,Female,74,yes,East,Bus,142,Francophone
17,87,High,High,Yes,9,83,Yes,0,Low,Public,2,College,Moderate,Male,69,no,East,Bus,128,Anglophone
9,86,High,Medium,No,8,86,Yes,1,Low,Public,1,High School,Near,Male,65,yes,Centre,Taxi,62,Bilingual
24,85,Low,Medium,Yes,7,54,No,2,Medium,Public,3,College,Moderate,Female,66,sometimes,North West,Walk,150,Bilingual
16,94,Medium,Medium,Yes,8,76,Yes,3,Medium,Public,4,Postgraduate,Near,Female,70,no,Adamawa,Walk,153,Anglophone
13,79,High,High,No,5,92,Yes,3,Medium,Public,3,High School,Near,Male,68,yes,South,Private car,32,Francophone
16,95,Low,Low,No,10,86,Yes,4,High,Public,2,College,Near,Female,70,no,Centre,Taxi,79,Francophone
19,74,High,High,No,8,93,Yes,1,Medium,Public,3,High School,Near,Male,68,yes,East,Bike,22,Anglophone
16,97,High,Low,Yes,8,60,Yes,0,Low,Public,3,High School,Near,Male,69,sometimes,East,Taxi,191,Bilingual
7,88,Medium,High,Yes,7,64,Yes,2,Medium,Public,4,Postgraduate,Moderate,Male,66,sometimes,Far North,Bus,79,Bilingual
25,70,Medium,Medium,Yes,4,72,Yes,0,Low,Public,4,College,Moderate,Male,65,sometimes,Adamawa,Private car,85,Bilingual
28,83,Medium,Medium,Yes,7,76,Yes,1,Medium,Public,3,College,Near,Male,71,no,North,Taxi,159,Bilingual
24,81,Medium,Low,Yes,7,63,Yes,1,Low,Public,3,High School,Moderate,Male,66,yes,Centre,Taxi,88,Francophone
13,66,Low,Medium,Yes,6,69,Yes,2,Low,Private,4,High School,Near,Male,61,no,South West,Walk,57,Anglophone
19,84,Medium,Medium,Yes,6,84,Yes,3,Medium,Public,2,Postgraduate,Moderate,Male,69,yes,West,Private car,189,Francophone
20,73,Medium,Medium,No,6,82,Yes,1,Medium,Private,3,College,Near,Male,65,sometimes,Littoral,Walk,106,Bilingual
24,62,Medium,Medium,Yes,8,56,Yes,0,Medium,Private,2,College,Moderate,Male,63,yes,West,Taxi,34,Bilingual
24,98,Medium,Low,Yes,9,99,Yes,2,Low,Public,2,Postgraduate,Far,Female,73,yes,North,Bike,100,Anglophone
16,86,High,Medium,Yes,7,78,Yes,1,Low,Private,4,Postgraduate,Moderate,Male,68,sometimes,South West,Bike,186,Anglophone
20,95,Medium,Medium,Yes,6,74,Yes,1,High,Public,4,High School,Far,Female,70,sometimes,West,Private car,120,Bilingual
23,87,Medium,Medium,Yes,6,98,Yes,3,Medium,Public,3,College,Near,Male,72,sometimes,Adamawa,Bike,67,Francophone
29,74,High,Medium,Yes,7,57,No,3,Medium,Private,2,High School,Moderate,Male,68,sometimes,South West,Walk,88,Bilingual
24,81,Medium,Medium,No,7,77,Yes,0,High,Private,3,High School,Near,Male,68,yes,Adamawa,Walk,115,Bilingual
25,87,High,Medium,Yes,8,90,Yes,1,Low,Public,4,High School,Near,Female,71,yes,Centre,Taxi,121,Francophone
21,98,Low,Low,Yes,6,70,Yes,1,Medium,Public,3,High School,Moderate,Male,68,no,South West,Bus,184,Bilingual
28,70,High,Low,Yes,8,87,Yes,3,Low,Public,3,Postgraduate,Moderate,Male,70,yes,West,Bus,114,Anglophone
22,95,Medium,Low,Yes,8,95,No,2,Low,Private,4,High School,Near,Female,70,yes,South West,Bike,103,Francophone
15,97,High,Medium,Yes,6,63,Yes,2,Medium,Public,3,High School,Near,Female,69,yes,Far North,Taxi,193,Bilingual
28,87,High,Medium,Yes,4,62,Yes,2,Low,Public,4,High School,Near,Female,73,sometimes,Adamawa,Taxi,27,Bilingual
24,97,Medium,Medium,Yes,6,68,Yes,1,Medium,Public,4,College,Near,Male,72,sometimes,North West,Walk,48,Bilingual
17,76,Medium,High,No,9,71,Yes,0,Medium,Public,3,Postgraduate,Near,Male,67,yes,Far North,Bus,151,Anglophone
17,98,High,Medium,No,4,56,Yes,2,Low,Private,3,High School,Near,Female,69,no,Littoral,Walk,128,Anglophone
22,88,Low,Medium,Yes,9,62,Yes,1,High,Private,3,College,Near,Male,68,yes,South West,Walk,180,Francophone
23,62,High,Low,No,4,94,Yes,0,Medium,Private,3,Postgraduate,Far,Female,64,no,Centre,Private car,57,Anglophone
21,96,Low,High,Yes,6,78,Yes,2,Medium,Private,3,High School,Moderate,Female,71,yes,Adamawa,Private car,27,Anglophone
22,79,High,Medium,Yes,6,63,Yes,1,Medium,Public,4,High School,Near,Female,68,yes,Centre,Private car,175,Anglophone
30,78,Medium,High,Yes,10,97,Yes,1,Low,Private,2,High School,Far,Male,70,sometimes,Centre,Taxi,163,Francophone
26,83,Medium,High,Yes,7,89,Yes,3,Low,Private,3,High School,Moderate,Male,72,yes,South West,Bike,192,Francophone
21,66,Low,High,Yes,7,68,Yes,2,Low,Public,1,High School,Near,Female,65,no,North West,Bike,74,Bilingual
26,79,Medium,High,No,6,88,Yes,1,Low,Public,3,College,Near,Male,70,sometimes,South,Private car,20,Anglophone
14,93,Medium,Medium,No,8,80,Yes,2,Low,Private,4,Postgraduate,Near,Male,69,yes,North West,Walk,56,Anglophone
22,61,Medium,Medium,No,6,84,Yes,0,Medium,Public,2,Postgraduate,Near,Male,64,yes,West,Private car,68,Francophone
31,71,Low,High,Yes,7,66,Yes,3,Low,Private,1,High School,Near,Male,67,no,Far North,Taxi,51,Anglophone
19,60,High,High,Yes,6,60,Yes,1,Low,Public,2,College,Near,Male,65,no,South West,Bus,159,Anglophone
15,77,Low,Medium,Yes,8,63,Yes,0,Medium,Public,1,High School,Near,Female,62,no,South,Private car,115,Anglophone
16,89,High,Medium,No,8,54,Yes,2,Low,Private,2,College,Moderate,Male,68,sometimes,South,Bus,89,Anglophone
13,92,Medium,High,No,6,74,Yes,2,Low,Private,2,College,Near,Male,68,no,North,Taxi,72,Anglophone
15,98,Medium,Medium,No,6,70,Yes,1,Medium,Private,3,High School,Moderate,Male,68,yes,Centre,Bus,78,Anglophone
18,84,Medium,Low,Yes,6,50,Yes,4,High,Private,3,Postgraduate,Near,Male,68,no,Centre,Taxi,92,Francophone
12,70,Medium,Medium,Yes,7,93,Yes,1,Low,Public,4,High School,Far,Female,62,yes,Far North,Bike,91,Francophone
20,97,Medium,Low,Yes,8,84,Yes,4,Medium,Public,5,High School,Near,Female,72,sometimes,North West,Taxi,108,Francophone
25,91,Low,Medium,No,7,72,Yes,1,Medium,Private,3,College,Far,Male,69,no,Far North,Walk,135,Francophone
15,83,Medium,High,No,4,98,Yes,3,Low,Public,3,High School,Moderate,Female,68,yes,North,Walk,128,Anglophone
29,88,Low,Medium,Yes,8,97,Yes,4,Low,Public,3,College,Moderate,Male,71,no,Adamawa,Bus,192,Bilingual
23,97,Low,High,Yes,5,55,Yes,0,Medium,Public,3,High School,Moderate,Female,69,yes,South West,Bike,113,Anglophone
26,88,Low,High,No,6,81,Yes,1,High,Public,2,High School,Near,Male,71,yes,South,Private car,197,Bilingual
16,75,Medium,High,Yes,7,91,Yes,2,Low,Public,5,High School,Far,Male,65,sometimes,Far North,Walk,180,Francophone
25,89,Medium,High,No,7,59,Yes,1,Low,Public,4,High School,Near,Male,68,no,West,Private car,101,Anglophone
13,62,Medium,Medium,Yes,8,56,Yes,1,Low,Public,4,High School,Near,Female,60,no,South,Bike,189,Bilingual
25,75,Medium,Medium,Yes,6,63,Yes,3,High,Private,4,High School,Near,Male,68,yes,South,Walk,141,Francophone
21,76,Low,High,No,6,64,Yes,1,Medium,Public,4,High School,Near,Female,66,yes,South,Private car,191,Anglophone
23,67,Medium,Medium,No,7,98,Yes,4,Low,Private,3,High School,Moderate,Male,66,yes,Centre,Taxi,174,Anglophone
13,61,Medium,Medium,Yes,8,89,Yes,4,Low,Private,4,High School,Far,Female,62,no,Far North,Walk,38,Francophone
15,65,Medium,Medium,No,8,53,Yes,2,Low,Public,3,College,Near,Male,61,sometimes,East,Bus,139,Francophone
24,86,High,Medium,No,7,89,Yes,2,Low,Public,3,Postgraduate,Far,Female,69,no,East,Private car,47,Bilingual
14,92,Medium,High,Yes,9,58,Yes,1,High,Public,2,High School,Near,Male,69,yes,Centre,Walk,109,Francophone
23,100,Medium,Medium,Yes,9,68,Yes,4,High,Private,3,Postgraduate,Near,Male,74,sometimes,North West,Bike,71,Francophone
12,74,Medium,High,Yes,8,66,Yes,1,Low,Public,4,High School,Near,Female,62,yes,East,Taxi,115,Anglophone
25,84,Medium,Medium,Yes,5,64,Yes,0,Low,Public,3,College,Moderate,Female,67,no,South,Walk,132,Francophone
13,97,High,Medium,No,8,65,Yes,1,Low,Private,2,High School,Near,Female,69,sometimes,Far North,Private car,37,Francophone
23,67,High,Low,Yes,7,88,Yes,1,Low,Private,4,High School,Near,Male,66,no,East,Bike,152,Francophone
24,89,Medium,High,Yes,6,63,Yes,2,High,Private,3,College,Near,Male,72,sometimes,East,Walk,25,Anglophone
16,90,High,Low,No,6,90,Yes,2,High,Public,3,High School,Near,Male,69,no,Adamawa,Private car,161,Anglophone
23,64,Medium,High,Yes,7,55,Yes,0,Medium,Public,4,High School,Moderate,Male,65,yes,South,Walk,50,Francophone
22,94,Medium,High,No,6,80,Yes,0,High,Private,2,Postgraduate,Near,Male,72,no,South,Private car,24,Francophone
17,93,Low,Medium,Yes,7,93,Yes,2,Medium,Private,4,High School,Near,Male,69,yes,Centre,Walk,80,Anglophone
14,61,Medium,High,No,7,54,Yes,3,Low,Public,2,High School,Near,Female,60,sometimes,North,Private car,193,Francophone
8,64,High,Medium,No,7,82,Yes,0,High,Public,1,Postgraduate,Near,Female,61,yes,Littoral,Bike,152,Anglophone
22,62,High,Low,No,8,76,Yes,1,Medium,Public,3,High School,Near,Male,63,yes,South,Private car,47,Francophone
11,73,Medium,Medium,No,7,67,No,3,Medium,Private,5,Postgraduate,Near,Male,63,no,Littoral,Bus,154,Bilingual
21,80,Medium,Medium,Yes,6,55,Yes,1,High,Public,3,Postgraduate,Moderate,Male,68,sometimes,Centre,Bike,176,Francophone
18,81,Medium,Medium,Yes,4,84,Yes,1,Medium,Private,4,College,Near,Female,68,yes,Centre,Bike,93,Anglophone
24,71,High,Medium,No,8,65,Yes,1,Low,Private,2,High School,Near,Male,65,yes,East,Bus,89,Bilingual
18,96,Medium,High,No,7,67,Yes,1,High,Public,2,High School,Near,Female,71,sometimes,Centre,Taxi,121,Bilingual
18,75,Medium,Medium,Yes,7,86,Yes,1,Low,Private,3,High School,Near,Male,64,no,Centre,Bus,142,Anglophone
24,62,Medium,Medium,No,9,97,Yes,1,Medium,Private,2,Postgraduate,Near,Male,65,yes,North West,Private car,111,Bilingual
22,72,High,Medium,Yes,5,67,Yes,2,Medium,Public,4,College,Near,Female,67,sometimes,Littoral,Walk,198,Anglophone
22,81,High,Medium,No,7,87,Yes,0,Low,Public,2,High School,Near,Female,67,sometimes,Adamawa,Bike,57,Anglophone
23,76,Low,Medium,Yes,6,98,Yes,1,Low,Public,3,College,Moderate,Male,67,no,Adamawa,Bike,66,Anglophone
11,71,Low,Medium,Yes,8,55,Yes,1,Low,Public,3,College,Near,Female,87,sometimes,Far North,Taxi,74,Bilingual
25,65,High,High,Yes,4,76,Yes,1,High,Private,1,High School,Moderate,Female,67,yes,Far North,Bus,36,Anglophone
24,93,High,Medium,Yes,8,51,Yes,4,Medium,Private,2,High School,Near,Male,72,yes,South West,Private car,27,Bilingual
14,100,Medium,Low,Yes,8,91,Yes,0,Low,Public,3,High School,Near,Female,69,sometimes,East,Bus,115,Anglophone
19,73,Medium,Medium,Yes,6,64,Yes,1,High,Public,3,College,Moderate,Female,65,yes,East,Walk,138,Bilingual
20,75,High,Medium,Yes,7,67,Yes,1,Low,Private,4,High School,Near,Female,66,no,South,Private car,109,Anglophone
19,85,High,High,No,6,84,Yes,3,Medium,Private,3,Postgraduate,Near,Male,70,yes,North,Bus,126,Francophone
22,89,High,High,Yes,8,89,Yes,0,Medium,Private,3,High School,Moderate,Male,71,no,East,Walk,87,Bilingual
29,76,Medium,High,Yes,8,70,No,1,Low,Public,4,College,Moderate,Female,67,no,West,Taxi,103,Francophone
26,96,High,Medium,No,5,83,Yes,0,Medium,Public,2,High School,Far,Male,72,yes,South West,Private car,69,Bilingual
12,82,Low,Medium,No,5,98,Yes,0,Low,Public,1,High School,Moderate,Male,63,yes,North,Bike,57,Anglophone
24,78,High,Low,Yes,9,94,Yes,0,Low,Public,4,High School,Moderate,Female,67,sometimes,Centre,Private car,67,Bilingual
28,86,Low,Medium,No,10,85,Yes,6,Low,Public,2,High School,Near,Male,72,yes,East,Private car,170,Anglophone
22,98,Medium,Medium,No,8,97,Yes,1,High,Private,1,Postgraduate,Near,Female,72,sometimes,North West,Walk,50,Bilingual
27,92,Medium,Medium,No,8,94,No,1,Low,Private,4,College,Near,Female,70,yes,Adamawa,Walk,51,Francophone
32,62,High,Medium,No,7,86,Yes,0,Low,Public,2,High School,Near,Female,67,sometimes,North West,Bus,33,Anglophone
26,73,Medium,Medium,No,7,96,Yes,0,Medium,Private,3,High School,Near,Female,68,no,East,Bike,33,Bilingual
21,79,Low,Medium,Yes,8,91,Yes,1,Low,Public,3,High School,Moderate,Male,67,yes,West,Bus,174,Francophone
26,73,High,High,No,7,75,Yes,3,Low,Public,5,College,Near,Male,70,sometimes,Centre,Bike,118,Francophone
21,88,Medium,Low,No,9,75,No,1,Medium,Private,2,Postgraduate,Moderate,Female,67,no,Littoral,Bike,134,Anglophone
20,93,Medium,Medium,Yes,7,50,Yes,1,High,Public,4,College,Near,Male,71,sometimes,North,Private car,169,Bilingual
18,89,High,Low,Yes,7,52,Yes,1,High,Public,3,Postgraduate,Near,Female,69,no,North,Taxi,52,Francophone
29,100,Medium,Medium,Yes,7,87,No,3,Low,Public,5,College,Near,Female,74,yes,Adamawa,Taxi,171,Francophone
15,71,High,Low,No,7,78,Yes,0,Medium,Private,3,High School,Near,Male,63,yes,West,Bike,81,Anglophone
29,95,Medium,Low,Yes,9,88,Yes,0,Medium,Public,2,High School,Near,Female,72,sometimes,Adamawa,Taxi,25,Bilingual
23,91,High,Low,Yes,7,97,Yes,2,Low,Public,3,College,Moderate,Male,71,yes,Littoral,Walk,199,Anglophone
12,74,High,Medium,No,7,73,Yes,1,Low,Public,5,High School,,Male,64,sometimes,East,Taxi,174,Francophone
22,89,Medium,Medium,Yes,7,54,Yes,1,High,Public,3,High School,Near,Female,69,sometimes,East,Walk,113,Francophone
7,64,High,High,No,6,81,Yes,2,Low,Private,3,Postgraduate,Moderate,Female,62,sometimes,Far North,Bus,89,Francophone
24,92,Medium,Medium,Yes,5,55,No,1,Medium,Public,4,College,Near,Male,69,sometimes,Adamawa,Taxi,90,Bilingual
25,81,High,Low,Yes,9,81,Yes,2,Low,Public,3,High School,Near,Male,68,yes,Adamawa,Walk,150,Bilingual
16,72,High,Medium,Yes,9,76,Yes,6,Low,Public,3,High School,Near,Male,67,sometimes,North,Taxi,178,Anglophone
21,86,Medium,Medium,Yes,9,86,Yes,2,Medium,Public,3,Postgraduate,Near,Male,71,yes,Littoral,Private car,90,Francophone
32,86,Medium,Medium,Yes,5,68,Yes,1,Medium,Public,4,High School,Moderate,Male,70,no,South,Private car,48,Francophone
17,68,High,Medium,No,9,57,Yes,2,Medium,Public,3,High School,Moderate,Male,63,sometimes,South,Taxi,173,Bilingual
14,61,Low,High,No,10,62,Yes,0,High,Public,4,College,Moderate,Female,60,yes,Littoral,Walk,178,Bilingual
29,77,Medium,Medium,No,9,84,Yes,0,Low,Public,3,College,Near,Female,69,yes,Centre,Bike,93,Anglophone
32,83,Medium,Medium,Yes,9,74,Yes,3,Low,Public,3,College,Moderate,Male,71,sometimes,South West,Taxi,64,Francophone
20,95,Low,Low,Yes,8,77,Yes,1,High,Public,2,High School,Near,Male,69,yes,West,Bike,171,Francophone
26,97,High,Low,Yes,6,66,Yes,2,Medium,Public,1,College,Near,Female,73,sometimes,North,Taxi,116,Anglophone
28,81,Medium,High,Yes,8,92,Yes,1,High,Public,3,College,Near,Female,73,sometimes,North,Walk,157,Anglophone
16,90,Medium,Medium,No,5,100,Yes,1,Low,Public,3,High School,Moderate,Female,68,sometimes,Littoral,Bike,101,Anglophone
17,78,High,Medium,Yes,6,66,Yes,2,Low,Public,4,College,Moderate,Male,67,yes,East,Private car,82,Anglophone
27,90,Medium,High,No,7,86,Yes,2,Medium,Public,3,College,Moderate,Male,74,yes,North,Bus,130,Francophone
30,68,Medium,High,No,7,59,Yes,3,Low,Public,3,College,Moderate,Male,68,yes,Far North,Bus,82,Bilingual
23,75,High,Medium,No,8,87,Yes,1,Medium,Public,2,College,Near,Female,69,yes,North,Taxi,155,Francophone
15,85,High,Medium,No,4,72,Yes,4,Low,Private,4,College,Near,Male,69,sometimes,South,Bus,99,Anglophone
32,61,High,High,Yes,7,80,Yes,0,Low,Public,4,College,Moderate,Female,68,sometimes,South,Bike,150,Bilingual
17,89,Low,High,No,8,62,Yes,1,Low,Public,1,High School,Moderate,Male,66,no,Adamawa,Private car,66,Anglophone
18,93,Low,Low,Yes,8,93,Yes,3,Low,Public,3,Postgraduate,Moderate,Male,69,sometimes,Far North,Taxi,34,Bilingual
22,76,Medium,Medium,Yes,8,59,Yes,1,Low,Public,2,College,Near,Female,66,no,Centre,Bus,41,Francophone
29,78,Low,Medium,Yes,7,96,Yes,5,Low,Public,4,College,Moderate,Male,72,sometimes,North West,Bus,176,Anglophone
25,94,Medium,Low,Yes,6,53,Yes,1,Medium,Public,3,,Near,Female,69,yes,Adamawa,Bus,54,Anglophone
22,91,Medium,Medium,Yes,8,64,Yes,1,Low,Public,3,High School,Moderate,Male,68,yes,South West,Bike,172,Anglophone
23,72,Medium,Medium,Yes,7,78,Yes,1,Low,Private,3,High School,Near,Male,66,yes,Adamawa,Bus,183,Bilingual
20,73,Medium,Low,Yes,8,93,Yes,1,Low,Public,4,High School,Far,Male,65,yes,North West,Taxi,134,Anglophone
23,87,Medium,Medium,No,8,79,Yes,2,Low,Public,2,Postgraduate,Near,Male,71,sometimes,Centre,Private car,86,Anglophone
5,83,Medium,Medium,Yes,7,61,Yes,2,Low,Public,4,High School,Moderate,Male,61,no,Far North,Taxi,106,Bilingual
18,66,Low,Medium,Yes,6,93,Yes,1,Low,Public,3,College,Near,Female,63,no,North,Taxi,73,Francophone
21,72,Medium,High,Yes,9,80,Yes,1,Medium,Public,3,High School,Near,Female,66,sometimes,North West,Bus,142,Anglophone
13,96,Medium,High,No,8,62,Yes,0,High,Private,2,Postgraduate,Near,Male,69,sometimes,Adamawa,Walk,158,Bilingual
22,88,High,High,Yes,10,78,Yes,0,Medium,Private,2,High School,Moderate,Male,71,sometimes,Far North,Walk,126,Anglophone
19,99,High,Medium,Yes,8,84,Yes,0,High,Public,4,High School,Near,Female,73,yes,East,Walk,195,Francophone
31,91,High,Medium,Yes,8,84,Yes,2,Low,Public,2,High School,Near,Male,72,sometimes,Centre,Taxi,144,Anglophone
29,98,Medium,High,No,5,86,Yes,2,Medium,Private,4,High School,Far,Male,73,sometimes,South West,Taxi,113,Francophone
17,69,Low,High,Yes,7,95,Yes,1,Low,Private,2,High School,Moderate,Male,65,no,Littoral,Private car,33,Francophone
19,91,Low,High,Yes,7,91,Yes,1,High,Public,3,High School,Near,Female,71,no,North,Bike,56,Anglophone
20,61,High,Medium,Yes,8,80,Yes,1,Low,Public,3,High School,Near,Male,65,no,Far North,Walk,138,Bilingual
17,87,Medium,Medium,No,8,52,Yes,1,Medium,Public,5,College,Near,Male,67,sometimes,North,Bike,24,Francophone
21,79,Medium,High,Yes,8,87,Yes,1,Low,Public,2,Postgraduate,Moderate,Male,69,sometimes,West,Walk,33,Francophone
15,74,Low,High,No,10,99,No,0,Low,Private,3,College,Moderate,Male,63,sometimes,East,Walk,190,Bilingual
13,94,Low,High,Yes,6,65,Yes,2,Medium,Public,2,Postgraduate,Moderate,Male,68,no,Adamawa,Taxi,146,Bilingual
24,94,High,Low,Yes,8,80,No,1,Low,Public,4,High School,Near,Female,70,no,West,Private car,97,Bilingual
24,61,Medium,Medium,Yes,8,88,Yes,1,Low,Private,4,High School,Moderate,Female,64,yes,South,Bus,41,Francophone
15,84,Medium,Medium,No,10,82,Yes,1,High,Private,2,High School,Near,Male,64,no,North West,Taxi,136,Anglophone
25,75,Low,High,Yes,8,96,Yes,1,Low,Private,0,College,Near,Male,68,no,West,Bike,23,Bilingual
16,77,Medium,High,Yes,8,74,Yes,0,High,Private,2,College,Moderate,Female,65,sometimes,South,Bus,90,Francophone
22,93,High,Medium,No,8,77,Yes,0,High,Public,1,High School,,Female,70,no,South West,Taxi,108,Francophone
25,72,Medium,Medium,Yes,8,52,Yes,0,Medium,Private,2,Postgraduate,Near,Male,66,no,Adamawa,Bike,75,Bilingual
20,98,High,Low,Yes,9,95,Yes,1,Low,Public,2,High School,Moderate,Female,70,yes,Adamawa,Bus,188,Bilingual
23,67,Medium,Medium,Yes,6,63,Yes,3,Low,Private,3,High School,Near,Male,66,no,East,Bus,60,Anglophone
17,87,Medium,Medium,No,6,99,Yes,2,Low,Private,2,Postgraduate,Near,Male,69,yes,North West,Private car,91,Anglophone
19,87,High,High,No,10,60,Yes,2,Medium,Private,3,High School,Moderate,Male,69,yes,West,Walk,87,Bilingual
19,70,High,High,No,4,63,Yes,1,Low,Private,3,College,Far,Female,64,sometimes,South,Private car,187,Bilingual
16,73,Medium,Medium,Yes,7,74,Yes,1,Low,Public,3,High School,Moderate,Male,64,sometimes,Littoral,Bus,183,Bilingual
19,93,Low,Medium,Yes,7,83,Yes,1,Medium,Public,3,High School,Near,Female,69,yes,North West,Walk,55,Bilingual
11,90,Medium,Medium,Yes,7,72,Yes,3,Medium,Public,3,High School,Near,Female,67,sometimes,Adamawa,Bike,64,Anglophone
17,73,Low,Medium,Yes,9,68,Yes,2,Medium,Public,3,College,Near,Female,63,yes,Far North,Walk,170,Anglophone
18,81,Low,High,Yes,8,77,Yes,1,Medium,Public,3,College,Moderate,Male,67,sometimes,Littoral,Taxi,84,Anglophone
18,62,Medium,High,No,6,98,Yes,3,Medium,Private,1,College,Near,Male,65,yes,Far North,Bike,54,Francophone
19,68,Medium,Medium,Yes,6,98,Yes,2,Low,Public,1,High School,Moderate,Female,64,sometimes,East,Bike,47,Bilingual
20,79,High,Medium,No,7,66,Yes,3,High,Public,3,College,Near,Female,68,sometimes,South West,Taxi,120,Anglophone
23,63,Low,Medium,Yes,9,84,Yes,0,High,Public,3,High School,Near,Female,64,no,South West,Taxi,102,Bilingual
25,94,High,Medium,No,7,86,No,2,Low,Private,4,College,Moderate,Male,70,sometimes,Adamawa,Bus,143,Bilingual
16,89,High,Medium,Yes,7,83,Yes,0,Low,Public,4,Postgraduate,Moderate,Male,70,sometimes,South,Bus,137,Anglophone
13,98,High,Low,Yes,6,56,Yes,1,High,Public,3,College,Moderate,Female,67,sometimes,Centre,Private car,106,Francophone
14,88,High,High,Yes,8,77,Yes,2,Medium,Public,3,College,Far,Male,69,sometimes,Centre,Bus,177,Francophone
17,98,High,Medium,No,7,88,Yes,2,Low,Private,4,High School,Far,Male,70,no,East,Bike,176,Bilingual
18,82,High,High,No,6,60,Yes,5,Medium,Public,3,College,,Male,69,no,Adamawa,Private car,161,Bilingual
15,84,Medium,Low,Yes,9,67,Yes,1,Medium,Private,3,College,Moderate,Male,65,no,South West,Taxi,135,Bilingual
12,99,Medium,High,Yes,10,60,Yes,0,Low,Public,1,High School,Moderate,Male,66,yes,North West,Taxi,46,Bilingual
17,86,High,High,Yes,7,94,Yes,2,Medium,Public,3,High School,Moderate,Male,70,sometimes,Adamawa,Bike,58,Bilingual
21,61,Medium,Low,Yes,7,93,Yes,1,Low,Private,5,High School,Near,Male,63,no,Far North,Taxi,143,Anglophone
24,89,Low,Medium,No,5,58,Yes,3,High,Public,3,High School,Near,Female,69,yes,Littoral,Bike,152,Bilingual
17,96,High,High,Yes,8,88,Yes,4,Low,Private,4,Postgraduate,Near,Male,74,no,Centre,Bus,60,Bilingual
18,92,Medium,Medium,Yes,8,68,Yes,2,High,Private,3,High School,Near,Male,70,no,East,Walk,102,Bilingual
14,83,High,Medium,No,7,84,Yes,1,Low,Public,3,High School,Near,Female,66,yes,North,Bike,68,Francophone
20,87,Low,High,Yes,6,75,Yes,0,Low,Public,3,Postgraduate,Near,Male,68,no,South West,Walk,85,Bilingual
15,100,Medium,Low,No,10,74,Yes,2,Medium,Public,5,High School,Far,Male,67,no,East,Taxi,26,Bilingual
23,64,Medium,Medium,Yes,8,94,Yes,2,Medium,Private,5,High School,Moderate,Female,66,no,South West,Private car,29,Anglophone
9,87,High,Medium,No,6,82,Yes,0,Low,Public,3,College,Near,Female,65,yes,South West,Bike,107,Francophone
18,71,Low,Medium,Yes,8,62,Yes,3,High,Public,2,College,Near,Male,66,no,Far North,Walk,152,Anglophone
22,86,High,Medium,Yes,7,56,Yes,1,High,Private,4,High School,Moderate,Male,69,sometimes,Centre,Bus,157,Anglophone
21,84,Low,Medium,No,7,97,Yes,2,Low,Public,4,High School,Moderate,Female,67,no,North,Bus,114,Bilingual
36,66,Low,High,Yes,8,58,Yes,1,Medium,Public,3,College,Far,Male,69,no,Far North,Bus,26,Francophone
22,68,Medium,Medium,No,4,87,Yes,2,Medium,Public,3,Postgraduate,Far,Female,66,no,Adamawa,Bike,136,Bilingual
14,85,Medium,Medium,No,4,75,Yes,2,High,Public,1,High School,Far,Female,64,sometimes,West,Bus,22,Francophone
19,65,Medium,Medium,No,9,57,Yes,1,Medium,Public,2,High School,Near,Female,61,yes,Littoral,Walk,93,Bilingual
9,71,Low,High,Yes,7,89,Yes,0,Low,Public,2,High School,Near,Male,61,sometimes,Littoral,Bus,167,Francophone
20,93,Medium,Medium,Yes,6,95,Yes,1,Medium,Public,4,College,Moderate,Male,70,no,Littoral,Taxi,65,Francophone
15,73,Medium,High,No,5,56,Yes,1,Medium,Public,2,Postgraduate,Near,Female,65,no,South,Taxi,99,Francophone
25,80,High,Low,No,7,53,Yes,1,Medium,Private,3,College,Moderate,Male,67,no,Littoral,Taxi,94,Francophone
17,98,Low,Medium,No,7,92,Yes,0,High,Private,0,College,Near,Male,69,yes,Littoral,Taxi,187,Francophone
19,69,Medium,Low,Yes,9,75,Yes,2,Medium,Public,5,High School,Moderate,Female,63,yes,Centre,Private car,65,Bilingual
16,76,Medium,Medium,No,8,84,Yes,1,High,Public,4,High School,Near,Male,66,sometimes,Centre,Taxi,198,Bilingual
30,84,High,Medium,Yes,7,72,Yes,3,Medium,Public,2,High School,Near,Male,73,yes,South,Private car,149,Bilingual
18,90,High,High,No,8,71,No,0,Low,Public,3,High School,Near,Female,68,no,South,Taxi,20,Bilingual
31,96,High,High,Yes,9,65,Yes,0,Low,Private,2,High School,Far,Male,74,no,Littoral,Bus,159,Anglophone
25,97,Low,Medium,Yes,8,78,Yes,0,Medium,Public,3,High School,Near,Male,70,no,South,Private car,23,Anglophone
23,91,High,Low,Yes,8,58,Yes,0,Medium,Public,2,High School,Far,Male,68,yes,East,Private car,187,Anglophone
22,69,High,High,No,7,86,Yes,1,High,Public,4,High School,Moderate,Female,67,no,North West,Taxi,105,Anglophone
22,61,High,Medium,No,6,77,Yes,1,Medium,Public,4,Postgraduate,Moderate,Male,65,yes,West,Bike,62,Francophone
8,75,Medium,Medium,No,5,92,Yes,5,High,Public,4,High School,Moderate,Male,66,yes,Far North,Taxi,124,Anglophone
18,66,High,Medium,Yes,5,96,Yes,0,Low,Public,5,High School,Moderate,Female,64,yes,Centre,Bus,30,Francophone
25,88,Medium,Medium,Yes,8,95,Yes,1,High,Public,4,High School,Near,Female,72,no,East,Private car,193,Bilingual
20,86,Medium,Medium,Yes,8,80,Yes,2,Medium,Public,2,College,Near,Male,70,yes,North,Bus,113,Anglophone
12,62,Medium,Medium,Yes,9,66,Yes,1,Low,Private,2,College,Moderate,Female,60,sometimes,West,Taxi,159,Bilingual
20,93,Medium,Medium,Yes,8,68,Yes,1,Low,Public,3,High School,Moderate,Male,68,yes,Adamawa,Taxi,96,Anglophone
30,70,Medium,High,Yes,9,83,Yes,1,High,Private,2,Postgraduate,Near,Female,71,yes,North,Taxi,182,Anglophone
27,77,Medium,Medium,Yes,7,86,Yes,1,High,Public,3,High School,Moderate,Male,68,sometimes,West,Bike,133,Francophone
20,87,High,Medium,Yes,8,58,Yes,2,Low,Public,2,Postgraduate,Near,Male,67,sometimes,West,Bike,175,Anglophone
26,77,Medium,Medium,Yes,5,100,Yes,1,Low,Private,5,High School,Near,Female,70,sometimes,South West,Walk,72,Anglophone
18,78,Medium,High,No,7,55,Yes,0,High,Public,3,High School,Near,Male,65,sometimes,Littoral,Private car,186,Anglophone
10,63,Medium,Medium,No,4,80,Yes,0,Low,Public,3,College,Near,Male,60,no,Centre,Bike,36,Francophone
14,76,High,Low,No,7,77,No,2,High,Public,4,College,Near,Male,65,no,West,Bus,59,Bilingual
29,91,Medium,Medium,No,9,80,Yes,0,Low,Public,4,High School,Near,Female,70,yes,East,Bike,37,Bilingual
18,97,Low,Low,Yes,7,77,Yes,4,Low,Private,4,Postgraduate,Near,Male,69,sometimes,Centre,Private car,26,Bilingual
19,77,High,Low,No,8,53,Yes,1,Low,Private,3,High School,Near,Male,64,no,South,Private car,79,Francophone
18,77,Low,Medium,No,7,100,Yes,2,High,Private,3,High School,Near,Male,67,sometimes,North West,Taxi,130,Anglophone
31,88,Low,Medium,Yes,6,99,Yes,2,High,Public,3,Postgraduate,Near,Male,73,no,Far North,Bus,105,Anglophone
30,98,Medium,High,No,7,76,Yes,1,Low,Public,3,College,Near,Male,74,sometimes,East,Bus,28,Bilingual
33,71,Medium,Low,Yes,9,60,Yes,0,Medium,Public,4,High School,Near,Male,67,yes,Adamawa,Taxi,92,Anglophone
19,78,Low,High,Yes,8,59,Yes,2,High,Public,1,High School,Near,Male,66,sometimes,Littoral,Taxi,188,Bilingual
22,92,Medium,Medium,No,6,53,Yes,4,High,Public,4,High School,Near,Male,69,yes,West,Private car,54,Anglophone
11,84,High,Medium,No,5,81,Yes,1,Low,Private,3,High School,Moderate,Female,64,yes,Littoral,Bus,183,Bilingual
29,64,Medium,High,Yes,7,74,Yes,0,High,Public,2,Postgraduate,Near,Female,69,yes,Centre,Walk,151,Francophone
13,85,Low,High,Yes,6,71,Yes,1,Low,Public,3,High School,Near,Female,66,sometimes,North West,Taxi,162,Francophone
21,67,High,Medium,Yes,7,76,Yes,1,Medium,Private,2,High School,Near,Male,65,yes,Far North,Taxi,168,Francophone
13,80,Medium,Medium,Yes,5,94,Yes,1,Medium,Private,3,High School,Near,Female,67,yes,South West,Bike,146,Francophone
16,81,Medium,High,No,9,54,Yes,3,Medium,Public,3,Postgraduate,Moderate,Male,67,no,Adamawa,Bus,105,Anglophone
15,95,Medium,Medium,No,7,77,Yes,0,Low,Private,3,High School,Near,Female,68,sometimes,North,Taxi,199,Bilingual
16,78,Medium,Low,No,7,85,Yes,4,Medium,Public,2,High School,Near,Male,65,sometimes,Adamawa,Bike,126,Anglophone
17,71,Medium,Low,Yes,6,99,Yes,4,Medium,Public,3,Postgraduate,Near,Male,66,no,Far North,Taxi,22,Bilingual
17,69,High,Medium,Yes,7,87,Yes,2,Low,Public,3,College,Near,Male,65,no,South West,Bus,180,Anglophone
25,95,Medium,Medium,Yes,7,77,No,0,Low,Public,3,Postgraduate,Near,Male,71,no,Centre,Taxi,32,Francophone
13,67,Medium,High,Yes,6,88,Yes,0,Low,Public,3,College,Moderate,Female,63,yes,East,Walk,192,Bilingual
21,77,High,Low,Yes,7,100,Yes,2,High,Public,4,College,Near,Female,70,sometimes,North,Bike,56,Francophone
27,67,High,High,Yes,9,94,Yes,0,High,Public,2,College,Near,Female,70,no,South,Taxi,137,Francophone
17,91,Low,Medium,Yes,4,54,Yes,3,Low,Public,4,College,Moderate,Female,67,yes,East,Private car,69,Bilingual
16,79,High,Medium,Yes,7,79,Yes,2,High,Public,2,High School,Moderate,Male,68,sometimes,South,Taxi,90,Francophone
19,74,Medium,Low,Yes,6,89,No,0,High,Public,2,High School,Moderate,Male,63,no,South,Private car,133,Francophone
27,74,Medium,High,Yes,9,84,Yes,3,High,Private,3,College,Near,Female,70,sometimes,Adamawa,Bus,71,Anglophone
21,94,Medium,Medium,No,7,71,No,1,Low,Private,2,Postgraduate,Near,Male,69,sometimes,Adamawa,Taxi,191,Anglophone
17,82,Medium,Medium,Yes,5,66,Yes,1,Medium,Public,3,High School,Near,Female,66,no,Far North,Taxi,30,Bilingual
23,89,Low,High,No,7,81,Yes,2,Low,Public,2,Postgraduate,Moderate,Male,70,no,West,Private car,149,Anglophone
13,96,Medium,High,No,8,71,Yes,1,Medium,Public,3,High School,Near,Male,68,no,North West,Bike,40,Anglophone
24,96,Medium,Medium,No,10,70,Yes,0,High,Public,4,High School,Near,Female,70,yes,Far North,Walk,178,Anglophone
22,73,Low,High,Yes,4,92,Yes,0,Low,Public,4,Postgraduate,Moderate,Male,67,sometimes,North West,Taxi,27,Francophone
18,98,Medium,High,Yes,5,66,Yes,0,Medium,Private,0,Postgraduate,,Male,69,no,Centre,Bus,137,Francophone
15,61,High,Low,Yes,9,82,Yes,2,Medium,Public,2,Postgraduate,Near,Male,64,no,Centre,Bus,186,Anglophone
15,75,High,Medium,No,5,94,No,1,Low,Public,3,High School,Moderate,Female,62,sometimes,East,Bike,41,Francophone
23,96,Medium,Medium,No,7,81,Yes,1,Low,Private,2,Postgraduate,Moderate,Male,71,yes,Far North,Walk,107,Anglophone
27,71,High,Medium,Yes,6,75,Yes,2,Medium,Private,4,High School,,Male,69,no,West,Taxi,191,Francophone
16,71,Medium,High,Yes,6,52,Yes,0,High,Public,1,High School,Far,Male,62,no,Far North,Taxi,43,Bilingual
23,72,Low,Medium,Yes,7,84,Yes,0,Medium,Public,4,High School,Near,Male,66,no,Littoral,Bus,117,Francophone
7,84,Medium,High,Yes,7,100,Yes,3,Low,Private,4,High School,Moderate,Male,64,sometimes,South West,Bus,88,Francophone
16,78,Low,High,No,9,90,Yes,3,Low,Public,3,Postgraduate,Moderate,Male,66,yes,Centre,Taxi,85,Francophone
20,89,High,Medium,Yes,9,82,Yes,2,High,Public,3,College,Near,Female,72,no,North,Bike,47,Anglophone
15,96,High,High,Yes,8,73,Yes,3,Medium,Private,3,College,Near,Female,71,yes,South,Bus,180,Anglophone
14,87,Medium,High,Yes,7,61,Yes,0,Low,Public,3,High School,Far,Male,65,no,Adamawa,Walk,154,Anglophone
16,68,Medium,Medium,Yes,7,85,Yes,1,Medium,Public,2,College,Near,Female,65,no,Adamawa,Bike,87,Anglophone
22,97,Medium,High,Yes,8,59,Yes,1,Low,Public,3,High School,Near,Male,70,sometimes,Littoral,Private car,76,Anglophone
19,71,Medium,High,Yes,9,94,Yes,1,High,Private,4,High School,Near,Male,68,no,East,Taxi,62,Anglophone
7,66,High,Low,Yes,8,68,Yes,0,Low,Public,2,College,Moderate,Male,57,no,North,Bike,88,Anglophone
7,64,Medium,High,No,9,70,Yes,4,Low,Public,4,High School,Far,Male,59,sometimes,Littoral,Bike,127,Anglophone
16,83,Low,Low,Yes,6,61,Yes,0,Medium,Public,4,College,Near,Male,64,sometimes,East,Taxi,35,Bilingual
23,65,High,Medium,Yes,9,74,Yes,2,Medium,Private,3,College,Moderate,Male,67,yes,North,Bus,44,Francophone
4,66,Low,High,No,8,84,Yes,2,Low,Public,3,Postgraduate,Near,Female,60,sometimes,South West,Private car,38,Bilingual
17,72,High,High,Yes,6,65,Yes,3,Low,Public,2,Postgraduate,Far,Male,67,yes,East,Private car,117,Bilingual
17,71,Medium,High,Yes,7,85,Yes,2,Low,Private,2,College,,Female,65,yes,Adamawa,Taxi,24,Anglophone
28,84,Medium,Medium,Yes,7,81,Yes,1,Medium,Public,3,College,Near,Male,71,yes,Littoral,Walk,53,Bilingual
18,93,Low,Medium,Yes,7,69,Yes,0,Low,Public,2,College,Near,Male,67,sometimes,North West,Bus,65,Bilingual
22,90,Medium,Medium,Yes,7,66,Yes,0,Low,Public,1,Postgraduate,Near,Male,69,yes,North West,Walk,118,Bilingual
21,70,High,Medium,Yes,5,93,Yes,1,Low,Public,3,College,Near,Male,68,yes,Adamawa,Taxi,107,Anglophone
7,70,Medium,Medium,Yes,6,51,Yes,0,High,Private,1,High School,Moderate,Female,59,yes,Littoral,Taxi,184,Francophone
25,99,High,High,No,7,86,No,3,Medium,Public,3,College,Near,Female,75,sometimes,Centre,Bike,110,Anglophone
21,60,Medium,Medium,Yes,6,71,Yes,0,Medium,Public,4,High School,Far,Male,59,sometimes,Far North,Bus,156,Francophone
23,95,High,Medium,No,6,86,Yes,0,Medium,Public,3,High School,Moderate,Female,71,no,Littoral,Bus,152,Francophone
44,68,High,Low,No,9,75,Yes,3,Medium,Private,2,High School,Moderate,Female,71,yes,South West,Bike,193,Francophone
7,98,Medium,Medium,No,7,54,Yes,0,Medium,Private,2,High School,Near,Female,66,no,South West,Walk,159,Anglophone
30,74,Medium,Low,No,10,99,Yes,1,High,Private,2,High School,Moderate,Male,69,sometimes,Centre,Private car,131,Francophone
18,78,High,Medium,Yes,7,54,No,4,Low,Public,4,College,Moderate,Female,65,sometimes,East,Walk,196,Francophone
22,88,Medium,Medium,Yes,9,58,Yes,3,Low,Private,2,College,Moderate,Male,68,no,South,Bike,113,Francophone
20,84,High,Low,No,7,71,Yes,5,Low,Private,2,High School,Far,Female,68,sometimes,North,Taxi,158,Francophone
17,73,Medium,Medium,Yes,6,97,Yes,1,Medium,Public,3,High School,Near,Male,67,yes,North West,Bus,154,Anglophone
17,82,High,Medium,Yes,7,65,Yes,1,Medium,Public,5,High School,Near,Male,68,sometimes,Far North,Private car,193,Francophone
22,89,Low,Medium,Yes,9,78,Yes,0,Medium,Public,3,,Moderate,Male,68,yes,Littoral,Bus,39,Bilingual
11,62,High,Medium,Yes,7,76,Yes,3,High,Private,3,High School,Moderate,Male,88,sometimes,Adamawa,Walk,32,Francophone
25,60,Medium,High,Yes,8,67,Yes,1,Medium,Public,2,College,Near,Female,66,no,Littoral,Private car,47,Anglophone
18,78,High,Low,Yes,7,85,Yes,3,Low,Public,2,College,Near,Male,67,yes,South,Taxi,82,Anglophone
13,65,Medium,High,No,7,75,Yes,2,Medium,Private,4,High School,Moderate,Male,63,sometimes,West,Bike,185,Bilingual
17,87,Medium,High,Yes,7,79,Yes,3,Low,Public,4,High School,Near,Female,68,no,West,Walk,85,Bilingual
28,69,High,Low,No,6,61,Yes,2,Medium,Public,1,High School,Near,Male,65,no,South West,Private car,98,Anglophone
17,77,High,Medium,Yes,7,96,Yes,1,Low,Private,3,College,Near,Male,67,sometimes,Centre,Private car,41,Francophone
22,68,High,High,Yes,8,56,No,3,Medium,Private,1,Postgraduate,Near,Male,67,sometimes,Centre,Bike,54,Francophone
16,82,Medium,Medium,Yes,7,85,Yes,1,High,Public,4,High School,Near,Male,67,no,West,Walk,113,Bilingual
25,65,Medium,Low,No,7,94,Yes,1,Low,Public,3,High School,Far,Male,64,yes,Centre,Walk,161,Anglophone
24,61,Medium,Medium,No,8,54,Yes,1,Low,Public,2,,Moderate,Male,61,yes,North West,Private car,20,Bilingual
31,62,Medium,Medium,Yes,7,51,Yes,2,Medium,Public,1,College,Far,Female,65,sometimes,Adamawa,Bus,168,Bilingual
19,98,Low,High,Yes,7,67,Yes,1,Medium,Private,4,High School,Moderate,Female,70,yes,South,Walk,26,Francophone
24,66,Medium,High,No,8,89,Yes,0,Medium,Public,2,College,Near,Male,67,no,South West,Taxi,35,Francophone
21,88,High,Low,No,7,86,Yes,1,Low,Private,2,High School,Moderate,Male,68,sometimes,South,Private car,41,Francophone
28,63,Medium,Medium,Yes,7,91,Yes,1,Low,Private,1,High School,Far,Male,65,yes,Littoral,Walk,29,Bilingual
16,64,High,Medium,Yes,8,70,Yes,3,High,Private,3,High School,Far,Female,63,no,Far North,Bike,36,Bilingual
24,80,Medium,High,No,7,100,Yes,1,High,Public,3,Postgraduate,Moderate,Male,72,yes,Centre,Private car,190,Bilingual
19,79,High,Medium,Yes,7,68,Yes,2,High,Public,1,College,Near,Female,68,yes,Adamawa,Private car,180,Bilingual
20,98,Medium,High,Yes,7,90,Yes,2,Medium,Public,4,,Near,Male,73,sometimes,West,Walk,149,Francophone
21,98,High,Medium,Yes,7,68,Yes,0,Medium,Public,3,College,Near,Female,71,no,North,Private car,133,Anglophone
22,91,Medium,High,No,5,61,Yes,3,Low,Public,2,Postgraduate,Far,Male,70,yes,East,Bike,67,Francophone
19,84,High,Medium,Yes,7,67,Yes,0,Medium,Public,3,Postgraduate,Near,Female,68,sometimes,South West,Bike,60,Bilingual
21,78,Medium,High,No,10,60,Yes,3,High,Public,5,High School,Moderate,Male,68,no,East,Bus,118,Francophone
29,74,Medium,Medium,No,6,56,Yes,2,Low,Public,3,Postgraduate,Near,Female,68,sometimes,East,Taxi,177,Bilingual
26,98,Low,High,Yes,6,68,Yes,1,Low,Private,1,Postgraduate,Moderate,Male,71,no,East,Taxi,126,Bilingual
25,84,Medium,Medium,Yes,10,57,Yes,4,Medium,Public,2,College,Near,Male,70,yes,South West,Private car,159,Francophone
17,83,High,Medium,No,6,75,Yes,2,Medium,Public,3,High School,Near,Male,67,sometimes,Centre,Bike,128,Bilingual
15,69,Low,Medium,Yes,9,52,Yes,0,High,Public,3,College,Near,Female,61,yes,East,Taxi,136,Francophone
26,62,High,Low,Yes,7,72,Yes,1,Medium,Public,3,College,Moderate,Female,64,no,West,Bus,197,Bilingual
25,98,Low,Medium,No,7,98,Yes,1,Medium,Public,4,Postgraduate,Near,Male,72,yes,Adamawa,Private car,80,Francophone
29,73,High,Medium,No,7,68,Yes,1,Low,Private,4,High School,Moderate,Male,67,yes,North West,Private car,144,Bilingual
16,78,High,Low,Yes,8,57,Yes,1,Medium,Public,3,College,Near,Male,65,no,East,Bike,100,Francophone
19,65,Medium,Low,Yes,5,65,Yes,1,High,Public,6,College,Moderate,Female,64,sometimes,North,Bus,132,Francophone
10,93,Low,Medium,Yes,7,90,Yes,0,Low,Private,2,High School,Near,Female,66,no,South West,Taxi,185,Francophone
18,61,Medium,Medium,No,6,66,Yes,1,Medium,Public,2,High School,Moderate,Female,62,sometimes,Centre,Bus,131,Bilingual
26,93,Low,Medium,No,4,69,Yes,2,Low,Public,3,High School,Near,Male,70,no,North West,Walk,84,Bilingual
17,66,Medium,Medium,Yes,9,89,No,1,Medium,Public,4,High School,Moderate,Female,64,yes,North,Walk,54,Francophone
24,95,Medium,Low,No,4,63,Yes,3,Low,Public,3,High School,Near,Female,70,no,South West,Private car,48,Anglophone
19,89,Medium,Low,No,10,74,Yes,1,Low,Public,2,High School,Moderate,Female,66,no,Centre,Walk,31,Francophone
22,67,Low,High,Yes,8,53,Yes,0,Medium,Public,3,High School,Far,Male,62,no,Far North,Private car,163,Francophone
13,83,Low,Low,No,5,59,Yes,4,Low,Private,2,High School,Near,Female,63,yes,South West,Taxi,182,Anglophone
21,73,Low,Medium,Yes,9,60,Yes,2,Medium,Public,3,College,Near,Male,66,no,South,Private car,188,Anglophone
2,67,Medium,Medium,No,6,73,Yes,1,Low,Private,2,College,Moderate,Male,58,yes,West,Taxi,152,Anglophone
19,94,Medium,High,Yes,6,91,Yes,1,Low,Public,3,High School,Moderate,Male,70,no,North West,Walk,61,Francophone
10,76,Medium,Low,No,4,68,Yes,1,High,Private,6,College,Near,Male,63,sometimes,Far North,Taxi,99,Bilingual
27,76,Medium,High,Yes,6,69,Yes,0,Medium,Public,1,,Near,Male,70,sometimes,Centre,Taxi,100,Anglophone
25,67,High,Medium,Yes,6,65,Yes,1,Low,Public,3,High School,Near,Male,65,no,West,Private car,179,Francophone
23,75,Medium,Low,Yes,8,66,Yes,5,Medium,Public,3,High School,Near,Male,67,no,Far North,Walk,142,Bilingual
29,95,High,Medium,No,9,70,No,1,Low,Private,2,Postgraduate,Near,Female,73,sometimes,North,Bus,144,Anglophone
14,75,Medium,Medium,Yes,5,95,Yes,0,Medium,Public,3,College,Moderate,Male,82,sometimes,Far North,Bus,84,Francophone
30,98,Low,Medium,No,7,51,Yes,0,Low,Public,2,High School,Near,Male,71,yes,North,Bike,42,Francophone
26,98,Medium,Medium,Yes,4,81,Yes,1,Low,Public,4,Postgraduate,Near,Male,73,sometimes,Centre,Walk,194,Francophone
19,66,Medium,High,No,7,94,Yes,1,High,Public,4,High School,Moderate,Female,65,no,Far North,Bus,74,Francophone
27,67,High,Medium,Yes,10,71,Yes,1,Low,Public,3,High School,Near,Female,67,sometimes,Centre,Private car,153,Bilingual
13,95,Medium,Medium,Yes,4,83,No,1,Low,Public,4,College,Moderate,Male,67,yes,North West,Bus,52,Anglophone
15,76,High,High,Yes,5,79,Yes,4,Medium,Public,4,Postgraduate,Moderate,Female,69,no,Centre,Private car,105,Bilingual
16,60,Medium,High,Yes,8,67,Yes,0,Low,Public,3,High School,Near,Male,61,no,North,Bike,115,Francophone
17,71,Medium,Low,No,8,57,Yes,3,Medium,Private,4,High School,Near,Female,64,yes,Centre,Bus,182,Bilingual
14,84,Low,High,No,6,61,Yes,1,High,Public,2,College,Far,Male,64,yes,Centre,Bike,56,Bilingual
27,92,Low,Medium,Yes,9,53,Yes,2,Low,Public,2,College,Far,Male,68,no,Adamawa,Taxi,160,Francophone
18,65,Medium,Low,No,6,88,Yes,1,Medium,Private,1,College,Near,Male,62,no,Littoral,Bus,108,Anglophone
22,64,Medium,Medium,Yes,10,77,Yes,5,Medium,Public,3,High School,Near,Male,66,no,Centre,Bike,105,Francophone
17,97,High,Low,Yes,8,89,Yes,1,Low,Public,4,College,Near,Male,70,sometimes,Adamawa,Taxi,28,Bilingual
9,90,High,Medium,Yes,9,65,Yes,3,Medium,Public,3,High School,Near,Female,67,sometimes,West,Bike,134,Anglophone
22,84,Medium,Medium,Yes,8,90,Yes,2,Medium,Public,2,College,Near,Female,70,yes,North West,Bus,122,Francophone
9,91,Medium,Medium,No,8,65,Yes,0,Medium,Public,4,High School,Moderate,Male,65,yes,Far North,Walk,189,Bilingual
20,77,Low,Medium,No,8,56,Yes,1,Medium,Public,4,College,Moderate,Male,65,sometimes,South,Walk,166,Bilingual
12,90,Medium,High,Yes,9,77,Yes,3,Medium,Public,3,Postgraduate,Near,Male,70,yes,Adamawa,Private car,95,Anglophone
32,75,High,Medium,Yes,7,97,Yes,1,Medium,Private,3,College,Moderate,Male,72,sometimes,North,Bike,189,Anglophone
25,70,Medium,Medium,No,6,71,Yes,0,Low,Public,2,College,Near,Female,65,sometimes,North West,Taxi,90,Bilingual
21,89,High,High,Yes,7,76,Yes,1,Medium,Public,2,High School,Near,Male,71,sometimes,Centre,Walk,59,Bilingual
28,77,High,High,Yes,6,73,Yes,3,Medium,Private,3,College,Near,Female,71,no,East,Private car,123,Francophone
15,99,Medium,High,Yes,6,73,Yes,1,High,Public,5,Postgraduate,Near,Male,72,sometimes,Littoral,Bus,180,Anglophone
23,74,Low,Low,No,9,61,Yes,0,Medium,Public,4,Postgraduate,Near,Male,64,yes,West,Private car,80,Bilingual
21,97,Medium,Medium,No,8,71,Yes,2,High,Public,1,College,Moderate,Male,72,yes,North,Private car,122,Anglophone
22,97,Low,Medium,No,8,75,Yes,1,Medium,Private,4,Postgraduate,Near,Male,71,no,West,Walk,168,Francophone
28,70,Medium,Medium,Yes,9,87,Yes,0,Low,Public,3,High School,Moderate,Male,66,no,East,Bus,37,Bilingual
24,92,High,Low,No,8,57,Yes,3,Medium,Private,3,College,Near,Female,71,no,Littoral,Taxi,91,Bilingual
22,77,Medium,Medium,Yes,10,79,Yes,2,Medium,Public,2,High School,Near,Male,67,yes,Littoral,Bus,96,Anglophone
10,97,High,High,No,4,83,Yes,1,Low,Public,2,Postgraduate,Near,Male,69,no,Far North,Bike,146,Bilingual
14,78,High,Medium,Yes,6,69,Yes,0,Medium,Public,5,College,Moderate,Female,67,yes,Far North,Walk,181,Anglophone
19,90,High,Medium,Yes,6,77,Yes,0,High,Public,4,Postgraduate,Near,Male,71,no,South,Walk,52,Anglophone
21,79,Medium,Low,No,5,86,Yes,1,High,Private,2,High School,Moderate,Female,66,sometimes,East,Taxi,194,Anglophone
13,69,High,High,No,7,73,Yes,1,Medium,Private,2,High School,Far,Male,62,sometimes,South,Walk,156,Francophone
34,68,Medium,Medium,No,7,67,Yes,0,Medium,Private,2,High School,Moderate,Male,67,sometimes,Centre,Walk,39,Bilingual
29,77,Medium,Low,Yes,10,91,Yes,2,Low,Public,4,Postgraduate,Near,Female,70,yes,South West,Taxi,156,Anglophone
24,90,High,High,No,8,99,Yes,0,Low,Public,3,College,Moderate,Female,72,sometimes,West,Private car,29,Bilingual
20,84,High,High,No,6,61,Yes,3,Medium,Private,2,High School,Near,Male,69,sometimes,North West,Bus,156,Francophone
19,88,Medium,High,No,8,94,Yes,1,Medium,Public,3,High School,Moderate,Male,70,yes,North,Private car,102,Francophone
14,71,High,High,No,4,77,Yes,0,Medium,Public,3,High School,Near,Female,64,yes,Littoral,Bike,76,Francophone
20,79,Medium,Medium,Yes,7,72,No,1,Medium,Public,3,High School,Near,Male,65,sometimes,South,Bus,68,Francophone
22,62,Medium,High,Yes,7,95,Yes,2,Medium,Public,2,High School,Near,Male,66,no,South,Walk,21,Francophone
13,93,Low,Medium,No,6,96,Yes,2,High,Private,3,High School,Near,Female,68,yes,North West,Bus,177,Anglophone
22,100,Medium,Medium,Yes,7,64,Yes,2,Low,Private,3,College,Near,Female,72,no,South,Walk,114,Francophone
19,76,Medium,Low,Yes,6,68,Yes,2,High,Public,3,High School,Moderate,Female,65,sometimes,North West,Private car,104,Anglophone
9,60,Medium,Low,Yes,6,93,Yes,3,Low,Private,2,High School,Moderate,Female,60,yes,North West,Bus,84,Francophone
15,67,Medium,Medium,No,8,75,Yes,0,High,Public,4,Postgraduate,Near,Female,63,sometimes,Far North,Taxi,43,Anglophone
18,86,Low,Low,Yes,9,64,Yes,3,Low,Public,3,High School,Near,Female,66,no,North,Private car,79,Anglophone
31,84,Low,Medium,Yes,8,98,Yes,1,Medium,Public,4,Postgraduate,Near,Female,73,yes,West,Taxi,128,Bilingual
23,92,Medium,Medium,Yes,6,61,Yes,4,Low,Public,4,College,Near,Male,71,yes,Far North,Bus,148,Anglophone
12,70,Medium,Medium,Yes,6,81,Yes,1,Low,Public,2,High School,Far,Male,59,yes,South,Private car,64,Bilingual
23,91,Medium,Low,Yes,6,71,Yes,5,Low,Public,3,High School,Moderate,Female,70,no,Littoral,Private car,138,Bilingual
11,88,Medium,Low,Yes,7,73,Yes,1,Medium,Private,3,College,Near,Female,63,no,Far North,Bike,163,Bilingual
26,73,Medium,Medium,No,6,55,Yes,1,Medium,Public,4,Postgraduate,Near,Male,67,sometimes,West,Private car,50,Anglophone
17,82,Low,Medium,Yes,9,63,Yes,2,Low,Private,2,College,Moderate,Male,65,yes,Far North,Walk,44,Bilingual
19,66,Medium,Low,No,7,58,Yes,5,Medium,Public,4,College,Moderate,Female,64,sometimes,West,Private car,172,Francophone
28,78,High,Medium,No,8,87,Yes,2,Low,Public,2,Postgraduate,Near,Male,71,sometimes,North West,Bus,104,Francophone
12,95,Medium,High,Yes,5,85,Yes,2,High,Public,2,College,Near,Male,70,no,North West,Walk,51,Bilingual
12,77,Medium,Low,Yes,6,90,Yes,2,Medium,Public,2,High School,Near,Female,63,no,South West,Walk,25,Bilingual
16,94,Low,Medium,No,8,85,Yes,3,Low,Public,2,High School,Near,Female,68,no,Adamawa,Walk,105,Francophone
26,84,Medium,Medium,Yes,8,56,No,1,Medium,Public,2,College,Near,Female,67,no,South,Private car,170,Francophone
11,68,Medium,High,Yes,5,99,Yes,1,High,Public,4,Postgraduate,Near,Female,66,yes,North,Taxi,186,Anglophone
3,83,High,Low,Yes,7,59,Yes,2,Medium,Public,5,High School,Moderate,Male,63,yes,North,Walk,117,Bilingual
17,80,Medium,Medium,Yes,7,68,Yes,0,Medium,Private,5,College,Near,Female,65,no,North,Taxi,197,Bilingual
23,76,Medium,High,Yes,6,85,Yes,2,Low,Public,3,High School,Far,Male,66,sometimes,Centre,Private car,21,Bilingual
27,65,Medium,Medium,Yes,8,57,Yes,2,Low,Public,4,Postgraduate,Near,Female,65,sometimes,East,Private car,178,Bilingual
17,77,Low,Medium,Yes,5,59,Yes,2,Medium,Private,4,High School,Near,Male,65,sometimes,South West,Bike,193,Bilingual
18,63,High,Low,No,6,94,Yes,2,Medium,Public,2,High School,Near,Male,63,yes,Adamawa,Bike,182,Francophone
27,64,Medium,High,No,8,67,Yes,0,Low,Public,3,High School,Near,Male,65,no,Far North,Bus,85,Bilingual
9,77,Low,High,Yes,7,83,Yes,1,Low,Private,4,High School,Far,Male,62,yes,West,Taxi,22,Anglophone
18,72,Medium,Medium,Yes,7,93,Yes,1,Medium,Public,3,College,Near,Female,66,sometimes,South West,Walk,166,Francophone
21,97,Medium,Low,No,7,99,Yes,1,High,Public,3,Postgraduate,Near,Female,71,sometimes,Centre,Walk,156,Francophone
23,75,Low,Low,Yes,8,61,Yes,2,Low,Public,2,High School,Far,Female,64,sometimes,South,Taxi,186,Bilingual
17,90,Medium,Medium,Yes,8,56,Yes,0,Medium,Private,4,College,Near,Female,67,no,North,Taxi,190,Bilingual
20,81,Medium,Medium,No,8,87,Yes,1,High,Private,3,High School,Near,Male,68,no,West,Private car,66,Francophone
5,88,Medium,Medium,No,7,59,Yes,3,Low,Public,3,College,Near,Female,63,sometimes,South West,Walk,28,Bilingual
16,70,Low,Medium,Yes,6,79,Yes,0,High,Public,3,College,Near,Female,64,yes,Centre,Bike,108,Anglophone
23,98,High,High,Yes,6,77,Yes,1,Low,Public,1,Postgraduate,Near,Female,74,no,South West,Walk,142,Bilingual
14,81,Low,Medium,Yes,5,78,Yes,2,High,Public,4,Postgraduate,Near,Male,68,yes,South West,Private car,78,Francophone
20,93,Medium,Medium,Yes,6,82,No,1,Medium,Public,3,High School,Moderate,Female,68,no,North,Walk,193,Francophone
23,75,High,High,Yes,6,93,No,2,Medium,Public,3,Postgraduate,Moderate,Female,69,no,Adamawa,Private car,166,Anglophone
18,64,Low,Medium,Yes,9,64,Yes,4,Low,Public,4,High School,Near,Male,61,yes,Littoral,Walk,108,Francophone
21,87,Low,High,Yes,5,78,Yes,1,Low,Private,2,High School,Near,Female,69,yes,North,Walk,195,Anglophone
14,60,Low,Low,Yes,9,67,Yes,3,High,Public,3,High School,Near,Female,61,no,Adamawa,Bike,152,Francophone
19,79,Medium,High,Yes,7,66,Yes,3,High,Public,3,High School,Near,Male,67,yes,South,Taxi,52,Francophone
24,68,Low,High,No,7,51,Yes,0,Low,Private,4,High School,Near,Female,63,sometimes,South,Bike,70,Anglophone
21,85,Medium,Medium,No,8,80,Yes,3,Low,Public,3,College,Moderate,Female,68,yes,East,Bus,83,Francophone
16,99,Medium,Medium,No,5,99,No,0,Low,Private,5,College,Moderate,Female,68,yes,South,Bus,121,Bilingual
21,79,Medium,Low,Yes,6,88,Yes,2,High,Public,1,High School,Near,Male,67,no,West,Taxi,74,Bilingual
24,93,Low,Medium,Yes,5,62,Yes,1,High,Private,3,College,Moderate,Female,69,sometimes,East,Bike,57,Anglophone
8,80,High,Medium,No,6,86,Yes,2,Low,Public,3,High School,Near,Male,64,sometimes,West,Walk,106,Francophone
27,80,Low,Low,No,6,65,Yes,1,Low,Public,4,Postgraduate,Near,Male,67,yes,North,Private car,32,Francophone
18,97,Medium,High,No,9,88,Yes,1,High,Public,3,High School,Near,Female,70,yes,Centre,Private car,158,Anglophone
23,96,Low,High,Yes,6,93,Yes,5,Low,Public,4,High School,Near,Female,72,yes,North,Bike,108,Bilingual
27,91,Low,High,No,4,67,Yes,1,High,Private,2,High School,Moderate,Female,71,yes,South,Walk,185,Anglophone
12,72,Medium,Medium,No,6,50,Yes,1,Low,Public,3,College,Near,Male,62,sometimes,East,Taxi,125,Anglophone
16,82,Medium,Medium,Yes,8,65,Yes,2,Low,Private,5,Postgraduate,Near,Male,67,sometimes,Adamawa,Taxi,111,Bilingual
18,69,Medium,High,Yes,9,60,Yes,3,Low,Public,2,College,Far,Female,64,yes,Adamawa,Bus,45,Francophone
15,78,Medium,Medium,Yes,7,81,Yes,0,Medium,Public,2,High School,Near,Male,64,no,West,Taxi,194,Bilingual
30,79,High,Medium,No,6,65,Yes,1,Low,Public,4,Postgraduate,Near,Female,70,sometimes,West,Bus,90,Anglophone
15,93,Medium,Medium,Yes,7,52,Yes,3,Low,Public,5,College,Near,Female,68,sometimes,East,Bus,35,Bilingual
17,96,Medium,Medium,No,8,77,Yes,1,Medium,Public,3,Postgraduate,Near,Female,70,yes,North,Bus,142,Francophone
21,77,Medium,Low,Yes,5,94,Yes,1,Medium,Public,3,High School,Far,Male,65,yes,East,Bus,109,Francophone
13,61,Low,Low,No,7,73,Yes,2,High,Public,2,High School,Near,Female,59,yes,South,Private car,172,Francophone
18,94,Medium,Medium,Yes,7,69,Yes,1,Medium,Public,2,High School,Far,Female,69,no,South,Taxi,35,Francophone
22,67,Medium,Medium,Yes,7,59,Yes,2,Low,Public,3,Postgraduate,Near,Male,67,no,West,Bike,130,Anglophone
18,85,Medium,High,No,7,69,Yes,2,Low,Private,4,High School,Near,Male,68,no,Centre,Walk,24,Anglophone
19,61,Medium,Medium,No,6,67,Yes,1,Medium,Public,1,College,Near,Male,62,no,Centre,Private car,62,Bilingual
17,76,High,Medium,No,8,100,No,0,High,Private,4,High School,Moderate,Male,65,sometimes,Centre,Taxi,78,Anglophone
11,99,High,Medium,Yes,7,52,Yes,0,High,Private,5,College,Near,Female,69,sometimes,South,Bus,172,Francophone
22,64,Medium,Medium,Yes,7,62,Yes,3,Low,Private,4,Postgraduate,Moderate,Female,65,yes,South West,Private car,129,Bilingual
31,77,High,Low,Yes,5,53,Yes,1,Medium,Public,2,High School,Near,Female,68,sometimes,Centre,Taxi,164,Anglophone
20,72,High,Low,Yes,8,93,Yes,4,Low,Public,2,High School,Near,Male,68,yes,Adamawa,Private car,131,Francophone
21,96,High,Medium,Yes,6,71,No,3,Medium,Public,3,High School,Near,Female,71,sometimes,Centre,Walk,164,Francophone
24,95,Medium,Low,Yes,9,90,Yes,3,Low,Public,4,High School,Moderate,Male,71,yes,South West,Walk,69,Francophone
12,70,High,Medium,No,5,85,Yes,1,High,Public,3,Postgraduate,Near,Female,66,yes,Centre,Walk,103,Bilingual
30,63,Medium,High,Yes,8,96,Yes,4,Low,Private,3,Postgraduate,Near,Female,71,no,Littoral,Bus,121,Anglophone
21,85,Medium,Medium,No,4,51,Yes,2,Low,Public,3,College,Near,Female,66,yes,Littoral,Walk,68,Bilingual
30,73,High,Low,No,4,60,Yes,0,Low,Private,4,High School,Moderate,Female,66,yes,Adamawa,Taxi,104,Bilingual
16,87,High,High,Yes,6,85,Yes,2,Medium,Public,1,High School,,Female,69,sometimes,North,Bus,126,Bilingual
31,61,Medium,Medium,No,4,79,Yes,0,Low,Public,3,High School,Moderate,Female,65,sometimes,Centre,Taxi,118,Anglophone
25,65,High,Low,Yes,8,85,Yes,2,Low,Public,3,Postgraduate,Near,Female,66,yes,Centre,Private car,186,Anglophone
23,87,Medium,Low,No,7,79,Yes,2,Medium,Public,2,High School,Far,Male,67,sometimes,Adamawa,Bike,60,Francophone
21,68,Medium,Medium,No,9,79,Yes,1,High,Private,4,Postgraduate,Moderate,Female,66,no,South West,Walk,127,Anglophone
19,94,Medium,Medium,No,7,97,Yes,0,Medium,Public,3,High School,Near,Female,69,no,Centre,Walk,86,Francophone
27,62,High,Low,No,7,96,Yes,2,Low,Public,4,High School,Near,Male,66,sometimes,Littoral,Bike,51,Francophone
21,69,High,Medium,Yes,7,52,Yes,0,Low,Public,3,Postgraduate,Near,Male,64,sometimes,Centre,Bike,114,Anglophone
8,100,High,High,Yes,6,71,Yes,0,Low,Public,2,Postgraduate,Near,Female,70,yes,Far North,Bus,92,Francophone
13,77,Low,Medium,Yes,6,76,No,1,Medium,Private,4,College,Moderate,Male,62,yes,East,Bus,44,Francophone
19,88,Low,Medium,Yes,5,68,Yes,1,Low,Public,5,High School,Moderate,Male,67,no,Adamawa,Taxi,146,Bilingual
22,67,Low,Medium,No,8,52,Yes,1,Medium,Public,2,College,Moderate,Female,60,no,Centre,Bus,83,Anglophone
20,84,Low,Low,No,7,74,Yes,1,High,Public,3,Postgraduate,Near,Female,66,no,South,Walk,79,Francophone
27,89,Medium,Medium,Yes,7,99,Yes,0,Medium,Public,2,High School,Near,Female,72,yes,Littoral,Bus,42,Bilingual
8,73,Medium,High,Yes,10,54,Yes,2,Medium,Public,3,High School,Near,Male,63,sometimes,West,Bike,132,Bilingual
21,93,Low,Low,Yes,6,91,Yes,1,High,Public,3,Postgraduate,Near,Male,69,sometimes,Adamawa,Private car,42,Bilingual
9,84,High,High,Yes,7,60,Yes,1,Low,Private,3,College,Moderate,Male,66,sometimes,North,Bus,42,Francophone
25,76,Medium,Medium,Yes,7,79,Yes,2,Medium,Public,2,College,Near,Male,69,sometimes,Centre,Walk,189,Bilingual
19,82,High,Medium,No,9,69,Yes,2,Medium,Private,3,College,Moderate,Male,68,no,Centre,Walk,108,Bilingual
23,83,Medium,Low,No,7,67,Yes,3,Low,Public,4,High School,Moderate,Female,66,yes,Adamawa,Bike,51,Bilingual
15,67,Medium,Medium,Yes,7,94,Yes,0,High,Private,2,Postgraduate,Moderate,Male,63,yes,Centre,Bike,191,Bilingual
28,76,Medium,Medium,Yes,10,99,Yes,1,Medium,Public,3,High School,Near,Male,70,no,Centre,Walk,196,Anglophone
26,74,Medium,Medium,No,6,69,Yes,2,Low,Public,4,Postgraduate,Moderate,Male,68,no,West,Private car,29,Bilingual
24,76,Medium,Medium,Yes,7,82,Yes,2,Medium,Public,4,College,Far,Male,68,yes,West,Bus,82,Francophone
19,90,Medium,Medium,No,8,78,Yes,1,Low,Private,3,High School,Moderate,Male,67,sometimes,Far North,Taxi,63,Francophone
23,79,High,High,Yes,6,54,Yes,1,Low,Public,1,High School,Moderate,Male,67,yes,West,Taxi,58,Bilingual
16,98,High,Low,Yes,8,52,Yes,3,Low,Public,3,College,Moderate,Female,69,no,South West,Bike,43,Francophone
25,72,Medium,Medium,No,6,89,Yes,3,Low,Public,5,High School,Near,Male,68,no,Adamawa,Private car,184,Francophone
30,77,Medium,Low,Yes,9,70,Yes,0,Medium,Public,1,High School,Moderate,Male,67,yes,Centre,Bus,76,Bilingual
26,91,High,Medium,Yes,8,65,Yes,0,Medium,Public,2,High School,Moderate,Male,70,yes,South West,Bus,146,Bilingual
16,82,High,High,No,7,99,Yes,3,Medium,Public,3,Postgraduate,Moderate,Male,70,yes,Far North,Private car,20,Anglophone
22,82,Medium,Low,No,5,54,Yes,2,Medium,Public,2,College,Moderate,Male,66,sometimes,East,Private car,71,Francophone
12,62,High,High,Yes,6,63,Yes,0,Low,Private,2,High School,Near,Male,61,sometimes,Adamawa,Bus,84,Bilingual
23,76,Low,High,Yes,7,93,Yes,2,Low,Public,2,College,Near,Male,68,sometimes,Littoral,Walk,42,Anglophone
23,71,Low,Medium,Yes,8,71,Yes,1,Low,Public,2,Postgraduate,Near,Female,64,yes,Centre,Bike,157,Bilingual
9,100,Low,Low,No,7,79,Yes,1,Low,Public,2,Postgraduate,Near,Male,66,sometimes,West,Walk,64,Bilingual
13,72,Low,High,Yes,8,52,Yes,3,High,Private,4,High School,,Male,65,yes,Littoral,Taxi,148,Francophone
18,95,Medium,High,No,8,96,Yes,3,Medium,Public,6,Postgraduate,Near,Male,73,yes,North West,Taxi,75,Francophone
18,87,Low,Low,No,8,57,No,3,High,Public,4,High School,Near,Male,66,no,South,Taxi,81,Anglophone
13,74,High,High,Yes,7,61,Yes,2,Low,Public,3,High School,Moderate,Male,65,no,Adamawa,Bus,138,Anglophone
22,82,Medium,High,Yes,7,58,Yes,0,Medium,Public,4,College,Near,Male,68,sometimes,Littoral,Private car,141,Bilingual
22,94,Medium,Medium,Yes,7,75,Yes,0,Low,Public,3,High School,Near,Male,69,sometimes,North,Private car,90,Bilingual
19,95,Low,High,Yes,6,91,Yes,1,Medium,Public,4,College,Near,Male,72,no,Adamawa,Walk,125,Anglophone
15,66,Medium,Medium,No,9,63,Yes,3,Medium,Private,3,High School,Near,Male,63,no,Littoral,Bus,182,Bilingual
26,74,Low,Medium,No,8,57,Yes,0,Medium,Private,1,High School,Near,Male,65,yes,Centre,Bike,95,Anglophone
30,73,High,Medium,Yes,9,70,Yes,0,Medium,Public,4,College,Near,Male,69,sometimes,Centre,Bike,163,Francophone
17,62,High,Low,No,6,99,Yes,2,Medium,Private,3,High School,Far,Female,62,yes,South West,Bus,157,Francophone
16,84,Medium,High,Yes,8,51,Yes,0,Medium,Public,3,Postgraduate,Near,Female,66,yes,Centre,Taxi,60,Francophone
23,94,Low,Low,Yes,9,75,Yes,3,Low,Private,2,Postgraduate,Moderate,Female,69,sometimes,Adamawa,Bike,121,Francophone
18,75,High,Medium,Yes,9,83,Yes,2,Low,Public,4,Postgraduate,Moderate,Female,67,no,North,Taxi,110,Bilingual
19,90,Medium,High,Yes,5,90,Yes,0,Low,Public,2,College,Far,Female,94,no,South,Private car,66,Bilingual
24,85,Medium,Medium,Yes,7,87,Yes,2,Medium,Private,2,High School,Near,Female,71,sometimes,Littoral,Walk,198,Anglophone
9,75,Medium,Medium,No,7,54,Yes,2,Low,Public,4,High School,Near,Female,61,sometimes,Adamawa,Private car,181,Bilingual
28,66,High,Medium,Yes,9,73,Yes,2,Low,Public,2,College,Near,Male,68,no,Centre,Bike,60,Bilingual
20,88,Medium,Medium,No,4,54,Yes,0,High,Public,4,High School,Near,Male,66,sometimes,Littoral,Walk,182,Bilingual
18,94,High,High,Yes,5,81,Yes,0,High,Public,5,High School,Near,Female,71,yes,Centre,Walk,43,Francophone
19,87,Low,Medium,No,9,54,Yes,3,Low,Public,4,High School,Moderate,Female,66,sometimes,West,Bike,144,Francophone
20,61,Low,Medium,No,6,52,Yes,2,Low,Private,2,Postgraduate,Near,Male,60,yes,South West,Bike,101,Francophone
10,69,Medium,Medium,Yes,5,65,Yes,0,Medium,Private,3,High School,Near,Female,60,no,Adamawa,Bus,94,Francophone
29,63,Low,Low,Yes,9,97,No,3,Medium,Public,3,High School,Near,Male,66,yes,South,Private car,93,Anglophone
20,83,Medium,Low,Yes,5,85,Yes,1,High,Public,2,College,Far,Male,67,sometimes,North,Private car,56,Francophone
23,90,Low,Low,No,9,50,Yes,4,Medium,Private,3,High School,Moderate,Male,67,sometimes,West,Bus,102,Bilingual
26,64,Medium,Medium,No,5,64,Yes,2,High,Public,1,High School,Near,Male,64,yes,North,Walk,114,Anglophone
14,94,Medium,Medium,No,5,51,Yes,0,Medium,Public,3,College,Near,Male,66,sometimes,South West,Bike,25,Francophone
23,82,High,Low,No,7,65,Yes,1,Medium,Public,3,High School,Near,Female,68,yes,Far North,Bike,26,Anglophone
18,88,High,Low,Yes,6,84,Yes,1,Medium,Public,3,Postgraduate,Moderate,Female,70,sometimes,South West,Bus,40,Francophone
25,99,High,Medium,Yes,7,88,Yes,3,Low,Private,4,College,Moderate,Female,75,yes,North West,Bike,168,Bilingual
7,63,High,High,Yes,10,90,Yes,0,Low,Private,2,High School,Moderate,Male,86,sometimes,North,Bus,56,Bilingual
19,96,Medium,Medium,Yes,7,95,Yes,3,Medium,Private,3,College,Near,Female,73,sometimes,North West,Taxi,171,Francophone
16,65,Medium,Low,No,9,68,Yes,1,High,Public,3,High School,Moderate,Male,61,no,South,Bus,188,Bilingual
23,76,High,High,No,7,93,Yes,0,Medium,Private,6,High School,Moderate,Male,68,sometimes,Littoral,Taxi,101,Anglophone
23,94,Medium,High,No,8,86,Yes,1,Low,Public,0,College,Far,Female,70,yes,South West,Bus,69,Bilingual
16,96,Medium,Medium,Yes,4,77,Yes,1,High,Public,2,High School,Near,Male,71,yes,Centre,Private car,113,Francophone
16,80,High,Medium,Yes,8,98,Yes,2,Medium,Private,4,Postgraduate,Near,Male,71,sometimes,Far North,Walk,26,Anglophone
19,84,Medium,Medium,No,8,97,Yes,2,Medium,Public,1,College,Near,Male,68,sometimes,South West,Bus,99,Francophone
15,88,High,High,Yes,6,95,Yes,2,Low,Public,4,High School,Near,Female,70,yes,West,Bus,185,Anglophone
25,93,Medium,Medium,Yes,10,60,Yes,1,Medium,Public,3,College,Moderate,Male,70,yes,East,Taxi,36,Anglophone
18,65,Medium,High,Yes,6,60,Yes,0,Medium,Private,3,High School,Moderate,Female,62,sometimes,Adamawa,Taxi,68,Bilingual
3,92,High,Low,Yes,5,95,Yes,3,Medium,Public,1,Postgraduate,Near,Female,67,no,Littoral,Bus,163,Francophone
18,79,Medium,Medium,No,8,70,Yes,3,Medium,Public,3,College,Near,Female,68,sometimes,South West,Bus,58,Francophone
14,78,High,High,Yes,5,90,Yes,1,Medium,Public,3,Postgraduate,Near,Female,68,yes,North West,Bike,55,Francophone
10,77,High,High,No,7,84,Yes,2,Low,Private,1,High School,Far,Male,64,sometimes,Adamawa,Private car,111,Bilingual
13,80,Medium,High,No,9,88,Yes,1,High,Public,3,Postgraduate,Near,Male,68,sometimes,South West,Taxi,72,Francophone
21,98,Low,High,Yes,8,51,Yes,0,Medium,Public,3,High School,Near,Male,69,yes,East,Walk,120,Bilingual
28,82,Medium,High,No,7,71,Yes,1,Medium,Public,3,High School,Near,Male,70,sometimes,Littoral,Taxi,58,Francophone
22,98,Medium,Medium,Yes,6,93,Yes,4,Low,Public,4,High School,Near,Female,73,no,North,Taxi,177,Bilingual
16,67,High,Medium,Yes,9,74,Yes,1,High,Public,3,Postgraduate,Moderate,Male,66,sometimes,West,Bus,111,Francophone
23,89,Low,Medium,No,5,85,Yes,0,Low,Public,3,Postgraduate,Moderate,Male,68,no,West,Taxi,41,Francophone
17,92,Low,Medium,Yes,8,88,No,1,High,Public,3,High School,Near,Female,68,no,Littoral,Walk,133,Bilingual
16,87,Low,Medium,Yes,10,56,Yes,2,Medium,Private,0,Postgraduate,Moderate,Female,65,yes,South West,Walk,143,Francophone
13,84,Medium,Medium,Yes,8,58,Yes,2,Low,Public,3,Postgraduate,Near,Female,66,sometimes,West,Bike,48,Anglophone
9,83,High,Low,Yes,7,86,Yes,0,Low,Public,1,College,Far,Female,62,yes,South West,Bus,148,Francophone
18,94,Low,Low,Yes,7,53,Yes,3,Medium,Private,2,High School,Near,Female,67,yes,North,Taxi,199,Anglophone
21,93,Medium,High,Yes,6,67,Yes,1,Medium,Public,3,Postgraduate,Near,Female,73,yes,Littoral,Bike,135,Francophone
19,65,Medium,Low,Yes,6,96,Yes,2,Medium,Private,2,Postgraduate,Near,Male,65,yes,North,Taxi,108,Francophone
18,94,High,Low,No,7,79,Yes,2,High,Private,4,High School,Near,Female,70,yes,South West,Taxi,115,Francophone
14,77,High,Medium,Yes,8,96,Yes,3,Medium,Public,2,Postgraduate,Near,Male,68,no,Adamawa,Walk,28,Francophone
24,70,High,Medium,Yes,9,65,Yes,3,Medium,Private,3,High School,Moderate,Male,67,no,West,Walk,126,Francophone
12,95,Low,Medium,Yes,4,82,Yes,2,Low,Public,3,High School,Moderate,Male,66,yes,North,Walk,162,Bilingual
25,77,Medium,Low,No,4,64,Yes,3,Low,Public,4,College,Near,Female,65,no,North,Bike,23,Bilingual
14,92,High,Low,Yes,9,56,Yes,1,Medium,Public,4,High School,Moderate,Female,66,no,Far North,Taxi,172,Francophone
15,71,High,High,No,7,100,Yes,2,Low,Public,4,High School,Near,Male,66,yes,South,Taxi,42,Anglophone
11,60,Medium,High,No,7,59,Yes,2,Low,Public,1,College,Moderate,Male,60,no,North,Bus,98,Anglophone
17,80,High,Low,Yes,8,59,Yes,0,High,Public,4,College,Near,Female,66,sometimes,North,Bike,199,Bilingual
26,64,High,Medium,Yes,7,92,Yes,2,Low,Private,4,College,Moderate,Female,68,yes,North West,Taxi,35,Anglophone
23,90,Medium,Medium,Yes,10,90,Yes,3,Low,Public,5,High School,Near,Male,72,yes,West,Taxi,57,Bilingual
26,71,Low,High,No,8,99,No,1,Medium,Public,3,College,Near,Male,68,yes,Adamawa,Walk,180,Anglophone
23,78,Medium,Medium,Yes,6,54,Yes,0,Low,Public,3,Postgraduate,Near,Female,67,yes,North West,Bike,97,Francophone
13,63,High,Medium,No,6,55,Yes,0,Medium,Public,4,Postgraduate,Near,Male,62,yes,South,Bike,110,Francophone
18,71,Medium,Medium,No,7,72,Yes,0,High,Public,5,College,Moderate,Female,66,sometimes,Centre,Bus,104,Francophone
15,91,High,Medium,No,6,80,Yes,0,Low,Private,3,Postgraduate,Near,Male,69,sometimes,West,Bike,199,Francophone
28,66,Medium,Medium,No,10,52,Yes,0,Low,Public,3,High School,Near,Male,64,yes,East,Bike,65,Anglophone
13,86,Low,Medium,No,7,58,No,0,Medium,Private,3,High School,Near,Male,63,no,Littoral,Private car,102,Bilingual
25,97,Low,High,Yes,5,85,Yes,2,High,Public,2,,Near,Male,74,sometimes,North West,Taxi,159,Anglophone
25,87,High,Medium,Yes,8,83,Yes,0,Medium,Private,4,College,Moderate,Male,72,sometimes,South,Bike,31,Anglophone
31,92,Medium,Medium,Yes,9,54,No,1,Low,Private,3,College,Near,Male,71,yes,East,Taxi,124,Francophone
18,64,Low,High,Yes,9,97,Yes,2,Medium,Public,3,High School,Moderate,Female,64,sometimes,South,Private car,76,Bilingual
24,70,High,High,No,6,63,No,0,Low,Public,3,High School,Near,Male,65,sometimes,North,Private car,20,Anglophone
34,96,Medium,Medium,Yes,5,94,Yes,1,Medium,Public,5,High School,Moderate,Female,75,no,South,Bike,53,Bilingual
16,89,High,Medium,No,9,96,Yes,2,Medium,Public,3,College,Far,Male,69,sometimes,Adamawa,Bus,35,Francophone
11,86,Medium,Medium,No,5,75,Yes,1,Medium,Public,4,Postgraduate,Moderate,Female,65,no,South,Private car,95,Anglophone
9,87,Low,Low,No,8,71,No,0,Low,Public,1,College,Moderate,Male,60,no,Adamawa,Bus,170,Anglophone
24,77,Medium,Medium,Yes,6,64,Yes,2,High,Public,4,High School,Near,Male,69,sometimes,North West,Walk,167,Anglophone
9,62,High,High,Yes,9,90,Yes,4,High,Public,4,College,Far,Male,65,sometimes,Littoral,Private car,134,Anglophone
18,91,Low,Medium,Yes,5,60,Yes,0,High,Private,4,High School,Moderate,Male,67,no,Far North,Private car,170,Anglophone
23,87,High,Low,No,6,81,Yes,5,Medium,Private,2,High School,Far,Female,70,yes,South,Private car,133,Francophone
21,79,Medium,Low,Yes,8,78,Yes,1,Low,Public,4,College,Moderate,Female,66,sometimes,North West,Bike,111,Anglophone
23,96,Medium,Medium,Yes,8,62,Yes,0,Low,Public,4,High School,Moderate,Female,69,sometimes,South West,Bus,178,Francophone
21,73,Medium,Medium,Yes,9,99,Yes,2,Medium,Public,3,Postgraduate,Near,Male,69,sometimes,East,Walk,150,Anglophone
28,72,High,Medium,Yes,8,92,Yes,1,Medium,Public,2,High School,Near,Female,68,sometimes,South West,Private car,65,Anglophone
14,95,Medium,Medium,Yes,8,51,Yes,5,Medium,Private,4,College,Near,Female,70,no,Centre,Private car,88,Francophone
16,92,Medium,Low,No,9,71,Yes,2,Low,Private,2,High School,Moderate,Female,66,no,South West,Bike,86,Francophone
15,81,High,Medium,No,5,68,No,0,Medium,Public,3,High School,Near,Female,65,sometimes,Adamawa,Taxi,152,Bilingual
25,65,Low,Medium,No,6,94,Yes,1,Low,Public,4,College,Near,Male,65,yes,Adamawa,Taxi,124,Francophone
25,69,Low,Medium,Yes,5,63,Yes,1,High,Private,2,High School,Near,Male,65,yes,North West,Bike,149,Francophone
23,86,Low,Medium,Yes,4,100,Yes,0,Low,Public,3,Postgraduate,Near,Male,69,no,Far North,Bike,191,Anglophone
27,75,Medium,Medium,No,8,60,Yes,4,Medium,Public,2,Postgraduate,Moderate,Female,69,no,South West,Private car,35,Bilingual
13,93,Medium,High,No,9,62,Yes,0,Low,Private,3,High School,Moderate,Male,65,sometimes,Centre,Walk,101,Anglophone
30,98,High,High,Yes,8,83,No,1,Low,Public,3,High School,Near,Female,76,sometimes,South,Bus,62,Francophone
29,92,Medium,High,No,8,58,Yes,2,Medium,Private,3,College,Near,Male,72,sometimes,Far North,Taxi,97,Bilingual
24,75,Medium,Low,No,7,94,Yes,2,Medium,Public,4,High School,Near,Male,67,no,East,Bike,126,Anglophone
31,92,High,Medium,Yes,7,55,Yes,3,Low,Public,3,High School,Near,Male,74,yes,Far North,Taxi,73,Bilingual
10,74,Medium,Medium,Yes,10,99,Yes,2,Medium,Public,3,College,Near,Male,66,sometimes,Far North,Taxi,132,Francophone
17,67,High,High,Yes,9,94,Yes,2,Low,Private,3,High School,Near,Female,66,no,South West,Walk,172,Bilingual
16,61,Medium,High,No,6,92,Yes,4,High,Public,3,High School,Near,Male,66,yes,Far North,Walk,109,Bilingual
24,75,Low,High,Yes,9,70,Yes,5,High,Public,5,College,Near,Female,71,yes,South West,Bus,129,Francophone
14,96,Medium,Low,No,9,76,Yes,0,Low,Public,3,High School,Moderate,Male,66,sometimes,Littoral,Bike,178,Francophone
25,70,Low,High,No,8,73,Yes,1,Low,Public,2,Postgraduate,Near,Male,65,sometimes,North,Walk,164,Bilingual
28,68,Low,High,Yes,8,99,Yes,1,High,Public,3,High School,Near,Female,69,sometimes,Centre,Bus,175,Bilingual
24,99,Medium,Low,Yes,8,52,Yes,1,Low,Public,2,High School,Near,Male,69,sometimes,South West,Walk,70,Francophone
22,61,Medium,Medium,Yes,5,69,Yes,2,Low,Public,2,,Far,Female,63,sometimes,South,Taxi,40,Francophone
14,91,Low,Medium,No,5,98,Yes,0,High,Public,3,High School,Near,Female,68,no,North West,Private car,152,Anglophone
15,73,Medium,Medium,No,8,68,Yes,1,High,Public,3,,Near,Female,64,sometimes,Far North,Bus,119,Francophone
27,61,Medium,Medium,No,5,70,Yes,2,Low,Public,2,College,Near,Male,64,yes,North West,Taxi,62,Bilingual
25,97,Medium,High,Yes,5,82,Yes,1,Low,Public,5,College,Moderate,Male,73,yes,East,Walk,27,Francophone
20,66,Low,High,Yes,4,95,Yes,2,High,Public,2,High School,Moderate,Female,66,yes,North West,Walk,184,Francophone
17,82,Medium,High,No,6,65,Yes,4,Low,Private,3,High School,Moderate,Female,67,no,South,Bus,117,Bilingual
8,71,High,Medium,Yes,8,97,Yes,3,Medium,Private,1,High School,Near,Female,63,sometimes,West,Private car,95,Anglophone
14,63,Medium,Medium,Yes,8,64,Yes,1,Low,Public,3,High School,Moderate,Male,61,yes,Far North,Bus,129,Bilingual
31,62,Medium,Medium,Yes,8,91,Yes,4,High,Public,4,High School,Moderate,Male,71,yes,North West,Private car,96,Bilingual
12,65,Low,Medium,Yes,6,64,Yes,1,Medium,Public,3,College,Near,Female,61,sometimes,Centre,Bus,158,Anglophone
21,63,Medium,Low,Yes,7,54,Yes,1,Medium,Private,3,College,Moderate,Female,62,sometimes,South,Walk,180,Bilingual
26,90,High,High,Yes,8,91,Yes,1,High,Private,4,High School,Near,Male,74,sometimes,South,Private car,182,Anglophone
12,79,Medium,Medium,No,8,73,Yes,2,Medium,Private,4,High School,Near,Male,65,yes,East,Walk,157,Anglophone
21,74,Low,Low,Yes,6,70,Yes,2,Low,Public,3,High School,Moderate,Female,64,sometimes,West,Taxi,169,Francophone
26,77,Low,Low,No,7,71,Yes,1,Medium,Public,4,Postgraduate,Moderate,Male,66,sometimes,North West,Bike,21,Francophone
20,97,High,High,Yes,4,81,Yes,1,Medium,Public,2,High School,,Male,72,sometimes,East,Bus,178,Francophone
37,96,High,Medium,Yes,7,63,Yes,0,Medium,Private,4,High School,Near,Male,76,yes,South,Taxi,199,Bilingual
10,89,Medium,Medium,Yes,6,62,Yes,4,Low,Public,3,Postgraduate,Moderate,Male,67,sometimes,West,Private car,27,Francophone
26,95,Medium,High,No,9,74,Yes,3,Low,Private,3,High School,Near,Female,71,sometimes,South,Bus,136,Francophone
19,73,High,Medium,No,6,52,Yes,1,Medium,Public,3,High School,Near,Male,65,sometimes,North,Bike,74,Francophone
25,75,Low,Low,Yes,7,82,Yes,3,Medium,Private,4,Postgraduate,Near,Male,68,no,Far North,Private car,121,Anglophone
23,85,Medium,Medium,Yes,6,91,Yes,1,Low,Public,3,High School,Far,Male,68,yes,Centre,Bike,165,Francophone
16,85,High,Low,Yes,6,86,Yes,3,High,Private,2,High School,Far,Male,67,yes,East,Bike,174,Anglophone
21,79,Medium,Low,No,8,73,Yes,1,Low,Public,2,High School,Near,Female,64,sometimes,North,Taxi,193,Bilingual
9,76,Low,High,No,6,78,No,0,Medium,Public,4,Postgraduate,Near,Male,60,sometimes,South,Walk,90,Francophone
24,99,Medium,Medium,No,10,51,Yes,1,Low,Public,3,,Near,Male,70,sometimes,Littoral,Bike,138,Anglophone
22,93,High,Medium,Yes,4,96,Yes,1,High,Private,2,College,Near,Male,73,yes,Littoral,Private car,64,Anglophone
24,77,Medium,Medium,Yes,8,78,Yes,2,High,Private,3,High School,Moderate,Male,69,yes,Adamawa,Bus,145,Anglophone
26,89,High,Medium,No,7,66,Yes,0,Low,Public,5,College,Near,Male,70,sometimes,North West,Taxi,195,Francophone
22,71,Medium,Medium,No,7,65,Yes,1,Low,Public,3,College,Near,Male,64,yes,Adamawa,Taxi,89,Anglophone
21,64,High,Low,Yes,7,83,Yes,2,Low,Public,3,High School,Moderate,Female,64,no,North West,Bus,91,Bilingual
15,74,High,Medium,Yes,8,79,Yes,0,High,Public,3,College,Near,Male,65,no,Far North,Bike,99,Francophone
16,76,Medium,Medium,No,7,59,Yes,0,Low,Public,2,College,Near,Female,62,no,Centre,Taxi,36,Bilingual
27,61,Medium,Medium,Yes,9,70,Yes,0,Medium,Public,2,High School,,Male,64,no,South,Bus,147,Francophone
29,93,Medium,Medium,Yes,7,84,Yes,0,High,Public,3,College,Moderate,Male,72,sometimes,Littoral,Bus,43,Bilingual
19,74,Medium,Low,Yes,5,65,No,1,Low,Public,3,High School,Near,Male,64,no,North,Taxi,161,Bilingual
20,83,Medium,Medium,Yes,7,75,Yes,0,Medium,Public,4,High School,Near,Female,67,sometimes,Littoral,Bike,73,Bilingual
15,63,High,High,Yes,9,63,No,4,High,Private,3,College,Near,Male,64,yes,Littoral,Bike,57,Francophone
27,67,Low,Medium,No,6,54,Yes,0,Medium,Private,2,High School,Far,Male,61,yes,Littoral,Walk,29,Anglophone
24,96,Medium,High,Yes,5,69,Yes,1,Low,Public,4,High School,Near,Male,72,sometimes,Far North,Bus,53,Anglophone
32,84,Medium,Medium,Yes,8,87,No,2,Medium,Public,1,High School,Far,Male,70,yes,South,Bike,78,Anglophone
15,98,Medium,High,No,8,61,Yes,4,Low,Public,2,High School,Moderate,Female,70,yes,Littoral,Walk,85,Bilingual
18,100,Medium,Medium,No,6,88,Yes,2,Medium,Public,2,College,Moderate,Male,71,no,West,Bus,171,Anglophone
21,75,High,High,No,7,83,Yes,1,Medium,Public,2,College,Near,Female,68,yes,North,Walk,78,Bilingual
24,72,Medium,Medium,No,7,75,Yes,3,High,Private,2,College,Near,Female,68,sometimes,East,Private car,136,Anglophone
19,94,High,High,No,7,99,Yes,0,Low,Public,1,High School,Near,Male,70,yes,Centre,Bike,79,Bilingual
15,100,High,High,No,8,94,Yes,2,Medium,Public,3,College,Near,Male,73,no,Adamawa,Walk,153,Bilingual
25,85,High,Medium,No,6,78,Yes,2,Medium,Public,1,High School,Far,Female,69,no,North,Bike,145,Anglophone
24,92,Medium,High,No,8,78,Yes,0,Medium,Public,3,High School,Near,Male,71,sometimes,North West,Walk,183,Bilingual
15,91,Low,Medium,No,6,64,Yes,1,Low,Public,3,High School,Near,Male,64,no,North West,Bus,26,Bilingual
28,74,Medium,Medium,No,9,96,Yes,0,Medium,Private,3,High School,Near,Female,68,yes,South,Bus,186,Francophone
27,83,Medium,Medium,No,10,95,Yes,0,High,Private,4,High School,Moderate,Female,69,no,Centre,Bus,89,Anglophone
21,93,High,Low,No,6,87,Yes,1,Low,Public,2,High School,Near,Female,70,no,North West,Bike,127,Bilingual
20,88,Medium,Medium,No,5,56,Yes,1,Low,Public,4,,Near,Female,67,sometimes,Littoral,Bus,119,Bilingual
23,61,Medium,High,Yes,8,85,Yes,1,Medium,Private,0,High School,Near,Male,66,sometimes,South West,Walk,38,Francophone
15,73,Medium,High,No,7,63,Yes,2,Medium,Public,5,Postgraduate,Moderate,Male,65,yes,West,Taxi,172,Anglophone
20,66,Medium,High,Yes,8,59,Yes,4,Medium,Public,3,College,Near,Male,66,no,Adamawa,Bus,164,Francophone
7,69,Low,Medium,Yes,6,88,Yes,0,Low,Private,4,Postgraduate,Near,Female,61,sometimes,South,Walk,140,Francophone
25,96,Low,Medium,No,7,98,Yes,0,Low,Public,2,High School,Near,Female,71,sometimes,Littoral,Bus,35,Francophone
11,61,High,Low,Yes,6,55,Yes,5,High,Public,3,High School,Far,Male,60,yes,Adamawa,Bike,96,Anglophone
29,69,Medium,Medium,Yes,7,58,Yes,1,Low,Public,2,College,Near,Male,66,no,South West,Private car,131,Bilingual
18,72,Low,Low,Yes,5,61,Yes,1,Medium,Private,4,College,Moderate,Male,61,yes,Adamawa,Walk,30,Francophone
19,85,Medium,Medium,Yes,7,98,Yes,2,Medium,Public,3,High School,Moderate,Female,68,yes,Centre,Private car,158,Anglophone
16,81,Medium,High,Yes,5,85,No,2,Low,Public,3,College,Near,Male,68,sometimes,North West,Bus,36,Anglophone
18,69,Medium,Medium,Yes,6,84,Yes,2,Low,Public,4,High School,Near,Male,65,sometimes,North,Bike,93,Francophone
29,67,High,Low,No,7,75,No,3,Low,Public,1,High School,Near,Female,65,yes,Centre,Bus,134,Francophone
5,69,Medium,Medium,Yes,8,77,No,2,Low,Public,2,College,Near,Female,60,sometimes,South West,Walk,185,Anglophone
28,80,Low,Medium,No,8,65,Yes,2,Low,Private,2,College,Near,Male,67,yes,Littoral,Walk,71,Anglophone
22,71,High,Medium,No,8,58,No,2,Low,Public,4,College,Near,Female,65,yes,North,Bike,177,Anglophone
13,98,High,Medium,Yes,5,89,Yes,1,High,Public,3,High School,Near,Male,70,no,North West,Taxi,46,Bilingual
14,79,Medium,Medium,No,9,74,Yes,1,Medium,Public,4,High School,Near,Male,64,sometimes,Centre,Private car,64,Anglophone
30,62,Medium,High,Yes,6,63,Yes,2,Low,Public,4,High School,Moderate,Male,68,sometimes,South,Taxi,168,Bilingual
14,89,High,Medium,No,6,82,Yes,2,Medium,Public,4,College,Moderate,Female,69,sometimes,South,Bus,53,Bilingual
13,73,Medium,High,Yes,7,60,Yes,0,High,Public,3,College,Near,Female,65,sometimes,Adamawa,Walk,177,Francophone
27,86,Medium,Medium,No,6,74,Yes,2,High,Private,3,High School,Near,Male,71,no,Littoral,Taxi,178,Bilingual
22,71,Medium,Medium,Yes,8,60,Yes,1,Medium,Public,4,High School,Moderate,Female,65,no,Centre,Bus,115,Francophone
14,83,Medium,High,Yes,8,88,Yes,0,High,Public,2,High School,Moderate,Male,65,yes,Littoral,Bus,92,Anglophone
21,91,Medium,Medium,Yes,6,66,Yes,0,Medium,Public,2,College,Far,Female,68,yes,East,Private car,88,Bilingual
14,97,Medium,Low,No,7,72,Yes,1,Low,Public,3,High School,Near,Female,66,sometimes,South,Private car,47,Bilingual
27,70,Low,Low,Yes,7,88,No,1,High,Public,3,High School,Near,Male,65,no,North West,Walk,109,Francophone
26,73,High,High,Yes,8,83,Yes,2,Medium,Public,4,College,Near,Male,71,sometimes,East,Bike,163,Francophone
23,79,Low,Medium,Yes,6,70,Yes,3,Medium,Public,4,Postgraduate,Moderate,Female,68,no,Centre,Bike,101,Anglophone
22,97,Medium,Medium,Yes,6,54,No,2,High,Public,2,College,Near,Male,70,sometimes,South,Walk,132,Anglophone
31,96,Medium,Low,No,5,96,Yes,3,Low,Private,2,College,,Female,74,no,West,Bus,175,Anglophone
20,64,High,Low,Yes,6,50,Yes,0,Low,Private,2,High School,Near,Male,62,sometimes,South West,Bike,77,Bilingual
13,65,Medium,High,No,5,87,Yes,1,Medium,Public,2,High School,Moderate,Female,61,no,South West,Bike,39,Bilingual
23,80,High,High,Yes,6,97,Yes,0,Medium,Private,3,High School,Near,Male,70,sometimes,Littoral,Bus,20,Anglophone
33,64,Low,Medium,Yes,9,65,Yes,0,Medium,Public,2,College,Moderate,Male,65,no,Centre,Bike,31,Anglophone
14,74,Medium,Medium,Yes,8,54,Yes,2,Low,Public,2,High School,Moderate,Male,62,sometimes,Centre,Taxi,127,Anglophone
18,66,High,High,No,9,62,Yes,2,High,Public,4,High School,Moderate,Female,65,sometimes,North West,Bus,121,Francophone
22,85,High,Medium,No,6,66,Yes,0,Low,Private,4,College,Near,Male,68,yes,West,Bus,145,Anglophone
20,98,Medium,High,Yes,4,73,Yes,2,Medium,Private,1,High School,Far,Male,70,yes,West,Bus,175,Francophone
14,100,Medium,Low,No,7,76,Yes,1,Medium,Private,3,Postgraduate,Near,Female,68,no,Far North,Taxi,191,Francophone
27,75,Low,Medium,No,10,86,No,3,Medium,Private,6,Postgraduate,Near,Female,69,sometimes,Adamawa,Taxi,124,Francophone
34,84,Medium,High,Yes,6,95,Yes,1,Low,Private,3,Postgraduate,Far,Male,73,sometimes,Centre,Private car,63,Bilingual
21,94,Medium,Medium,Yes,7,73,Yes,1,Medium,Private,5,College,Near,Female,71,no,North,Walk,123,Bilingual
15,65,Low,High,Yes,5,87,Yes,0,Low,Private,4,High School,Near,Female,63,sometimes,South West,Walk,151,Anglophone
11,88,High,Medium,Yes,7,56,Yes,2,Medium,Public,2,College,Near,Male,66,yes,Adamawa,Walk,142,Bilingual
22,76,High,Low,Yes,7,66,Yes,1,Low,Private,4,Postgraduate,Near,Male,67,yes,East,Bus,21,Francophone
27,68,Low,High,No,4,56,Yes,0,Low,Public,1,,Near,Female,64,yes,North,Bus,189,Francophone
23,76,Medium,Low,Yes,5,85,Yes,1,Medium,Public,3,High School,Near,Female,66,no,West,Bus,107,Bilingual
20,63,High,High,Yes,5,95,Yes,2,High,Public,3,College,Near,Male,69,yes,Adamawa,Bike,38,Bilingual
16,88,Medium,High,Yes,5,94,Yes,4,Medium,Private,6,College,Moderate,Male,72,no,South West,Walk,126,Bilingual
13,70,Medium,High,Yes,6,66,Yes,1,Medium,Public,4,High School,Near,Male,63,no,West,Bus,44,Bilingual
25,72,Medium,High,Yes,8,62,Yes,2,Low,Public,2,High School,Near,Female,67,yes,Adamawa,Bus,123,Bilingual
25,65,Low,Medium,No,6,64,Yes,1,Medium,Private,4,College,Near,Male,64,no,Centre,Bike,58,Bilingual
11,95,Medium,Medium,Yes,9,64,Yes,4,Low,Public,4,High School,Moderate,Male,68,sometimes,South,Bus,141,Anglophone
30,80,High,High,No,6,54,Yes,1,High,Public,3,High School,Moderate,Female,71,yes,East,Bike,85,Francophone
23,83,Medium,Low,Yes,7,57,No,2,Medium,Public,4,High School,Moderate,Female,67,no,North,Bus,111,Bilingual
28,83,Medium,Low,No,8,61,Yes,1,Low,Private,5,Postgraduate,Near,Male,67,yes,Adamawa,Walk,102,Francophone
12,76,Medium,Medium,Yes,9,50,Yes,2,Medium,Public,3,College,Near,Male,64,sometimes,Far North,Bike,184,Anglophone
12,68,High,Low,No,6,52,Yes,5,High,Public,3,College,Near,Male,63,no,South,Bus,176,Anglophone
19,90,High,High,No,8,85,Yes,2,Medium,Public,4,College,Near,Male,72,no,Far North,Taxi,152,Bilingual
23,65,Low,Medium,Yes,6,81,Yes,2,Low,Public,2,High School,Near,Female,63,no,Adamawa,Walk,146,Francophone
31,64,High,Medium,No,10,97,Yes,2,Medium,Private,4,High School,Far,Female,67,sometimes,Centre,Walk,89,Bilingual
24,88,Low,Medium,Yes,5,70,No,1,Low,Private,2,Postgraduate,Near,Male,68,sometimes,West,Taxi,93,Bilingual
19,68,Low,High,Yes,8,72,Yes,2,Low,Private,3,College,Far,Male,64,no,West,Bus,177,Francophone
14,72,Medium,High,No,9,53,Yes,4,Medium,Public,3,Postgraduate,Near,Male,65,sometimes,West,Walk,39,Anglophone
27,79,Medium,Low,Yes,5,58,Yes,2,Medium,Private,1,Postgraduate,Far,Female,68,sometimes,Littoral,Walk,171,Francophone
14,78,Medium,High,Yes,8,85,Yes,2,Low,Private,4,High School,Near,Male,66,no,East,Bus,93,Bilingual
30,88,Medium,Medium,Yes,6,62,Yes,4,Low,Private,5,College,Far,Female,73,yes,South,Taxi,101,Bilingual
18,85,Low,Medium,Yes,10,89,Yes,1,High,Private,3,High School,Near,Female,68,sometimes,North,Bus,79,Anglophone
30,86,Medium,High,No,4,85,Yes,2,Medium,Private,5,Postgraduate,Far,Male,72,yes,West,Private car,86,Bilingual
24,89,Medium,Medium,Yes,5,87,No,3,High,Public,0,High School,Near,Female,70,yes,East,Bike,113,Bilingual
19,72,Medium,Medium,Yes,5,85,Yes,1,Low,Private,4,College,Near,Female,66,yes,North West,Walk,119,Francophone
17,73,Low,Medium,Yes,5,85,Yes,3,Medium,Public,1,College,Near,Female,66,yes,Far North,Taxi,121,Anglophone
18,78,Low,Low,Yes,8,77,Yes,2,Medium,Private,4,College,Near,Female,66,yes,Adamawa,Bike,124,Bilingual
23,72,High,Low,Yes,10,84,Yes,2,Low,Public,2,High School,Moderate,Male,65,sometimes,Centre,Taxi,90,Anglophone
20,99,High,Low,Yes,9,76,Yes,2,Low,Public,5,College,Far,Male,71,sometimes,Adamawa,Taxi,59,Francophone
16,93,Low,Medium,Yes,7,60,Yes,1,Medium,Public,1,High School,Moderate,Female,66,no,Centre,Walk,130,Anglophone
19,67,Medium,Low,No,7,61,Yes,1,Medium,Private,4,College,Moderate,Female,63,yes,North,Bike,185,Francophone
20,60,Medium,Medium,Yes,6,70,Yes,2,Low,Public,3,Postgraduate,Near,Female,63,yes,Far North,Private car,52,Bilingual
7,62,High,Medium,Yes,8,51,Yes,0,Medium,Public,3,College,Moderate,Male,58,yes,East,Private car,141,Francophone
23,70,Medium,High,No,7,94,Yes,3,Medium,Public,3,,Near,Female,68,no,South West,Bus,95,Anglophone
14,65,High,Medium,No,7,63,Yes,2,Low,Public,3,High School,Moderate,Male,61,sometimes,South West,Private car,23,Francophone
13,81,Medium,High,No,6,53,Yes,2,Low,Public,4,High School,Near,Male,65,yes,Far North,Taxi,94,Francophone
10,94,High,Low,No,5,71,Yes,1,High,Public,3,High School,Moderate,Male,67,no,South West,Walk,157,Bilingual
9,89,Low,High,Yes,7,91,Yes,1,High,Public,3,Postgraduate,Near,Male,67,yes,Littoral,Bus,40,Francophone
12,69,High,Low,No,7,70,Yes,1,Medium,Private,4,High School,Near,Male,62,yes,South,Bus,86,Francophone
16,76,Medium,High,Yes,6,63,Yes,0,Low,Public,1,High School,Near,Female,86,no,South West,Bus,49,Francophone
32,80,High,Medium,No,6,77,Yes,0,Medium,Public,5,College,Near,Male,71,sometimes,Adamawa,Bus,46,Bilingual
17,92,Medium,Medium,Yes,8,79,Yes,1,Low,Public,3,Postgraduate,Near,Male,70,yes,Littoral,Walk,48,Anglophone
21,94,Medium,Medium,No,8,88,Yes,1,Medium,Public,3,College,Near,Male,71,yes,Far North,Taxi,72,Francophone
22,96,High,Low,No,10,90,Yes,2,Low,Public,3,College,Moderate,Male,71,no,West,Private car,38,Anglophone
21,80,High,High,Yes,9,85,Yes,1,High,Public,3,College,Near,Female,70,yes,East,Walk,166,Francophone
20,88,Medium,High,Yes,5,50,No,2,Low,Public,5,High School,Moderate,Male,67,yes,East,Bike,103,Francophone
13,64,Medium,Low,Yes,7,50,Yes,0,Medium,Public,4,High School,Near,Male,60,sometimes,Centre,Private car,171,Anglophone
29,83,High,High,No,5,99,Yes,0,Medium,Public,4,College,Near,Female,73,yes,Littoral,Bus,72,Francophone
31,70,High,Low,Yes,4,63,Yes,1,Medium,Public,2,High School,Near,Female,67,sometimes,Littoral,Taxi,125,Bilingual
10,77,Low,High,Yes,10,64,Yes,1,Low,Private,3,College,Near,Female,62,sometimes,West,Walk,83,Anglophone
14,85,Medium,High,No,9,87,Yes,0,Medium,Public,3,College,Near,Female,67,no,North,Walk,177,Bilingual
18,70,High,Low,No,6,79,Yes,1,Medium,Public,2,College,Near,Female,65,no,North West,Bus,169,Bilingual
14,62,Medium,Medium,No,9,73,Yes,1,Low,Public,6,High School,Near,Male,61,yes,West,Taxi,61,Francophone
23,60,High,Medium,Yes,9,56,No,0,Low,Private,4,High School,Moderate,Female,61,no,East,Taxi,198,Francophone
16,61,High,Medium,No,4,54,Yes,1,Low,Private,2,High School,Near,Female,60,no,East,Taxi,95,Bilingual
33,60,High,High,No,8,85,Yes,4,Low,Public,3,High School,Near,Male,68,yes,Far North,Bus,55,Francophone
27,64,High,Medium,Yes,6,56,Yes,0,Low,Public,5,College,Moderate,Female,65,sometimes,North West,Taxi,190,Anglophone
21,70,High,High,Yes,8,72,Yes,3,Medium,Public,1,Postgraduate,Moderate,Female,67,yes,North West,Private car,194,Francophone
26,69,High,Low,No,10,87,Yes,2,Medium,Public,2,Postgraduate,Near,Male,67,sometimes,North West,Bus,154,Bilingual
27,99,High,Medium,No,9,96,Yes,0,High,Private,2,College,Moderate,Male,74,yes,Far North,Private car,47,Bilingual
17,72,Low,Medium,No,7,94,Yes,4,Medium,Public,2,High School,Far,Female,64,no,Adamawa,Bike,90,Bilingual
15,65,Medium,High,Yes,9,93,Yes,2,Low,Private,3,College,Near,Male,64,yes,Far North,Taxi,146,Bilingual
20,82,Medium,Low,Yes,4,68,Yes,2,Low,Public,3,High School,Near,Male,67,no,North West,Private car,113,Francophone
25,94,High,High,No,8,96,Yes,6,Medium,Public,3,High School,Far,Female,74,no,Centre,Private car,112,Bilingual
21,87,Medium,Medium,Yes,8,84,Yes,1,Low,Private,2,College,Near,Male,69,sometimes,East,Taxi,139,Francophone
11,72,Low,Medium,No,8,94,Yes,1,Low,Public,2,High School,Near,Male,62,no,Adamawa,Bus,38,Anglophone
15,82,Medium,Medium,Yes,6,54,Yes,1,Medium,Public,2,College,,Female,66,no,Littoral,Walk,62,Bilingual
20,89,High,High,Yes,8,52,Yes,2,Medium,Public,3,College,Moderate,Female,69,yes,West,Private car,128,Anglophone
20,89,High,Medium,Yes,8,71,Yes,1,Medium,Public,1,Postgraduate,Far,Male,68,no,Far North,Walk,152,Bilingual
32,87,High,Medium,Yes,4,91,Yes,2,High,Public,2,High School,Moderate,Female,74,no,West,Taxi,54,Bilingual
12,95,Medium,Medium,No,7,70,Yes,4,Medium,Public,3,High School,Far,Male,68,yes,Littoral,Private car,142,Bilingual
23,95,Medium,Medium,Yes,6,94,Yes,2,Medium,Public,3,High School,Near,Male,73,no,Centre,Taxi,132,Anglophone
29,83,Medium,Low,No,8,62,Yes,4,High,Public,5,College,Near,Male,70,yes,North West,Walk,185,Anglophone
34,77,Medium,High,No,9,52,Yes,0,Medium,Private,4,High School,Moderate,Female,69,no,East,Taxi,156,Anglophone
18,86,Medium,Medium,Yes,6,88,Yes,2,Medium,Public,2,College,Far,Male,68,no,North West,Private car,28,Bilingual
23,93,Medium,High,No,5,81,Yes,2,Low,Private,1,College,Near,Male,71,sometimes,South,Bike,43,Francophone
23,60,Low,Medium,No,7,72,Yes,3,High,Public,2,College,Near,Female,64,no,Centre,Private car,85,Anglophone
21,100,Medium,Medium,No,5,92,Yes,3,Low,Public,3,Postgraduate,Near,Male,71,yes,North West,Private car,156,Francophone
19,67,Medium,Medium,No,7,91,Yes,1,Low,Public,3,High School,Near,Female,65,no,North West,Walk,100,Francophone
23,79,Low,Medium,Yes,7,66,Yes,1,High,Private,3,Postgraduate,Near,Male,68,sometimes,West,Bus,102,Anglophone
5,95,Medium,High,Yes,8,92,Yes,1,Low,Private,2,College,Near,Female,67,sometimes,South,Bike,29,Francophone
24,69,Medium,High,Yes,7,67,Yes,2,Medium,Public,4,Postgraduate,Far,Male,67,no,Littoral,Bus,65,Francophone
21,79,Medium,Low,Yes,7,81,Yes,2,Medium,Public,4,High School,Near,Male,67,no,Adamawa,Private car,74,Francophone
19,65,Medium,High,Yes,9,60,Yes,1,Low,Public,3,Postgraduate,Moderate,Male,63,sometimes,West,Bus,117,Anglophone
32,76,Medium,Medium,No,7,63,Yes,0,Medium,Public,3,High School,Near,Female,68,no,Littoral,Private car,40,Bilingual
16,67,High,High,Yes,6,72,Yes,1,Low,Public,3,Postgraduate,Near,Female,66,yes,Centre,Taxi,44,Anglophone
18,75,Medium,Medium,Yes,7,66,Yes,1,High,Public,4,High School,Near,Male,67,no,Littoral,Bus,94,Bilingual
32,75,Medium,Low,Yes,6,56,Yes,3,Medium,Public,2,College,Moderate,Female,68,yes,South,Walk,66,Francophone
15,100,High,Medium,Yes,5,74,Yes,2,High,Private,3,Postgraduate,Near,Male,72,no,North West,Bike,191,Anglophone
17,100,Medium,Medium,No,5,76,Yes,3,Low,Private,3,Postgraduate,Moderate,Female,70,no,Adamawa,Walk,41,Francophone
19,65,Low,High,No,9,58,Yes,3,Medium,Public,4,High School,Moderate,Female,62,yes,Centre,Bike,88,Bilingual
25,89,Medium,Low,Yes,6,59,Yes,2,Low,Public,2,College,Near,Female,69,yes,West,Taxi,78,Anglophone
21,62,Medium,Low,Yes,7,51,Yes,0,Low,Private,4,High School,Near,Female,61,no,Far North,Bike,178,Anglophone
12,61,Medium,Low,Yes,7,52,Yes,2,Low,Public,2,High School,Moderate,Female,58,sometimes,East,Private car,46,Anglophone
17,64,Low,Medium,No,7,68,Yes,5,Medium,Private,3,High School,Near,Male,63,sometimes,North,Taxi,53,Bilingual
16,99,High,Medium,No,9,57,No,4,Medium,Public,3,College,Near,Female,71,yes,Far North,Private car,27,Anglophone
20,98,Low,Medium,Yes,7,96,No,1,Low,Public,3,College,Near,Female,70,no,Centre,Walk,119,Anglophone
23,68,High,Medium,No,6,60,Yes,1,Low,Public,3,High School,Near,Female,64,yes,North West,Private car,194,Bilingual
23,66,High,Low,No,6,53,Yes,2,Medium,Public,1,College,Far,Male,63,yes,South,Bike,174,Bilingual
9,70,High,Medium,Yes,8,70,Yes,1,Medium,Public,3,College,Near,Male,63,yes,Littoral,Bike,117,Bilingual
26,81,High,Low,No,8,60,Yes,2,Low,Public,5,Postgraduate,Near,Female,71,yes,Adamawa,Bus,42,Bilingual
22,83,Low,High,Yes,8,53,No,0,Low,Public,2,Postgraduate,Near,Female,65,no,North West,Taxi,92,Anglophone
28,69,High,High,No,7,88,Yes,2,Low,Public,2,High School,Moderate,Male,68,sometimes,South,Bike,109,Bilingual
23,90,Medium,High,Yes,5,78,No,1,Medium,Private,3,High School,Moderate,Male,70,sometimes,North,Bus,55,Francophone
27,72,High,High,Yes,8,53,Yes,3,Medium,Public,3,High School,Far,Female,68,sometimes,South West,Taxi,52,Francophone
23,97,Medium,High,No,7,73,No,3,Low,Private,1,High School,Moderate,Male,69,no,South,Taxi,21,Francophone
28,86,Medium,Medium,Yes,7,52,Yes,0,Medium,Public,5,College,Near,Male,70,yes,East,Walk,54,Anglophone
23,77,High,Medium,No,5,68,Yes,0,High,Private,3,High School,Near,Male,67,yes,North West,Bike,155,Bilingual
19,92,Low,High,Yes,6,68,Yes,2,Medium,Public,2,High School,Near,Female,69,no,Littoral,Private car,44,Bilingual
34,93,Low,Medium,No,6,91,Yes,2,High,Public,3,,Moderate,Female,73,sometimes,South West,Bus,163,Anglophone
25,72,Medium,Medium,Yes,8,87,Yes,3,Medium,Public,3,Postgraduate,Moderate,Male,68,sometimes,Littoral,Bus,21,Anglophone
23,74,High,Medium,No,8,95,Yes,2,Low,Public,2,College,Far,Female,67,sometimes,Centre,Bike,124,Francophone
12,97,Medium,High,Yes,7,57,Yes,0,Low,Private,4,College,Moderate,Female,67,no,South,Walk,65,Anglophone
12,67,Medium,High,Yes,8,77,Yes,2,Low,Private,3,College,Near,Male,64,no,North West,Walk,85,Francophone
22,62,High,Medium,No,9,51,Yes,2,Low,Public,2,High School,Near,Male,63,no,West,Bike,47,Bilingual
21,78,Low,High,No,8,91,No,1,Medium,Private,5,Postgraduate,Near,Female,67,sometimes,North,Taxi,136,Francophone
16,92,Medium,High,Yes,8,68,Yes,1,Medium,Public,2,High School,Near,Male,70,no,North West,Bike,154,Francophone
21,91,High,Medium,Yes,6,53,Yes,1,Medium,Public,3,Postgraduate,Near,Female,71,sometimes,Littoral,Bus,179,Anglophone
30,97,Medium,High,Yes,6,66,Yes,1,Medium,Private,2,College,Near,Male,74,sometimes,East,Walk,141,Bilingual
24,81,Medium,High,Yes,9,64,Yes,2,High,Public,3,High School,Near,Male,70,yes,South,Private car,143,Bilingual
13,64,Low,Low,No,6,88,Yes,1,Medium,Public,2,College,Moderate,Female,59,sometimes,South,Walk,36,Francophone
19,84,Low,Medium,Yes,8,56,Yes,0,Low,Private,3,High School,Near,Male,64,sometimes,East,Walk,31,Francophone
15,91,Low,Medium,No,10,78,Yes,2,Medium,Public,3,High School,Near,Female,67,sometimes,Far North,Bike,174,Anglophone
18,64,Medium,Medium,Yes,8,90,Yes,1,Low,Public,3,High School,Near,Male,63,no,North West,Bike,168,Anglophone
18,67,Low,High,Yes,7,87,Yes,5,Low,Public,2,College,Near,Male,66,no,North West,Bike,32,Francophone
17,60,Medium,Medium,Yes,5,97,Yes,1,Medium,Private,4,College,Far,Male,62,yes,Littoral,Taxi,98,Bilingual
12,84,Low,Medium,No,7,50,Yes,3,High,Public,3,High School,Near,Male,65,yes,Centre,Taxi,121,Bilingual
19,95,High,High,Yes,9,68,Yes,3,High,Public,4,College,Far,Male,73,no,North West,Bus,107,Bilingual
17,87,High,High,Yes,7,68,Yes,1,Medium,Public,2,High School,Near,Male,70,no,East,Bus,52,Anglophone
2,99,Medium,Low,Yes,9,52,Yes,0,Medium,Public,4,High School,Near,Male,62,no,Centre,Walk,136,Francophone
32,63,Medium,High,No,8,91,No,2,High,Public,5,High School,Near,Female,68,yes,Far North,Bike,199,Anglophone
27,96,High,Low,Yes,7,84,Yes,1,High,Public,3,College,Near,Male,74,sometimes,West,Bike,182,Bilingual
18,93,Medium,Medium,No,7,76,Yes,2,Medium,Private,4,High School,Near,Female,96,yes,Far North,Walk,147,Anglophone
20,73,High,High,No,5,70,Yes,1,Low,Public,2,High School,Moderate,Male,66,yes,Littoral,Bike,67,Anglophone
13,99,Low,High,Yes,6,95,No,0,Low,Public,4,Postgraduate,Near,Male,69,yes,Far North,Taxi,110,Bilingual
30,72,High,High,Yes,6,63,Yes,1,Low,Public,3,Postgraduate,Near,Female,70,no,Far North,Private car,113,Anglophone
31,96,Medium,Low,Yes,8,67,Yes,2,Medium,Private,3,College,Near,Male,73,no,Littoral,Bus,35,Bilingual
21,95,Low,Low,No,7,98,Yes,1,Low,Public,2,High School,Near,Male,69,no,Adamawa,Bike,105,Francophone
26,90,High,High,Yes,9,53,Yes,1,Low,Private,4,High School,Far,Male,71,no,North West,Walk,22,Anglophone
21,83,High,Low,Yes,7,89,No,0,Low,Public,2,College,Moderate,Female,65,yes,North West,Private car,24,Francophone
12,65,Medium,Low,Yes,6,86,Yes,1,Medium,Public,3,Postgraduate,Near,Female,62,sometimes,South West,Bike,166,Anglophone
18,81,High,High,No,6,95,Yes,1,Medium,Public,3,High School,Near,Male,69,sometimes,East,Walk,62,Bilingual
21,74,Low,Medium,No,6,55,Yes,3,Low,Public,2,College,Near,Male,65,no,Centre,Private car,159,Anglophone
17,92,Medium,Medium,No,7,99,Yes,1,Medium,Public,2,College,Far,Female,68,sometimes,Centre,Bike,164,Anglophone
19,90,Low,Low,Yes,6,51,Yes,1,Low,Public,3,Postgraduate,Near,Male,65,sometimes,East,Walk,130,Bilingual
19,96,Medium,High,Yes,5,67,Yes,4,High,Private,1,High School,Moderate,Male,72,sometimes,West,Bus,77,Bilingual
20,61,High,High,Yes,9,54,Yes,2,High,Private,4,Postgraduate,Near,Male,67,sometimes,Far North,Bus,58,Anglophone
20,92,Medium,Low,No,7,53,Yes,2,Medium,Private,2,College,Far,Male,68,no,West,Taxi,168,Anglophone
14,98,Low,Medium,No,7,98,No,0,Medium,Public,3,High School,Near,Male,68,no,Adamawa,Bike,122,Bilingual
16,92,Medium,Medium,No,6,86,No,2,Medium,Private,3,College,Near,Female,66,sometimes,South,Private car,93,Francophone
12,65,Medium,High,Yes,5,75,Yes,0,High,Private,2,High School,Moderate,Male,62,sometimes,West,Private car,167,Bilingual
26,63,Medium,Medium,Yes,7,55,Yes,2,Medium,Public,4,High School,Far,Male,65,sometimes,South,Taxi,58,Anglophone
7,61,Low,High,Yes,4,76,Yes,1,Medium,Private,5,High School,Far,Female,60,no,Far North,Walk,178,Anglophone
27,85,High,Medium,Yes,8,66,Yes,2,Low,Private,4,High School,Moderate,Male,70,yes,Centre,Bus,172,Anglophone
28,85,Medium,Medium,Yes,6,64,Yes,1,Low,Public,1,High School,Moderate,Male,68,yes,South,Walk,195,Francophone
18,99,Medium,High,Yes,7,81,Yes,1,Medium,Public,3,Postgraduate,Near,Male,72,sometimes,Littoral,Walk,119,Francophone
4,76,Medium,Medium,Yes,8,90,Yes,2,High,Public,2,High School,Moderate,Female,63,no,North,Bike,31,Anglophone
18,73,Medium,High,Yes,7,72,Yes,1,Medium,Private,1,High School,Moderate,Male,63,no,South,Walk,90,Bilingual
20,85,Low,Medium,Yes,5,75,Yes,1,Medium,Public,2,College,Near,Male,67,sometimes,Littoral,Private car,98,Bilingual
14,93,Medium,Low,Yes,9,83,Yes,4,Medium,Public,2,Postgraduate,,Female,68,no,South,Walk,133,Anglophone
17,97,Medium,Medium,No,5,56,Yes,2,High,Public,3,High School,Near,Female,69,no,Littoral,Bus,103,Anglophone
29,92,High,Medium,Yes,4,91,Yes,1,High,Public,4,High School,Near,Female,75,no,South,Private car,38,Francophone
24,77,Low,Medium,No,8,92,Yes,0,High,Public,3,High School,Moderate,Male,67,no,Centre,Walk,55,Anglophone
14,85,High,High,Yes,5,77,Yes,2,Low,Public,3,High School,Near,Male,69,no,North West,Private car,34,Francophone
10,94,Low,Medium,No,9,59,Yes,0,Medium,Public,2,Postgraduate,Near,Male,65,yes,North West,Bike,151,Anglophone
18,80,Low,High,Yes,8,75,No,2,Medium,Public,4,High School,Near,Male,65,sometimes,North West,Walk,41,Bilingual
19,69,Medium,Medium,Yes,7,55,Yes,1,Low,Public,4,College,Near,Female,63,yes,Far North,Bike,91,Anglophone
23,67,Low,Medium,No,6,88,Yes,2,Medium,Private,4,High School,Near,Male,65,no,Adamawa,Walk,90,Anglophone
17,60,Medium,Low,No,6,66,Yes,0,Low,Public,2,High School,Far,Female,58,yes,Adamawa,Bus,120,Anglophone
23,89,High,High,Yes,6,66,Yes,0,Low,Private,3,High School,Moderate,Male,70,sometimes,Far North,Walk,54,Francophone
32,64,Low,Low,Yes,6,97,Yes,1,Medium,Public,5,College,Moderate,Male,66,sometimes,Adamawa,Walk,122,Anglophone
25,70,Medium,Low,No,9,71,No,2,Low,Public,2,College,Near,Female,63,yes,Far North,Bus,188,Francophone
20,72,Medium,Low,Yes,6,89,Yes,1,Low,Private,3,High School,Far,Male,62,no,North,Bike,150,Bilingual
19,82,Medium,Medium,Yes,8,82,Yes,2,Medium,Private,3,College,Moderate,Female,69,sometimes,South,Bike,53,Bilingual
18,76,Medium,Medium,No,9,66,Yes,1,High,Public,3,High School,Near,Female,66,no,Far North,Walk,155,Anglophone
27,87,High,Low,No,6,56,Yes,0,Low,Public,2,High School,Moderate,Male,68,yes,South,Private car,143,Anglophone
16,62,Low,Medium,Yes,8,90,Yes,2,High,Public,2,Postgraduate,Far,Male,62,yes,North West,Walk,90,Francophone
20,65,High,Medium,No,6,88,Yes,0,Medium,Public,4,High School,Near,Male,64,yes,Adamawa,Taxi,169,Anglophone
20,80,Medium,High,Yes,7,58,No,0,Medium,Public,2,College,Near,Female,65,yes,East,Private car,139,Anglophone
17,73,Medium,High,Yes,6,62,Yes,2,Low,Private,3,College,Far,Male,64,sometimes,North,Private car,199,Bilingual
12,72,Medium,Medium,No,6,88,Yes,2,High,Public,3,High School,Near,Female,65,sometimes,Centre,Private car,161,Francophone
22,63,Medium,Medium,Yes,7,99,Yes,3,Medium,Private,4,High School,Moderate,Male,65,no,North West,Bike,47,Bilingual
20,96,Low,Medium,Yes,5,92,Yes,0,Medium,Public,3,College,Near,Female,70,yes,West,Walk,130,Bilingual
23,88,Low,High,No,8,84,Yes,2,Medium,Private,3,Postgraduate,Near,Female,71,sometimes,East,Bus,98,Anglophone
17,65,Medium,Medium,Yes,5,96,Yes,2,Medium,Public,3,College,Moderate,Male,65,no,West,Walk,114,Bilingual
27,63,High,Medium,No,5,64,No,1,High,Public,4,Postgraduate,Near,Male,67,sometimes,West,Bike,36,Francophone
15,99,Low,High,Yes,7,50,No,4,Low,Public,2,High School,Moderate,Male,68,yes,South West,Bike,64,Anglophone
30,87,High,High,Yes,6,66,Yes,1,Medium,Public,4,High School,Near,Male,73,no,East,Private car,180,Bilingual
10,77,Medium,High,No,8,99,Yes,0,Medium,Public,4,High School,Near,Male,64,yes,North,Walk,103,Francophone
23,88,High,High,No,7,94,No,3,Low,Private,1,High School,Near,Male,71,sometimes,North,Walk,185,Francophone
23,90,Medium,High,No,5,53,Yes,2,Medium,Private,2,High School,Near,Female,70,yes,North,Walk,150,Bilingual
15,91,Low,High,No,8,75,Yes,4,Medium,Public,1,High School,Near,Female,68,no,Far North,Private car,44,Bilingual
23,79,High,Medium,Yes,7,54,Yes,2,Low,Private,4,College,Moderate,Female,68,sometimes,South,Bike,90,Anglophone
28,77,Low,High,Yes,7,89,Yes,3,Low,Public,3,High School,Far,Male,68,yes,East,Bus,170,Bilingual
7,60,Medium,High,Yes,10,69,Yes,0,Low,Private,3,College,Moderate,Female,59,no,South West,Taxi,180,Bilingual
23,97,Medium,Medium,Yes,9,96,Yes,2,Medium,Private,4,College,Near,Male,74,sometimes,Far North,Bus,54,Francophone
5,84,Medium,Medium,Yes,7,53,No,1,Low,Public,3,Postgraduate,Moderate,Male,62,no,South,Private car,81,Anglophone
14,68,High,Low,Yes,5,87,Yes,2,Medium,Public,3,High School,Far,Male,64,no,South West,Walk,135,Bilingual
30,97,High,High,No,5,70,Yes,0,High,Public,2,Postgraduate,Near,Male,76,yes,South,Taxi,91,Anglophone
17,97,High,Medium,Yes,9,63,Yes,2,Low,Public,2,High School,Near,Male,70,sometimes,North,Bus,36,Anglophone
13,100,High,Medium,No,6,76,No,0,Low,Public,5,Postgraduate,Near,Male,69,no,North West,Bike,72,Bilingual
19,95,Medium,Medium,Yes,7,74,No,0,Low,Public,2,,Near,Female,69,no,Centre,Bus,156,Anglophone
32,100,Low,High,Yes,5,67,No,4,Medium,Public,3,High School,Far,Male,74,no,West,Bike,123,Anglophone
9,70,High,Medium,No,8,82,No,2,High,Public,2,High School,Near,Female,62,no,South West,Taxi,87,Bilingual
14,94,Medium,Medium,No,9,83,Yes,2,Low,Public,3,Postgraduate,Moderate,Male,70,no,Centre,Bike,102,Anglophone
29,93,Low,Medium,Yes,9,54,No,4,Low,Public,3,High School,Near,Male,71,sometimes,East,Taxi,162,Francophone
31,69,Medium,Low,Yes,6,80,Yes,4,Medium,Public,2,College,Near,Male,68,yes,West,Private car,193,Anglophone
19,64,High,Low,Yes,8,86,Yes,3,High,Private,3,Postgraduate,Near,Female,66,yes,West,Bike,121,Anglophone
13,99,Low,Medium,No,7,54,Yes,3,High,Public,3,High School,Far,Male,67,sometimes,West,Taxi,44,Anglophone
33,72,High,Medium,No,8,83,Yes,3,Low,Private,4,High School,Near,Male,71,yes,South West,Walk,190,Anglophone
30,95,Medium,Medium,Yes,7,90,Yes,3,Medium,Public,1,High School,Moderate,Male,74,sometimes,South West,Walk,159,Anglophone
24,60,Low,Medium,Yes,6,92,Yes,3,Medium,Public,2,College,Near,Male,65,sometimes,Littoral,Taxi,171,Bilingual
15,61,High,Low,Yes,9,52,Yes,1,Medium,Private,3,High School,Moderate,Female,60,no,North,Bus,199,Francophone
20,79,High,High,Yes,7,85,Yes,2,Medium,Public,2,College,Moderate,Male,69,no,East,Bus,101,Bilingual
19,70,Medium,Medium,Yes,6,90,Yes,2,Low,Private,3,High School,Moderate,Male,65,sometimes,South West,Taxi,51,Bilingual
22,88,Medium,Low,Yes,7,70,Yes,3,Low,Public,2,High School,Near,Female,69,sometimes,West,Taxi,96,Anglophone
29,83,Medium,Low,Yes,6,77,Yes,1,Medium,Public,4,High School,Near,Male,70,no,South West,Taxi,72,Bilingual
25,63,High,Low,Yes,8,63,Yes,0,Medium,Private,1,Postgraduate,Near,Female,65,yes,Far North,Taxi,77,Anglophone
14,67,Low,Low,Yes,7,66,Yes,0,Low,Public,4,High School,Far,Female,57,yes,South West,Bike,179,Anglophone
28,76,Medium,Medium,Yes,6,75,Yes,0,Medium,Public,2,High School,Near,Female,68,no,North,Taxi,53,Anglophone
22,67,High,High,No,10,58,Yes,2,High,Public,3,Postgraduate,Near,Male,67,no,South,Bike,99,Bilingual
24,92,Medium,Medium,No,5,69,Yes,2,Medium,Private,4,High School,Near,Female,70,no,South,Walk,33,Anglophone
29,77,Medium,Medium,Yes,8,65,Yes,1,Medium,Public,3,High School,Near,Male,68,no,North,Taxi,182,Francophone
13,64,High,High,Yes,7,62,Yes,1,Low,Public,1,College,Moderate,Female,62,sometimes,Far North,Taxi,110,Francophone
20,79,High,Medium,Yes,5,74,Yes,1,Low,Public,5,High School,Far,Male,67,no,South West,Private car,68,Bilingual
17,64,High,High,Yes,6,92,Yes,0,Medium,Private,1,Postgraduate,Near,Male,66,yes,Far North,Taxi,57,Anglophone
11,65,Medium,Low,Yes,5,62,Yes,2,Medium,Public,2,College,Far,Female,60,sometimes,East,Bus,53,Francophone
22,70,High,Low,No,10,83,Yes,0,Medium,Public,2,College,Moderate,Male,65,no,North,Taxi,93,Bilingual
35,94,High,Medium,Yes,7,63,Yes,1,Low,Public,2,College,Near,Female,75,yes,North West,Bike,53,Francophone
9,97,Low,Medium,Yes,7,57,Yes,4,Medium,Public,5,High School,Far,Female,67,yes,Littoral,Walk,78,Bilingual
20,93,Medium,High,No,10,97,Yes,1,Low,Public,2,Postgraduate,Moderate,Male,71,sometimes,South West,Taxi,78,Bilingual
24,73,Low,Low,Yes,6,82,Yes,0,Medium,Public,2,High School,Near,Male,63,sometimes,South West,Taxi,168,Anglophone
21,71,High,Medium,Yes,9,55,Yes,2,High,Public,1,Postgraduate,Moderate,Male,67,no,North West,Taxi,20,Anglophone
19,82,High,Medium,No,8,82,Yes,2,Low,Private,4,Postgraduate,Near,Female,68,sometimes,West,Walk,197,Francophone
12,89,High,Low,Yes,4,59,Yes,2,Low,Public,4,High School,Near,Male,65,no,South West,Bus,64,Bilingual
21,100,Low,High,No,6,94,No,1,High,Public,3,College,Moderate,Female,72,sometimes,South West,Bus,69,Anglophone
15,65,Medium,Medium,No,8,62,Yes,1,Medium,Public,4,High School,Moderate,Female,61,sometimes,West,Private car,66,Francophone
7,62,Low,High,No,7,90,Yes,1,Medium,Public,5,College,Moderate,Female,60,no,West,Bike,159,Bilingual
27,88,High,High,Yes,7,60,Yes,2,Low,Public,2,High School,Near,Female,72,no,Far North,Walk,118,Francophone
26,93,Medium,Medium,Yes,6,78,Yes,2,Medium,Public,3,Postgraduate,Far,Female,72,sometimes,North West,Walk,105,Anglophone
20,94,Low,Medium,Yes,6,96,Yes,2,Medium,Private,3,College,Near,Male,70,sometimes,South,Bus,89,Francophone
21,87,Low,Medium,No,7,65,Yes,2,Medium,Public,3,College,Near,Male,67,yes,Centre,Walk,66,Anglophone
26,98,Medium,Medium,No,10,54,Yes,0,Low,Private,1,Postgraduate,Near,Male,71,no,North,Bike,97,Bilingual
21,80,Medium,Low,Yes,6,78,Yes,0,Medium,Private,2,Postgraduate,Near,Female,66,yes,Littoral,Bike,72,Bilingual
25,97,High,High,No,6,59,Yes,0,Low,Public,2,High School,Near,Female,72,sometimes,East,Walk,84,Anglophone
18,99,Medium,Medium,Yes,7,86,No,1,High,Public,4,High School,Moderate,Female,70,yes,North West,Walk,58,Francophone
28,94,Medium,Low,Yes,5,80,Yes,2,High,Public,2,High School,Moderate,Female,71,yes,Centre,Private car,197,Francophone
22,72,Low,Low,Yes,8,67,Yes,2,Medium,Public,4,College,Far,Male,64,yes,South West,Private car,165,Anglophone
21,68,Medium,Medium,Yes,5,85,No,3,High,Public,2,College,Moderate,Male,66,yes,Adamawa,Bus,92,Francophone
12,82,High,Low,No,5,62,Yes,2,Medium,Public,4,High School,Near,Male,64,sometimes,Adamawa,Taxi,145,Francophone
22,78,Medium,Medium,Yes,5,96,Yes,0,Low,Public,3,High School,Moderate,Male,67,no,Adamawa,Walk,131,Bilingual
15,95,Low,Low,No,5,67,Yes,3,Medium,Public,3,High School,Moderate,Female,67,yes,East,Bike,29,Francophone
16,64,High,Low,No,9,88,Yes,1,Medium,Public,3,High School,Near,Male,64,sometimes,South West,Taxi,149,Bilingual
15,70,Low,Medium,No,8,63,Yes,0,Medium,Private,4,High School,Moderate,Female,61,sometimes,North,Bus,59,Francophone
14,90,High,High,Yes,8,86,Yes,4,Medium,Private,2,High School,Near,Female,99,sometimes,Adamawa,Walk,35,Anglophone
33,64,Medium,Medium,No,8,52,No,3,High,Public,4,High School,Near,Male,67,yes,West,Bus,77,Francophone
28,73,Medium,High,Yes,7,65,Yes,3,High,Public,3,Postgraduate,Near,Male,72,no,South West,Taxi,97,Anglophone
32,75,Low,Low,No,7,55,Yes,1,Medium,Public,4,High School,Moderate,Male,66,sometimes,Far North,Taxi,59,Bilingual
13,85,Low,High,Yes,9,73,Yes,3,Medium,Public,2,Postgraduate,Moderate,Male,68,no,Far North,Bus,155,Anglophone
20,66,High,Low,No,9,72,Yes,1,Medium,Public,1,College,Near,Female,64,yes,East,Bike,112,Francophone
12,94,High,High,No,5,68,Yes,1,High,Public,2,High School,Near,Male,69,sometimes,North West,Private car,123,Francophone
16,78,Medium,High,No,10,99,Yes,0,Low,Public,4,High School,Far,Female,65,yes,Littoral,Walk,92,Anglophone
14,97,Low,High,No,5,62,No,1,Medium,Public,4,Postgraduate,Far,Female,66,sometimes,West,Walk,47,Bilingual
27,79,High,High,Yes,6,90,Yes,3,Medium,Public,4,High School,Near,Male,73,no,East,Private car,102,Francophone
18,71,Medium,Medium,Yes,7,72,Yes,0,Low,Public,4,High School,,Female,63,no,Adamawa,Walk,157,Francophone
26,66,Medium,Medium,Yes,7,67,Yes,3,Medium,Public,4,High School,Moderate,Female,66,no,West,Taxi,163,Francophone
24,60,Medium,Medium,Yes,10,60,Yes,3,Low,Private,2,Postgraduate,Near,Female,65,sometimes,South West,Taxi,147,Bilingual
34,81,Medium,Medium,Yes,9,82,Yes,1,Medium,Public,2,High School,Near,Male,71,no,East,Walk,186,Bilingual
11,64,Medium,Low,Yes,8,67,No,1,Medium,Public,2,College,Near,Male,58,sometimes,North,Private car,176,Bilingual
28,76,Medium,Medium,No,9,91,Yes,0,Low,Private,3,High School,Moderate,Male,68,no,Far North,Private car,68,Anglophone
27,84,Medium,Medium,No,8,98,Yes,0,Low,Public,4,High School,Moderate,Male,69,yes,Adamawa,Private car,115,Bilingual
14,71,High,Low,Yes,6,61,Yes,0,Low,Public,3,Postgraduate,Near,Female,63,sometimes,North West,Bus,151,Francophone
26,67,Medium,Medium,Yes,8,56,Yes,1,Medium,Public,5,College,Near,Female,66,no,West,Bike,56,Bilingual
22,91,Medium,Medium,Yes,7,66,No,0,High,Public,3,College,Near,Female,69,sometimes,Centre,Private car,40,Anglophone
19,98,Medium,Low,Yes,6,73,Yes,3,Low,Private,3,College,Near,Male,69,no,North West,Taxi,47,Francophone
15,64,High,Medium,No,9,65,Yes,2,Medium,Public,2,High School,Near,Male,63,yes,East,Bike,188,Bilingual
16,66,Low,High,Yes,7,99,Yes,1,Low,Public,3,College,Near,Female,65,no,Littoral,Private car,160,Francophone
32,98,Low,High,No,5,89,Yes,2,High,Private,3,College,Near,Male,76,no,North,Taxi,133,Bilingual
20,62,High,Medium,Yes,6,98,Yes,0,High,Public,3,Postgraduate,Near,Male,67,sometimes,Adamawa,Bus,23,Anglophone
25,99,Low,Medium,No,8,69,No,1,Low,Public,3,Postgraduate,Moderate,Male,70,yes,West,Walk,73,Francophone
15,60,Medium,Low,No,9,65,Yes,1,Medium,Public,5,College,Moderate,Male,60,no,East,Private car,21,Francophone
15,95,High,Low,No,8,70,Yes,2,High,Public,3,High School,Near,Female,68,sometimes,North West,Walk,88,Anglophone
26,72,Medium,Medium,Yes,8,76,Yes,1,Medium,Public,3,Postgraduate,Near,Male,68,yes,East,Bus,76,Anglophone
12,98,Low,High,Yes,6,87,Yes,2,Low,Private,3,Postgraduate,Near,Female,70,no,South West,Bike,126,Bilingual
18,73,Medium,High,Yes,7,94,Yes,1,High,Private,3,Postgraduate,Moderate,Female,68,yes,North West,Bus,160,Bilingual
20,86,High,High,No,7,73,Yes,3,Low,Public,3,High School,Near,Male,69,yes,South,Taxi,84,Francophone
21,63,Medium,Medium,Yes,7,64,Yes,0,Low,Public,3,High School,Near,Female,62,sometimes,North West,Private car,129,Francophone
19,70,High,Low,No,7,66,Yes,1,High,Private,4,College,Moderate,Male,64,yes,Adamawa,Bike,134,Bilingual
22,91,High,Medium,No,6,85,Yes,2,Medium,Private,2,High School,Moderate,Female,71,sometimes,East,Walk,95,Anglophone
24,81,Medium,Medium,Yes,8,78,Yes,1,Low,Public,2,High School,Near,Male,68,yes,Littoral,Walk,32,Francophone
24,97,High,Medium,No,5,74,Yes,0,Medium,Public,5,High School,Near,Female,72,yes,East,Bike,115,Anglophone
14,77,Medium,Medium,Yes,5,60,Yes,1,High,Private,3,Postgraduate,Far,Male,64,yes,North,Bike,175,Bilingual
18,95,Medium,High,Yes,6,94,Yes,6,Low,Public,3,High School,Far,Female,73,sometimes,South West,Private car,172,Bilingual
27,78,Medium,High,No,8,89,Yes,0,Low,Public,3,Postgraduate,Near,Female,69,yes,South West,Bike,29,Francophone
25,99,Low,Medium,No,8,57,Yes,1,Medium,Private,3,Postgraduate,Moderate,Male,70,sometimes,Littoral,Private car,77,Francophone
12,98,Medium,High,No,4,68,Yes,3,Low,Public,2,High School,Near,Female,69,sometimes,Littoral,Taxi,163,Anglophone
22,73,Medium,Low,No,8,77,Yes,1,High,Public,3,High School,Far,Male,64,no,North West,Bus,106,Anglophone
8,95,Medium,Medium,No,7,73,Yes,2,Medium,Private,2,College,Near,Male,66,no,West,Taxi,157,Anglophone
20,94,Medium,Medium,Yes,6,70,Yes,1,Medium,Public,2,High School,Moderate,Female,69,no,South West,Bus,130,Anglophone
31,68,High,Medium,No,7,86,Yes,1,Low,Private,3,High School,Moderate,Female,68,yes,North West,Private car,89,Bilingual
14,85,Medium,Low,Yes,5,53,Yes,4,Medium,Public,3,High School,Near,Male,65,no,East,Taxi,185,Anglophone
15,63,High,Low,Yes,7,74,Yes,4,Low,Public,2,High School,Moderate,Male,62,sometimes,West,Private car,94,Anglophone
25,93,High,High,Yes,5,63,Yes,2,High,Public,2,Postgraduate,Near,Female,75,sometimes,South West,Private car,132,Anglophone
11,67,Medium,Medium,Yes,6,54,Yes,0,Low,Public,3,High School,Near,Female,60,no,Littoral,Private car,165,Francophone
16,63,Medium,High,Yes,6,73,Yes,0,Medium,Public,4,College,Near,Male,63,sometimes,Littoral,Bike,127,Anglophone
24,76,Medium,Low,Yes,8,59,Yes,2,Medium,Public,4,College,Far,Male,66,sometimes,Littoral,Bike,134,Francophone
16,83,High,Medium,Yes,7,63,Yes,0,Medium,Public,3,Postgraduate,Near,Female,67,no,Littoral,Bus,157,Anglophone
19,94,Low,Medium,Yes,8,75,Yes,1,Medium,Public,3,College,Moderate,Female,68,sometimes,East,Bus,186,Anglophone
24,99,Medium,Medium,Yes,5,99,Yes,0,Low,Public,3,High School,Moderate,Female,72,sometimes,East,Taxi,189,Bilingual
23,78,Low,Medium,No,7,84,Yes,0,Low,Private,3,College,Near,Male,66,yes,Far North,Bike,77,Francophone
22,62,Medium,Medium,Yes,8,64,Yes,0,Low,Public,3,Postgraduate,Near,Female,63,sometimes,North West,Walk,146,Anglophone
18,90,Medium,High,Yes,9,69,Yes,1,High,Private,3,College,Moderate,Female,71,yes,Littoral,Bike,181,Anglophone
22,83,Low,Medium,Yes,5,70,Yes,2,Low,Public,3,College,Far,Male,67,yes,South West,Private car,100,Bilingual
19,78,Medium,Medium,Yes,6,58,Yes,1,Low,Public,3,Postgraduate,Near,Male,66,yes,Far North,Taxi,137,Francophone
23,72,High,Medium,No,8,58,No,2,Low,Private,2,College,Near,Female,66,no,Adamawa,Bike,150,Bilingual
17,80,High,High,No,9,57,Yes,4,Low,Public,2,College,Near,Male,68,yes,West,Walk,97,Anglophone
19,74,Medium,Medium,No,7,76,Yes,1,High,Public,3,College,Near,Female,66,yes,Littoral,Private car,107,Anglophone
14,90,High,Medium,Yes,5,84,Yes,0,Low,Public,3,Postgraduate,Near,Female,68,sometimes,West,Private car,148,Bilingual
20,82,High,Medium,Yes,5,80,Yes,3,Low,Public,1,College,Near,Female,68,sometimes,Adamawa,Walk,182,Francophone
15,95,Low,Medium,Yes,7,99,Yes,0,High,Public,2,High School,Near,Female,68,yes,South,Bike,129,Francophone
13,82,Medium,High,No,8,56,Yes,2,Low,Private,3,Postgraduate,Near,Male,66,yes,South West,Walk,54,Francophone
22,70,High,Low,No,7,99,Yes,1,Low,Private,2,High School,Moderate,Male,66,sometimes,Littoral,Bike,178,Francophone
21,94,Medium,High,No,5,73,Yes,0,Medium,Public,3,Postgraduate,Far,Female,70,sometimes,Littoral,Bike,76,Bilingual
25,82,High,Medium,Yes,9,61,Yes,1,High,Public,2,High School,Near,Male,68,sometimes,Adamawa,Taxi,96,Francophone
17,68,Medium,Medium,Yes,6,97,Yes,2,High,Public,3,High School,Moderate,Male,65,yes,South West,Walk,198,Anglophone
22,85,Low,High,Yes,8,73,Yes,1,Medium,Private,3,College,Near,Male,70,sometimes,West,Bike,106,Francophone
23,74,Medium,Medium,No,4,67,Yes,3,High,Private,5,High School,Far,Male,66,sometimes,South,Walk,72,Francophone
23,94,Medium,High,Yes,9,61,No,0,Medium,Public,1,Postgraduate,Moderate,Female,68,sometimes,West,Bus,89,Bilingual
15,78,Medium,Medium,Yes,6,63,Yes,1,Medium,Private,2,College,Moderate,Male,64,no,South West,Bus,40,Francophone
21,89,Medium,Medium,No,9,99,Yes,0,Medium,Private,3,High School,Near,Male,69,sometimes,West,Taxi,59,Francophone
22,64,Medium,Medium,No,8,65,Yes,2,Medium,Private,4,Postgraduate,Near,Female,65,sometimes,West,Private car,145,Anglophone
20,76,Medium,High,Yes,5,99,No,3,Medium,Public,3,Postgraduate,Near,Female,69,yes,North West,Taxi,158,Bilingual
7,99,Low,High,Yes,7,67,No,1,High,Private,4,High School,Near,Female,66,yes,South West,Private car,166,Anglophone
21,92,High,Low,No,9,62,Yes,1,Medium,Public,2,High School,Near,Female,68,sometimes,Far North,Private car,22,Bilingual
33,66,Medium,Medium,Yes,6,59,Yes,3,High,Public,2,Postgraduate,Near,Female,70,yes,Adamawa,Taxi,118,Bilingual
18,71,High,Medium,No,9,71,Yes,1,Medium,Public,3,High School,Moderate,Female,65,sometimes,South West,Private car,127,Bilingual
16,73,High,Medium,Yes,8,62,Yes,0,High,Private,2,High School,Near,Female,65,yes,North West,Bike,33,Bilingual
22,86,Medium,Low,No,9,85,Yes,1,Medium,Public,3,Postgraduate,Near,Female,68,sometimes,West,Private car,103,Anglophone
22,90,Low,Medium,No,7,62,Yes,0,Medium,Public,3,College,Near,Male,67,no,North West,Private car,191,Francophone
27,90,High,High,No,7,92,Yes,0,Low,Private,3,High School,Near,Female,72,yes,Littoral,Bike,64,Bilingual
12,80,High,High,Yes,10,92,Yes,1,High,Public,3,Postgraduate,Moderate,Male,70,sometimes,South West,Taxi,38,Anglophone
24,92,Low,High,Yes,8,64,Yes,1,High,Private,3,College,Near,Male,72,no,South West,Bus,82,Francophone
24,77,High,High,Yes,7,88,Yes,1,High,Public,5,College,Near,Male,71,no,Far North,Private car,137,Francophone
19,65,Low,Medium,No,8,93,Yes,1,Medium,Private,4,College,Near,Male,64,yes,South,Bike,186,Bilingual
22,83,Low,High,Yes,6,80,Yes,2,Medium,Public,5,High School,Moderate,Female,69,no,Centre,Bus,131,Francophone
26,98,Medium,Medium,Yes,7,68,Yes,4,Low,Public,1,High School,Near,Female,73,yes,Centre,Bike,150,Anglophone
25,92,Low,High,Yes,9,72,Yes,1,Low,Public,5,Postgraduate,Far,Female,70,no,North,Private car,183,Anglophone
13,83,High,Medium,No,7,89,Yes,1,Low,Public,4,Postgraduate,Near,Female,68,sometimes,North,Private car,53,Bilingual
25,86,High,Medium,No,6,65,Yes,2,Medium,Public,5,High School,Moderate,Male,71,sometimes,South West,Taxi,185,Francophone
20,97,Medium,High,No,6,67,Yes,1,Low,Private,3,Postgraduate,Near,Female,71,no,Centre,Private car,169,Francophone
20,77,Low,High,Yes,7,58,Yes,0,High,Public,3,High School,Near,Male,66,sometimes,West,Private car,147,Anglophone
20,73,Medium,High,No,6,70,Yes,3,High,Public,4,High School,Near,Female,68,yes,Littoral,Walk,125,Bilingual
19,99,Medium,High,Yes,5,54,Yes,0,Medium,Public,2,Postgraduate,Near,Male,70,sometimes,East,Private car,121,Anglophone
27,95,Medium,Medium,No,5,66,Yes,3,Medium,Public,4,High School,Near,Male,72,no,Littoral,Walk,26,Francophone
19,73,Low,High,Yes,9,69,Yes,1,Low,Public,4,Postgraduate,Near,Female,66,sometimes,Centre,Taxi,34,Francophone
13,79,Medium,High,Yes,7,63,No,3,High,Private,2,High School,Near,Female,65,sometimes,Adamawa,Bike,177,Francophone
18,77,Medium,High,Yes,7,55,No,3,High,Private,3,High School,Near,Female,66,sometimes,South,Bike,87,Bilingual
21,66,High,Medium,Yes,6,76,Yes,3,Low,Private,1,High School,Moderate,Female,65,no,North,Bus,187,Francophone
27,98,High,Low,Yes,6,93,Yes,0,Low,Private,4,High School,Moderate,Male,72,yes,East,Taxi,102,Anglophone
24,76,Medium,Medium,Yes,6,67,Yes,2,High,Public,3,College,Near,Female,68,yes,Far North,Private car,23,Anglophone
15,95,Medium,Medium,Yes,7,62,Yes,0,High,Public,3,College,Near,Female,68,yes,West,Bus,183,Anglophone
35,68,Low,High,Yes,5,64,Yes,0,High,Public,4,High School,Near,Male,67,yes,Centre,Taxi,167,Anglophone
22,82,Medium,Medium,Yes,9,93,Yes,2,Low,Public,2,High School,Near,Male,68,no,South,Walk,110,Francophone
28,61,High,Medium,No,7,76,Yes,1,Medium,Public,4,High School,Moderate,Male,67,yes,West,Walk,89,Francophone
19,91,Medium,High,No,7,57,Yes,3,High,Public,3,High School,Moderate,Female,69,yes,Littoral,Walk,166,Francophone
23,83,Low,Low,No,8,85,Yes,2,Low,Private,2,High School,Near,Male,65,sometimes,North,Taxi,91,Anglophone
25,85,Medium,Medium,No,8,58,Yes,2,Medium,Public,4,College,Near,Male,70,sometimes,North,Taxi,90,Francophone
27,62,High,Medium,No,6,53,Yes,1,Medium,Public,2,High School,Moderate,Male,64,yes,Adamawa,Bike,86,Anglophone
26,68,Medium,Medium,No,8,63,Yes,2,Low,Public,3,High School,Near,Male,66,sometimes,East,Taxi,58,Anglophone
25,63,Low,Medium,No,8,58,Yes,1,High,Public,1,College,Near,Female,64,no,East,Taxi,116,Anglophone
18,72,High,High,Yes,7,80,Yes,1,High,Public,2,High School,Moderate,Female,66,no,Far North,Bike,51,Anglophone
17,85,Medium,Medium,Yes,9,74,Yes,1,Medium,Private,2,High School,Near,Male,67,sometimes,Centre,Walk,68,Bilingual
22,83,Medium,Low,Yes,8,86,Yes,3,Medium,Public,4,High School,Near,Male,68,yes,East,Bike,47,Bilingual
26,84,Medium,Medium,No,8,76,Yes,5,Medium,Public,2,High School,Moderate,Male,71,sometimes,South,Private car,180,Francophone
19,82,High,Low,No,9,71,Yes,1,Low,Private,3,College,Near,Female,67,no,North West,Bike,168,Anglophone
26,71,High,Medium,Yes,7,76,Yes,3,Low,Public,2,Postgraduate,Moderate,Male,69,sometimes,North,Bike,61,Anglophone
29,70,Medium,Low,Yes,7,72,Yes,1,Medium,Public,4,College,Near,Male,67,sometimes,East,Walk,76,Bilingual
15,65,Low,High,Yes,8,52,Yes,4,Low,Private,3,High School,Moderate,Female,61,no,Centre,Bike,66,Bilingual
15,94,Medium,Medium,No,7,84,Yes,0,Medium,Public,2,High School,Moderate,Male,68,sometimes,South West,Bus,177,Bilingual
19,85,Low,Low,Yes,8,98,Yes,2,Medium,Private,4,High School,Near,Female,67,yes,Far North,Taxi,89,Anglophone
22,67,Low,Medium,Yes,6,71,Yes,1,Medium,Public,4,College,Moderate,Male,64,yes,East,Taxi,50,Bilingual
17,67,Medium,Medium,Yes,4,71,Yes,3,Medium,Public,2,High School,Moderate,Female,63,no,Littoral,Bus,177,Bilingual
28,95,Low,Medium,No,8,52,Yes,3,High,Public,4,College,Near,Male,72,no,North West,Bus,113,Francophone
23,90,High,Medium,No,5,95,Yes,2,Low,Public,2,High School,Moderate,Male,69,no,North West,Bus,30,Bilingual
20,86,Low,High,No,6,96,Yes,1,High,Public,2,High School,Far,Male,66,sometimes,West,Walk,63,Bilingual
11,76,Medium,Medium,Yes,8,91,Yes,1,High,Private,3,College,Near,Female,64,yes,Centre,Walk,118,Anglophone
12,70,Low,Medium,Yes,8,55,Yes,2,Medium,Public,4,High School,Near,Female,61,yes,South West,Walk,112,Anglophone
22,99,Medium,High,Yes,9,95,Yes,2,Low,Public,4,High School,Near,Male,71,sometimes,Far North,Private car,189,Anglophone
7,92,Low,Medium,Yes,4,51,Yes,0,High,Public,1,High School,Near,Female,63,sometimes,West,Bus,44,Bilingual
26,72,Medium,Low,No,7,72,Yes,2,Medium,Public,4,High School,Near,Female,65,sometimes,Adamawa,Taxi,127,Bilingual
19,94,High,Low,Yes,7,75,Yes,2,High,Public,5,College,Near,Female,71,yes,East,Private car,68,Anglophone
39,90,High,High,No,8,92,Yes,2,Medium,Private,1,High School,Near,Female,78,no,Adamawa,Bus,117,Anglophone
34,72,Medium,High,Yes,9,88,Yes,1,High,Private,3,Postgraduate,Near,Male,73,no,Littoral,Walk,190,Francophone
19,77,Low,Medium,No,5,90,Yes,1,Low,Private,3,College,Near,Female,65,sometimes,Centre,Private car,143,Bilingual
19,67,Low,Medium,Yes,7,93,Yes,0,Medium,Public,4,Postgraduate,Near,Male,66,sometimes,Far North,Taxi,162,Francophone
26,64,High,Low,Yes,8,74,Yes,3,Medium,Public,2,High School,Near,Male,66,sometimes,West,Private car,164,Anglophone
30,89,Medium,Medium,No,6,89,Yes,3,High,Public,3,Postgraduate,Moderate,Male,74,yes,Littoral,Taxi,188,Francophone
10,71,Medium,Low,No,10,53,Yes,4,High,Private,3,High School,Near,Female,62,yes,East,Bike,100,Bilingual
9,93,High,Low,Yes,6,72,Yes,1,Medium,Public,2,College,Near,Female,66,yes,North,Bike,157,Anglophone
16,100,High,High,No,7,52,Yes,4,Low,Public,4,High School,Near,Female,71,yes,West,Taxi,178,Francophone
23,63,High,Medium,Yes,5,96,Yes,2,High,Public,2,High School,Near,Female,67,sometimes,South,Bike,81,Francophone
23,79,High,Low,Yes,7,98,Yes,0,Medium,Public,4,College,Near,Female,69,sometimes,Littoral,Bike,144,Bilingual
26,92,Medium,High,No,4,54,Yes,2,High,Public,4,High School,Moderate,Male,72,no,South West,Bus,28,Anglophone
13,92,High,High,Yes,7,77,Yes,2,High,Public,4,Postgraduate,Near,Male,72,yes,East,Taxi,64,Anglophone
6,90,Medium,Medium,Yes,9,66,Yes,2,Medium,Public,2,High School,Far,Male,65,yes,South West,Walk,40,Francophone
25,74,High,High,No,5,67,Yes,1,Medium,Public,5,Postgraduate,Near,Male,71,sometimes,West,Bus,140,Bilingual
15,78,Medium,Medium,No,5,73,Yes,0,High,Private,1,College,Near,Male,64,no,Far North,Private car,122,Francophone
8,84,Medium,Low,Yes,9,56,Yes,1,Low,Public,2,High School,Moderate,Male,61,yes,Far North,Taxi,34,Bilingual
21,99,Medium,Low,Yes,9,59,Yes,1,High,Public,2,College,Moderate,Female,69,no,Adamawa,Bike,49,Anglophone
25,73,Low,Medium,Yes,5,79,Yes,1,Low,Private,5,High School,Moderate,Female,65,sometimes,North West,Taxi,120,Bilingual
19,97,Medium,Low,Yes,10,51,Yes,3,Low,Public,4,College,Far,Female,69,yes,East,Walk,185,Francophone
17,71,Medium,Medium,No,8,80,Yes,2,High,Public,3,High School,Near,Female,64,sometimes,South West,Walk,68,Bilingual
19,100,Medium,Low,Yes,9,66,Yes,1,High,Public,4,Postgraduate,Moderate,Male,69,sometimes,Far North,Private car,144,Anglophone
18,87,Medium,Medium,Yes,6,92,Yes,1,Low,Private,4,High School,Near,Female,68,no,West,Taxi,94,Francophone
12,79,Medium,Low,No,9,80,Yes,1,High,Public,2,College,Moderate,Male,63,sometimes,Littoral,Private car,76,Anglophone
16,85,Low,Medium,No,7,85,Yes,1,Medium,Public,2,High School,Near,Male,66,no,Littoral,Bus,69,Francophone
23,71,Medium,Medium,No,7,56,Yes,1,Medium,Private,4,,Near,Female,65,no,Littoral,Taxi,85,Bilingual
22,71,High,Medium,Yes,8,63,Yes,2,Medium,Public,2,High School,Moderate,Male,66,sometimes,East,Private car,149,Bilingual
21,65,Medium,Medium,No,6,100,Yes,3,Medium,Public,4,Postgraduate,Near,Male,67,no,Adamawa,Private car,177,Anglophone
14,65,Medium,High,Yes,5,72,Yes,3,Low,Private,2,High School,Near,Male,62,no,North,Bike,97,Francophone
19,74,Medium,High,Yes,7,68,Yes,2,Low,Public,2,High School,Near,Female,66,no,East,Bike,115,Francophone
7,91,High,Medium,No,7,94,No,3,High,Public,3,Postgraduate,Moderate,Female,68,sometimes,East,Bike,101,Anglophone
21,84,Medium,Medium,Yes,6,52,Yes,2,High,Public,5,High School,Moderate,Male,68,sometimes,South,Bus,42,Anglophone
29,64,Low,Medium,No,9,77,Yes,0,Low,Public,2,High School,Moderate,Female,63,yes,North,Taxi,118,Anglophone
11,94,High,Low,Yes,10,61,Yes,1,Medium,Public,3,College,Moderate,Male,66,yes,South,Bike,185,Bilingual
16,84,High,Low,No,6,68,No,3,Medium,Private,3,,Near,Male,65,yes,East,Bus,104,Anglophone
22,98,High,Medium,Yes,7,60,Yes,1,High,Public,1,High School,Near,Male,72,yes,North West,Bus,153,Francophone
28,87,Medium,Medium,No,6,52,Yes,4,Low,Private,3,Postgraduate,Near,Female,70,yes,South,Private car,152,Francophone
17,67,High,Low,No,10,71,Yes,1,Medium,Public,3,High School,Near,Male,63,no,South,Taxi,59,Francophone
16,79,Medium,Medium,No,8,89,Yes,0,Low,Private,4,High School,Near,Male,65,yes,Far North,Bus,120,Bilingual
8,86,High,Low,Yes,8,98,Yes,1,Low,Private,1,College,Near,Male,65,sometimes,South West,Bus,74,Francophone
21,61,High,High,No,9,81,Yes,1,Medium,Private,3,Postgraduate,Near,Male,66,sometimes,Littoral,Bike,186,Bilingual
32,61,High,Medium,Yes,7,69,Yes,0,High,Public,3,High School,Moderate,Female,68,yes,North West,Bus,122,Francophone
22,65,Medium,Low,Yes,7,88,No,2,Medium,Public,4,College,Near,Male,64,sometimes,South,Bike,36,Bilingual
20,70,High,Medium,No,9,75,Yes,3,Medium,Public,4,College,Moderate,Male,66,sometimes,East,Bus,108,Anglophone
22,77,Low,Medium,Yes,8,68,Yes,3,High,Public,4,High School,Moderate,Male,68,no,East,Bike,170,Francophone
20,79,Low,Medium,Yes,6,59,Yes,0,Low,Public,2,High School,Moderate,Male,64,yes,West,Bus,120,Anglophone
15,66,Medium,Medium,No,6,90,Yes,2,Medium,Public,3,College,Far,Female,62,no,North,Bike,109,Anglophone
25,87,Medium,Medium,Yes,6,75,No,0,Low,Private,2,High School,Near,Male,67,no,South,Bike,123,Anglophone
21,84,Low,High,No,9,98,Yes,1,Low,Public,3,High School,Moderate,Male,67,no,Far North,Private car,126,Anglophone
20,72,Medium,Medium,No,9,90,Yes,1,Medium,Private,2,Postgraduate,Moderate,Male,65,no,Centre,Bike,111,Bilingual
14,61,Low,Medium,Yes,10,71,No,2,Low,Public,4,High School,Near,Male,59,sometimes,Littoral,Bike,180,Anglophone
28,63,Medium,High,Yes,6,87,Yes,0,Low,Public,2,High School,Moderate,Female,66,yes,East,Bike,174,Francophone
24,76,High,Low,No,7,73,Yes,4,Medium,Public,2,High School,Near,Female,68,no,South,Bus,79,Bilingual
17,66,High,Medium,No,6,54,Yes,2,High,Public,3,High School,Near,Female,63,sometimes,Adamawa,Private car,63,Anglophone
26,75,Medium,Low,Yes,7,76,Yes,2,Medium,Public,3,College,Near,Male,68,sometimes,North,Taxi,35,Bilingual
17,85,High,Low,Yes,8,93,Yes,2,Medium,Public,3,College,Far,Female,68,yes,South,Walk,179,Francophone
15,82,Medium,Medium,Yes,7,93,Yes,3,Low,Public,2,High School,Moderate,Female,66,yes,Littoral,Walk,174,Francophone
15,69,High,Low,No,9,79,Yes,1,Medium,Private,2,High School,Moderate,Female,63,yes,Centre,Bus,167,Francophone
9,74,Medium,Low,No,6,69,Yes,3,Low,Private,2,,Moderate,Female,61,sometimes,South,Taxi,97,Bilingual
23,85,High,Medium,Yes,8,51,Yes,0,High,Public,4,College,Near,Female,68,no,Adamawa,Walk,108,Francophone
9,94,High,Low,No,6,66,Yes,0,Low,Public,3,College,Near,Male,66,sometimes,South West,Private car,145,Bilingual
13,90,Medium,High,No,4,99,Yes,1,High,Public,4,College,Moderate,Male,69,sometimes,South West,Walk,119,Anglophone
8,82,Medium,High,Yes,5,86,No,0,Low,Public,3,Postgraduate,Near,Female,64,no,West,Private car,113,Bilingual
19,74,Medium,Medium,No,7,86,Yes,1,High,Private,3,Postgraduate,Near,Male,68,sometimes,Centre,Bus,199,Bilingual
19,75,Medium,High,No,10,88,Yes,0,Low,Public,2,High School,Near,Female,66,sometimes,South West,Bike,197,Bilingual
18,95,Medium,Medium,No,6,81,Yes,0,Low,Public,3,High School,Near,Female,68,yes,Littoral,Taxi,168,Bilingual
14,62,Medium,High,Yes,7,79,Yes,2,Medium,Private,2,High School,Moderate,Female,62,yes,North West,Bike,152,Bilingual
13,100,Medium,Low,Yes,8,73,Yes,1,Low,Public,3,Postgraduate,Near,Male,68,no,Centre,Private car,181,Anglophone
23,87,Medium,High,No,6,72,Yes,1,Low,Private,3,College,Moderate,Male,69,no,North West,Bike,110,Anglophone
17,87,High,High,Yes,6,94,Yes,2,Low,Private,3,High School,Moderate,Male,70,no,North,Walk,157,Anglophone
22,62,High,Medium,Yes,7,70,Yes,4,Low,Public,2,College,Near,Female,65,no,North West,Walk,51,Francophone
15,84,Low,Medium,Yes,6,92,Yes,3,Medium,Public,3,College,Near,Female,68,yes,South West,Taxi,53,Anglophone
21,79,Medium,High,No,4,92,Yes,0,Low,Public,2,Postgraduate,Near,Female,67,sometimes,South West,Private car,184,Francophone
28,64,Low,Medium,Yes,6,89,Yes,0,Low,Public,4,College,Far,Male,64,yes,Littoral,Bike,30,Bilingual
24,71,Low,Medium,No,8,52,No,2,Medium,Public,3,College,,Female,63,yes,South West,Walk,77,Bilingual
18,96,Medium,Low,Yes,8,57,Yes,1,Medium,Public,2,High School,Near,Female,67,sometimes,North,Bike,191,Bilingual
22,82,High,Low,No,9,66,Yes,1,Low,Private,3,High School,Moderate,Male,66,no,West,Bus,91,Anglophone
19,77,High,Low,Yes,9,92,Yes,2,Low,Public,4,High School,Near,Female,67,sometimes,Adamawa,Bus,180,Bilingual
20,63,Medium,Medium,Yes,6,94,No,2,Medium,Public,3,High School,Far,Female,63,yes,Littoral,Bike,23,Francophone
18,89,Medium,Medium,Yes,6,52,Yes,3,High,Public,3,High School,Moderate,Female,69,yes,Far North,Bus,115,Francophone
19,88,High,High,No,6,66,Yes,3,Medium,Public,2,High School,Near,Female,70,no,Littoral,Bike,77,Bilingual
21,85,High,Medium,Yes,7,93,Yes,0,High,Public,4,High School,Moderate,Male,70,no,North West,Bus,63,Bilingual
14,80,High,Medium,No,6,62,Yes,0,High,Private,2,Postgraduate,Near,Male,65,no,West,Bike,92,Francophone
14,77,Low,Low,No,7,99,Yes,2,Medium,Public,2,Postgraduate,Moderate,Female,64,yes,North West,Bus,92,Francophone
12,84,Medium,High,Yes,6,74,Yes,1,Medium,Public,3,College,Moderate,Female,67,no,Adamawa,Bike,42,Bilingual
10,69,Low,Medium,No,8,97,Yes,1,Medium,Private,3,High School,Near,Female,61,no,Adamawa,Bike,189,Anglophone
13,98,Medium,High,Yes,6,71,Yes,1,Low,Private,1,College,Near,Female,70,no,South,Bike,151,Anglophone
21,84,High,Low,No,6,66,Yes,2,High,Private,4,College,Far,Male,68,no,East,Private car,179,Anglophone
15,72,Medium,Medium,Yes,8,68,Yes,0,Medium,Public,2,High School,Near,Female,64,sometimes,South,Bike,151,Francophone
23,78,High,Medium,No,8,94,Yes,1,High,Private,2,High School,Moderate,Male,68,sometimes,Littoral,Taxi,58,Bilingual
20,92,Medium,Low,No,7,67,Yes,1,Medium,Public,5,High School,Near,Male,68,sometimes,North,Private car,73,Anglophone
8,66,High,High,Yes,8,83,Yes,0,Low,Private,4,College,,Male,63,yes,Adamawa,Private car,66,Bilingual
24,72,Low,Medium,Yes,8,73,Yes,1,Low,Public,2,College,Moderate,Female,65,no,East,Taxi,199,Bilingual
25,87,Low,Medium,Yes,10,97,Yes,4,Low,Private,3,High School,Near,Female,69,sometimes,Adamawa,Taxi,184,Anglophone
14,73,Medium,High,No,8,58,Yes,2,Low,Public,2,College,Moderate,Male,63,no,North,Bike,38,Francophone
23,92,Low,Medium,Yes,10,71,Yes,1,Low,Public,3,College,Near,Male,69,yes,Centre,Private car,63,Bilingual
15,65,High,Low,Yes,7,56,No,3,High,Private,3,High School,Near,Female,61,no,Centre,Private car,169,Anglophone
21,91,Low,High,Yes,9,79,Yes,2,Low,Private,3,College,Far,Female,69,yes,Centre,Taxi,22,Francophone
12,63,High,Medium,No,9,70,Yes,1,High,Public,3,College,Near,Female,62,yes,North,Bike,63,Bilingual
9,61,Low,High,Yes,7,53,Yes,0,Medium,Public,2,Postgraduate,Far,Male,58,yes,North West,Walk,125,Bilingual
18,96,Medium,High,Yes,6,92,Yes,2,Medium,Public,3,High School,Far,Male,71,yes,North,Taxi,135,Bilingual
19,83,High,Low,No,6,69,Yes,5,Medium,Private,2,Postgraduate,Far,Male,69,yes,West,Taxi,61,Anglophone
18,74,High,Medium,No,8,75,Yes,1,High,Public,3,Postgraduate,Moderate,Male,68,no,North,Bus,92,Anglophone
13,69,Medium,Low,No,5,70,Yes,0,Medium,Private,2,College,Near,Male,61,yes,East,Taxi,54,Anglophone
18,85,High,Medium,Yes,6,74,Yes,3,Low,Private,2,College,Far,Male,67,no,Far North,Private car,180,Francophone
22,80,Medium,High,Yes,9,51,Yes,2,Medium,Public,3,Postgraduate,Near,Male,68,yes,South West,Private car,133,Anglophone
20,100,Medium,Medium,Yes,8,91,Yes,3,Low,Public,3,High School,Near,Male,72,yes,North West,Bike,130,Francophone
21,99,High,Low,Yes,4,67,Yes,1,Medium,Private,4,College,Near,Female,71,yes,South West,Taxi,55,Anglophone
16,85,Medium,Medium,Yes,5,86,No,3,Medium,Public,2,High School,Near,Male,67,sometimes,North West,Taxi,78,Francophone
27,78,Medium,Medium,No,10,53,Yes,3,Medium,Private,4,Postgraduate,Moderate,Male,68,yes,Littoral,Taxi,176,Francophone
13,80,Medium,Medium,No,9,76,Yes,0,High,Public,2,High School,Near,Female,64,no,Adamawa,Bike,166,Bilingual
23,87,Medium,High,No,6,95,Yes,3,High,Private,0,High School,Near,Female,73,no,West,Taxi,133,Anglophone
27,64,Low,Medium,Yes,5,70,Yes,0,Low,Public,4,High School,Near,Female,65,no,North West,Private car,53,Anglophone
23,73,Low,High,No,5,60,Yes,1,Medium,Private,2,Postgraduate,Near,Female,67,no,Littoral,Bike,129,Bilingual
19,63,High,Medium,Yes,8,55,Yes,0,Medium,Private,4,College,Moderate,Female,63,sometimes,South,Bike,181,Bilingual
17,63,Medium,Medium,Yes,10,93,Yes,0,Low,Public,2,Postgraduate,Near,Female,63,yes,South,Taxi,100,Bilingual
26,68,Medium,Medium,Yes,10,62,Yes,4,Medium,Public,2,Postgraduate,Near,Female,69,yes,North West,Walk,107,Francophone
11,79,High,High,Yes,5,99,Yes,1,High,Public,3,High School,Near,Female,68,yes,Far North,Walk,62,Anglophone
14,91,Medium,Medium,Yes,7,62,Yes,2,Low,Public,2,College,Near,Male,68,sometimes,North West,Bus,69,Francophone
18,79,High,High,Yes,6,74,Yes,3,Low,Public,4,High School,Near,Male,69,no,South,Private car,71,Bilingual
27,73,High,High,Yes,7,73,Yes,5,High,Public,3,High School,Near,Female,73,sometimes,Far North,Taxi,179,Francophone
22,63,High,High,Yes,5,53,Yes,3,Low,Public,2,High School,Near,Male,66,no,West,Taxi,151,Francophone
14,82,Medium,Medium,Yes,6,77,Yes,3,Medium,Public,3,College,Near,Female,68,no,North,Taxi,171,Bilingual
18,71,Medium,Medium,No,6,84,Yes,2,Medium,Public,2,Postgraduate,Near,Male,65,no,East,Bus,121,Bilingual
16,85,Medium,Medium,No,8,87,Yes,4,Low,Private,3,High School,Far,Male,67,yes,North West,Bus,155,Francophone
16,99,Medium,Medium,No,6,76,Yes,2,Medium,Private,4,College,Near,Female,70,no,South West,Walk,168,Bilingual
26,64,Medium,High,No,6,91,Yes,1,Low,Private,4,High School,Moderate,Male,66,no,Far North,Walk,165,Bilingual
12,68,Medium,High,No,8,88,Yes,3,Low,Public,3,Postgraduate,Moderate,Female,64,yes,South West,Bike,142,Anglophone
30,79,Medium,High,No,9,60,Yes,1,Low,Public,3,High School,Near,Female,69,no,Littoral,Taxi,154,Bilingual
25,99,Low,Medium,No,10,70,Yes,1,Medium,Public,5,College,Far,Female,71,sometimes,Littoral,Bike,33,Anglophone
27,91,Medium,Low,No,8,57,Yes,0,Low,Private,4,Postgraduate,Moderate,Male,68,yes,South West,Taxi,105,Anglophone
17,96,High,Medium,No,7,57,Yes,2,Medium,Private,3,College,Moderate,Female,68,sometimes,South,Bike,51,Bilingual
19,73,Low,Medium,Yes,9,86,Yes,0,Medium,Public,3,College,Near,Female,66,yes,South West,Bike,35,Francophone
11,100,Low,High,No,9,77,Yes,2,Medium,Public,3,Postgraduate,Near,Female,70,no,Centre,Bus,31,Francophone
17,64,Medium,High,No,8,80,Yes,0,High,Public,2,Postgraduate,Near,Female,65,sometimes,West,Private car,69,Bilingual
23,62,Medium,Low,Yes,5,87,Yes,1,Medium,Public,4,High School,Near,Female,63,yes,West,Taxi,120,Francophone
28,94,Low,Medium,Yes,9,64,Yes,0,Medium,Public,3,High School,Moderate,Female,70,yes,South West,Bus,175,Francophone
13,97,Low,Medium,Yes,8,70,Yes,0,High,Private,2,Postgraduate,Moderate,Female,67,no,South West,Bike,34,Bilingual
18,64,Medium,Medium,No,6,80,Yes,1,Medium,Public,5,High School,Near,Male,63,no,Littoral,Taxi,52,Anglophone
19,65,High,Medium,No,6,55,Yes,1,Low,Public,3,Postgraduate,Moderate,Male,64,no,Adamawa,Bus,87,Francophone
12,61,Low,Medium,Yes,8,92,Yes,2,High,Public,4,High School,Moderate,Male,60,no,North,Private car,46,Anglophone
24,64,Medium,Medium,Yes,4,67,Yes,0,Low,Public,1,High School,Near,Male,62,sometimes,East,Taxi,117,Bilingual
16,68,Medium,High,No,7,83,Yes,2,Low,Public,2,High School,Near,Female,65,no,Adamawa,Bus,136,Bilingual
19,99,Low,Low,No,6,100,Yes,0,High,Private,3,Postgraduate,Near,Male,69,sometimes,South,Taxi,197,Francophone
17,87,Medium,High,Yes,6,74,Yes,1,Low,Private,3,College,Moderate,Female,68,no,Far North,Walk,30,Bilingual
15,91,Medium,Medium,No,6,61,No,1,Medium,Public,2,High School,Moderate,Male,66,sometimes,Adamawa,Bike,24,Anglophone
20,91,High,High,Yes,5,61,Yes,4,Low,Public,2,Postgraduate,Near,Male,72,no,North West,Bike,35,Francophone
19,81,Medium,High,Yes,9,53,Yes,2,High,Public,3,High School,Near,Male,68,no,South West,Bike,46,Anglophone
18,92,Medium,Medium,No,4,88,Yes,3,High,Public,2,High School,Moderate,Male,69,sometimes,East,Private car,106,Bilingual
16,84,Medium,Medium,No,7,65,Yes,1,High,Public,3,High School,Moderate,Male,65,sometimes,South,Private car,72,Francophone
22,73,High,Medium,Yes,6,59,Yes,0,Low,Public,1,High School,Near,Male,65,yes,Far North,Walk,79,Bilingual
30,82,Low,Medium,Yes,10,86,Yes,2,Low,Public,4,High School,Near,Female,70,yes,South,Walk,83,Francophone
21,81,Medium,Low,Yes,7,65,Yes,1,Medium,Public,2,College,Moderate,Male,67,yes,Littoral,Taxi,116,Francophone
26,93,High,Medium,No,4,80,Yes,4,Low,Private,3,College,Near,Male,73,sometimes,West,Taxi,61,Francophone
12,99,High,High,No,8,71,Yes,2,Medium,Public,2,College,Near,Female,70,yes,South,Walk,161,Francophone
21,76,Medium,Medium,Yes,5,67,Yes,1,High,Private,3,High School,Moderate,Male,66,no,Littoral,Walk,192,Francophone
13,91,Medium,Medium,Yes,8,74,Yes,1,Low,Private,1,Postgraduate,Near,Male,68,sometimes,North,Bike,89,Bilingual
11,64,Medium,Medium,Yes,8,66,Yes,2,Low,Public,2,College,Moderate,Male,61,no,Far North,Taxi,177,Anglophone
16,91,Medium,High,No,9,94,Yes,0,High,Public,3,Postgraduate,Near,Male,70,no,North West,Walk,194,Anglophone
27,75,Medium,Low,Yes,7,54,Yes,2,Medium,Public,3,Postgraduate,Near,Female,66,sometimes,South,Taxi,48,Bilingual
26,62,High,Medium,Yes,8,52,Yes,4,Low,Public,5,College,Near,Male,67,sometimes,North West,Private car,23,Francophone
21,75,High,High,No,7,70,Yes,1,Medium,Private,3,Postgraduate,Near,Female,69,no,North West,Bus,163,Bilingual
11,84,Medium,Low,Yes,6,59,Yes,2,Medium,Public,3,High School,Near,Female,64,yes,North West,Taxi,169,Francophone
19,65,High,Medium,Yes,9,87,Yes,0,High,Public,2,College,Moderate,Male,65,no,Far North,Bike,190,Anglophone
22,97,High,Medium,Yes,5,68,Yes,7,Medium,Private,5,College,Near,Female,75,yes,East,Private car,128,Anglophone
21,63,High,Medium,No,7,63,Yes,2,Medium,Public,2,High School,Far,Male,63,no,Adamawa,Bus,25,Bilingual
9,97,High,Medium,No,6,68,Yes,5,Medium,Private,3,College,Near,Male,69,sometimes,North,Bike,65,Anglophone
15,88,Medium,High,Yes,8,61,Yes,2,Medium,Public,4,High School,Near,Male,68,no,West,Walk,177,Bilingual
20,73,Medium,Low,Yes,6,65,Yes,2,High,Private,2,College,Near,Male,66,sometimes,Centre,Bus,90,Anglophone
23,76,Low,Medium,Yes,6,78,Yes,2,High,Public,2,High School,Moderate,Female,66,sometimes,Centre,Walk,122,Anglophone
7,90,Low,Medium,Yes,7,93,Yes,4,Medium,Public,3,College,Near,Male,66,yes,West,Bike,198,Anglophone
19,84,Medium,Medium,Yes,9,69,Yes,2,Medium,Public,4,College,Near,Female,68,no,Far North,Walk,188,Anglophone
21,87,Low,Medium,Yes,6,66,Yes,1,Low,Public,2,High School,Moderate,Female,65,yes,Far North,Bus,185,Anglophone
25,76,Medium,High,No,6,89,Yes,3,Low,Public,3,College,Near,Male,70,sometimes,Far North,Taxi,103,Bilingual
24,80,Medium,High,No,5,51,Yes,3,High,Public,2,High School,Near,Female,68,no,North,Bike,31,Francophone
23,100,Medium,Medium,No,6,65,Yes,1,Medium,Public,2,High School,Near,Female,70,yes,South,Walk,80,Francophone
15,69,Low,Medium,No,8,73,Yes,2,Medium,Public,2,High School,Moderate,Male,61,sometimes,Adamawa,Bike,171,Anglophone
9,77,Low,Low,No,7,80,Yes,3,Medium,Public,3,High School,Near,Male,61,sometimes,South West,Bus,120,Bilingual
18,72,Low,High,No,7,58,Yes,6,Low,Public,0,High School,Moderate,Male,64,no,West,Private car,73,Bilingual
26,91,Low,Medium,No,10,72,Yes,4,High,Public,3,College,Moderate,Male,71,sometimes,Littoral,Walk,193,Francophone
28,91,High,Medium,Yes,4,78,Yes,1,Medium,Public,3,High School,Moderate,Male,72,no,Centre,Walk,99,Bilingual
24,72,Medium,High,Yes,10,76,No,1,Low,Public,3,High School,Near,Male,66,no,South West,Taxi,21,Bilingual
23,63,Medium,Medium,Yes,9,79,Yes,0,Low,Private,4,High School,Far,Female,63,sometimes,South,Private car,85,Bilingual
22,60,Low,Low,No,7,83,No,3,Medium,Public,1,College,Near,Female,62,sometimes,South West,Walk,24,Anglophone
17,77,Medium,Medium,Yes,8,69,Yes,3,High,Public,3,,Near,Male,65,sometimes,West,Bike,101,Francophone
19,76,Medium,Medium,Yes,6,53,Yes,2,Medium,Public,5,High School,Near,Male,66,no,West,Bus,173,Francophone
30,100,Low,High,No,7,53,Yes,2,Low,Private,3,High School,Moderate,Male,72,no,South West,Bus,173,Bilingual
14,79,High,Medium,Yes,10,93,Yes,2,Medium,Public,3,College,Near,Male,68,no,West,Bike,47,Bilingual
30,70,High,Low,No,6,84,Yes,2,Medium,Public,3,Postgraduate,Near,Male,70,yes,Littoral,Bike,110,Anglophone
18,96,Medium,Medium,Yes,7,88,Yes,1,Medium,Private,3,High School,Moderate,Female,70,no,Littoral,Bike,147,Francophone
28,80,Medium,High,No,6,96,Yes,2,Low,Public,6,High School,Near,Male,73,no,South,Taxi,156,Bilingual
12,84,Medium,High,No,6,88,No,2,High,Public,2,High School,Near,Male,67,sometimes,Adamawa,Walk,189,Bilingual
24,64,Medium,Low,No,6,85,Yes,3,Medium,Public,2,Postgraduate,Moderate,Male,65,yes,North,Taxi,50,Francophone
16,75,High,Low,Yes,5,83,Yes,1,Medium,Private,3,College,Moderate,Female,65,no,North,Walk,73,Anglophone
12,98,Low,Medium,No,7,63,Yes,0,High,Private,3,High School,Near,Female,65,yes,North West,Bus,22,Francophone
21,84,Medium,Medium,Yes,7,98,Yes,0,Medium,Public,4,College,Near,Male,70,yes,North West,Bus,145,Francophone
26,74,Medium,Low,Yes,6,77,Yes,3,Medium,Private,2,High School,Far,Male,66,yes,South,Walk,128,Anglophone
15,85,Medium,Medium,Yes,4,61,Yes,0,Medium,Public,1,College,Near,Male,65,yes,North West,Private car,198,Francophone
11,96,High,High,No,7,60,Yes,2,Low,Public,1,High School,Near,Male,68,no,South West,Walk,88,Anglophone
19,71,Medium,Medium,Yes,7,91,Yes,3,High,Public,1,High School,Moderate,Female,66,sometimes,North West,Bike,63,Bilingual
19,80,Low,Medium,Yes,10,63,No,1,Medium,Public,2,College,Near,Female,65,sometimes,South,Taxi,194,Francophone
23,98,Medium,High,Yes,7,52,Yes,2,Low,Private,4,High School,Near,Female,71,no,Far North,Taxi,41,Anglophone
26,67,Low,Medium,Yes,8,71,Yes,2,High,Private,3,High School,Near,Male,65,no,North,Bus,29,Bilingual
20,89,Low,Medium,Yes,6,91,Yes,0,Medium,Private,4,College,Near,Male,70,yes,East,Bus,154,Bilingual
31,85,Medium,Medium,Yes,9,71,Yes,0,Medium,Public,2,College,Moderate,Female,69,yes,Far North,Bus,45,Bilingual
21,87,Medium,Medium,No,6,90,Yes,3,High,Public,4,High School,Near,Male,71,sometimes,South West,Bike,161,Francophone
18,74,Medium,High,Yes,8,91,Yes,0,Medium,Private,2,High School,Near,Female,67,yes,South,Private car,133,Bilingual
10,73,Medium,Medium,Yes,8,93,Yes,3,Low,Public,2,,Moderate,Male,64,sometimes,Littoral,Walk,105,Bilingual
18,87,Low,Low,No,8,79,Yes,1,Low,Public,4,College,Near,Male,82,no,Far North,Private car,110,Bilingual
18,69,Medium,High,Yes,10,85,Yes,2,High,Private,0,College,Moderate,Female,66,yes,North West,Walk,155,Bilingual
26,77,Low,Medium,Yes,6,63,Yes,1,Low,Public,4,High School,Near,Male,66,no,North,Walk,76,Francophone
23,68,High,Medium,Yes,9,55,Yes,1,Medium,Public,3,High School,Moderate,Male,65,no,North,Private car,114,Anglophone
13,60,Medium,Medium,No,9,77,Yes,2,Medium,Private,5,High School,Near,Male,61,sometimes,North,Taxi,148,Bilingual
21,99,Medium,High,No,7,51,Yes,2,Medium,Private,2,Postgraduate,Near,Female,72,yes,East,Private car,67,Francophone
24,77,High,Medium,Yes,10,73,Yes,3,Medium,Public,3,High School,Near,Male,70,no,South West,Taxi,99,Bilingual
29,99,Medium,Medium,Yes,7,55,Yes,0,Medium,Private,3,High School,Moderate,Male,71,sometimes,West,Walk,60,Bilingual
25,66,High,Medium,Yes,7,55,Yes,4,Medium,Public,2,High School,Moderate,Female,84,no,Centre,Private car,61,Bilingual
25,83,High,High,Yes,7,94,Yes,2,Low,Public,3,College,Moderate,Male,72,yes,Centre,Bus,73,Bilingual
20,68,Medium,High,Yes,5,82,No,1,Low,Public,3,Postgraduate,Near,Female,67,yes,West,Private car,103,Bilingual
22,92,High,Low,No,8,82,Yes,2,Medium,Private,5,Postgraduate,Near,Male,72,no,South,Private car,105,Anglophone
27,91,Low,High,Yes,8,70,Yes,1,Medium,Public,6,High School,Moderate,Female,70,yes,North,Private car,127,Bilingual
12,65,Medium,High,No,7,71,Yes,1,Low,Public,4,High School,Moderate,Male,62,yes,Littoral,Bus,53,Bilingual
18,96,High,Medium,Yes,10,65,Yes,3,Medium,Public,2,College,Moderate,Female,71,yes,South West,Taxi,27,Francophone
15,68,Low,Medium,No,6,72,Yes,3,High,Public,3,High School,Near,Female,62,yes,Centre,Taxi,184,Francophone
22,85,Medium,Medium,Yes,4,79,Yes,1,Low,Public,3,High School,Near,Female,68,yes,North West,Bike,171,Anglophone
27,99,High,Medium,No,10,59,Yes,2,Low,Public,3,High School,Near,Male,74,no,South West,Bike,59,Bilingual
16,95,High,High,No,9,63,No,0,Medium,Private,3,High School,Near,Male,68,yes,North,Bike,55,Bilingual
6,98,Medium,Low,No,8,75,Yes,1,High,Public,3,Postgraduate,Far,Female,64,no,North,Walk,67,Bilingual
18,74,High,Medium,Yes,6,69,Yes,0,Low,Public,4,High School,Moderate,Male,65,yes,West,Private car,99,Anglophone
25,64,Medium,Low,Yes,8,91,Yes,1,Low,Public,5,College,Near,Male,66,yes,Littoral,Private car,184,Anglophone
23,68,Medium,High,No,5,91,Yes,5,Low,Public,1,College,Near,Female,68,sometimes,North,Private car,112,Anglophone
23,80,Medium,Medium,No,7,67,Yes,2,Low,Public,4,High School,Near,Male,67,no,West,Bike,106,Francophone
18,92,Medium,Medium,Yes,6,73,Yes,1,Medium,Public,5,High School,Moderate,Female,67,no,West,Bus,156,Francophone
12,66,Medium,High,Yes,7,99,Yes,2,Medium,Public,3,High School,Moderate,Male,63,no,North West,Private car,26,Bilingual
23,86,Medium,High,Yes,8,91,Yes,2,Low,Public,1,College,Near,Female,71,sometimes,South West,Private car,43,Anglophone
15,73,Medium,High,No,5,61,No,1,Low,Private,2,Postgraduate,Moderate,Male,63,no,South West,Taxi,26,Anglophone
33,74,Medium,Low,No,8,64,Yes,0,Medium,Public,3,High School,Near,Male,66,no,North,Bike,183,Anglophone
23,86,High,Medium,No,7,54,Yes,2,Medium,Public,2,High School,Near,Female,67,yes,Littoral,Walk,167,Francophone
17,79,Medium,High,Yes,8,84,Yes,0,Medium,Public,2,High School,Moderate,Male,66,no,Centre,Private car,182,Francophone
16,92,Medium,Medium,Yes,7,66,Yes,2,Medium,Public,4,Postgraduate,Moderate,Female,70,sometimes,South West,Walk,50,Francophone
19,66,High,Medium,No,8,77,No,3,Medium,Public,4,College,Moderate,Female,64,no,Centre,Private car,118,Bilingual
19,92,Medium,Medium,Yes,6,88,Yes,1,High,Public,2,Postgraduate,Near,Male,71,no,South,Taxi,51,Bilingual
27,63,High,High,Yes,4,92,Yes,0,Low,Public,3,College,Near,Female,68,no,Centre,Walk,154,Anglophone
21,68,Low,Medium,Yes,5,66,Yes,2,High,Private,3,High School,Near,Male,64,yes,South West,Bike,129,Francophone
16,86,Medium,Medium,Yes,6,62,Yes,1,Low,Public,4,High School,Near,Female,66,no,South West,Private car,156,Bilingual
31,94,Low,Medium,No,5,92,Yes,1,High,Private,4,High School,Near,Male,72,no,West,Bike,99,Bilingual
20,70,Low,Medium,Yes,9,69,Yes,2,Medium,Public,3,Postgraduate,Near,Female,66,sometimes,North West,Private car,159,Francophone
25,73,Medium,High,Yes,7,91,Yes,0,Medium,Public,4,,Near,Female,70,yes,Adamawa,Bus,185,Anglophone
16,81,Medium,Medium,Yes,8,57,Yes,1,Medium,Private,2,High School,Near,Male,66,no,East,Walk,144,Bilingual
22,68,High,Medium,No,8,96,Yes,1,Medium,Public,3,Postgraduate,Moderate,Female,68,sometimes,Littoral,Private car,91,Francophone
22,92,Medium,Low,Yes,7,74,Yes,2,Medium,Public,4,College,Moderate,Male,70,sometimes,West,Private car,100,Anglophone
9,91,Medium,Medium,No,10,59,Yes,0,Low,Private,2,College,Moderate,Male,64,no,East,Bike,67,Francophone
32,66,High,High,Yes,10,77,Yes,3,Medium,Public,1,College,Near,Male,71,yes,West,Walk,94,Anglophone
28,79,Medium,High,Yes,9,94,Yes,2,Low,Private,5,College,Near,Male,72,no,Centre,Walk,119,Bilingual
18,91,High,Medium,Yes,6,69,Yes,5,Low,Public,2,High School,Near,Male,71,yes,West,Walk,96,Anglophone
13,73,Medium,Low,No,9,59,Yes,0,Medium,Public,4,Postgraduate,Near,Male,63,no,Adamawa,Bus,161,Francophone
22,85,Low,Medium,Yes,4,79,Yes,1,High,Public,2,College,Near,Male,68,sometimes,North,Bus,70,Bilingual
21,62,Medium,Medium,No,9,92,Yes,1,Medium,Private,4,High School,Near,Male,63,sometimes,Littoral,Bus,146,Bilingual
22,84,Medium,Medium,No,4,56,Yes,0,High,Private,2,High School,Moderate,Male,66,sometimes,Adamawa,Bus,63,Francophone
21,66,Medium,Medium,Yes,7,52,Yes,1,Medium,Public,3,High School,Far,Female,63,no,North,Bus,37,Anglophone
23,93,High,High,No,9,53,Yes,1,Low,Private,4,College,Near,Female,72,sometimes,South West,Private car,132,Francophone
29,74,Medium,High,Yes,8,62,Yes,3,Low,Public,3,Postgraduate,Moderate,Male,70,no,South West,Bus,167,Bilingual
23,71,Medium,Medium,Yes,5,50,Yes,1,Low,Public,1,College,Near,Female,65,no,South West,Bike,131,Anglophone
14,94,Medium,High,Yes,7,71,Yes,0,Medium,Private,3,College,Moderate,Female,67,no,North,Private car,48,Bilingual
28,62,Low,High,No,8,85,Yes,2,Low,Public,3,High School,Moderate,Female,66,yes,South West,Bike,176,Anglophone
30,76,Medium,Medium,Yes,7,86,Yes,1,Medium,Public,2,Postgraduate,Far,Male,69,no,North,Walk,83,Bilingual
39,75,Medium,High,Yes,6,82,Yes,1,High,Public,3,College,Near,Male,73,sometimes,East,Bus,112,Anglophone
13,71,Medium,High,Yes,8,65,Yes,2,Medium,Public,4,Postgraduate,Near,Female,66,no,West,Private car,103,Francophone
21,96,Medium,Medium,Yes,9,87,Yes,0,Medium,Public,6,High School,Near,Female,70,sometimes,West,Private car,193,Bilingual
8,90,High,High,No,7,79,Yes,2,Low,Public,4,College,Near,Male,68,sometimes,Far North,Bike,113,Francophone
23,63,Low,Medium,Yes,9,93,Yes,2,Medium,Private,2,High School,Far,Male,65,sometimes,South,Bike,104,Anglophone
17,89,Medium,Medium,No,7,74,Yes,1,Low,Private,2,Postgraduate,Moderate,Female,67,yes,South West,Taxi,114,Anglophone
32,81,High,Medium,No,6,59,Yes,2,High,Public,2,High School,Moderate,Female,71,sometimes,Far North,Private car,148,Bilingual
15,96,High,High,No,9,82,Yes,2,Low,Private,3,High School,Near,Female,70,sometimes,Centre,Private car,198,Anglophone
10,73,Medium,Low,Yes,9,58,Yes,5,Low,Private,3,High School,Moderate,Male,61,yes,Far North,Bike,29,Anglophone
17,83,High,Medium,Yes,6,98,Yes,0,Medium,Public,3,High School,Near,Male,69,yes,South West,Walk,96,Bilingual
8,80,Low,Medium,Yes,6,85,Yes,1,Low,Public,3,Postgraduate,Near,Male,63,no,North,Taxi,26,Anglophone
25,80,Medium,Medium,Yes,10,88,Yes,0,Low,Private,2,College,Moderate,Male,67,sometimes,South,Bike,125,Francophone
8,78,High,Medium,Yes,7,84,Yes,0,Medium,Public,2,College,Near,Male,65,sometimes,Adamawa,Bike,48,Bilingual
20,68,High,Medium,Yes,7,55,Yes,0,Low,Public,3,High School,Near,Female,63,sometimes,East,Walk,58,Francophone
8,90,Medium,Medium,No,7,73,Yes,3,High,Private,4,Postgraduate,Near,Male,67,yes,Centre,Walk,116,Francophone
18,78,Low,High,Yes,9,83,Yes,2,Low,Private,2,Postgraduate,Moderate,Female,66,no,South West,Walk,40,Francophone
30,98,Low,Medium,Yes,10,61,Yes,0,Low,Public,3,Postgraduate,Moderate,Male,72,sometimes,Far North,Bus,162,Francophone
22,70,Medium,High,No,7,84,Yes,3,Low,Public,5,High School,Near,Male,68,sometimes,West,Taxi,110,Anglophone
15,87,High,Medium,Yes,10,91,Yes,1,Low,Public,4,High School,Moderate,Male,67,sometimes,South,Bus,75,Francophone
20,98,Medium,Medium,Yes,6,64,Yes,1,High,Private,3,Postgraduate,Moderate,Male,72,no,South West,Private car,123,Francophone
20,87,Medium,High,Yes,7,60,Yes,0,Low,Public,2,High School,Far,Female,66,sometimes,West,Taxi,199,Bilingual
23,95,Medium,Medium,Yes,8,94,Yes,1,Medium,Public,4,High School,Near,Male,73,yes,West,Private car,135,Bilingual
12,93,High,High,Yes,6,50,Yes,4,High,Public,3,Postgraduate,Moderate,Male,71,sometimes,Centre,Bike,100,Anglophone
24,74,Low,Low,Yes,8,63,Yes,1,Low,Public,3,High School,Moderate,Male,65,yes,Far North,Taxi,149,Francophone
4,84,Medium,Medium,Yes,6,70,Yes,5,Medium,Private,4,High School,Near,Male,65,no,Far North,Taxi,59,Francophone
16,66,High,Medium,Yes,5,84,Yes,2,Medium,Private,3,High School,Near,Female,65,no,South West,Private car,169,Bilingual
17,81,Medium,Medium,Yes,4,100,Yes,2,Medium,Private,2,College,Near,Male,68,sometimes,East,Bike,117,Bilingual
24,69,High,Medium,No,7,69,No,7,High,Public,3,College,Near,Female,70,yes,Adamawa,Taxi,172,Francophone
20,90,Medium,Low,Yes,8,97,Yes,1,Medium,Private,2,High School,Near,Female,68,yes,South,Taxi,21,Anglophone
12,81,Low,Medium,Yes,5,68,Yes,0,Low,Private,2,High School,Near,Male,62,yes,South West,Bus,82,Bilingual
14,76,Medium,Medium,No,7,85,Yes,3,Low,Private,3,College,Near,Male,66,sometimes,Centre,Private car,94,Bilingual
21,71,Medium,Medium,No,7,58,Yes,3,Low,Public,5,College,Near,Female,65,yes,West,Walk,28,Bilingual
20,100,Medium,Medium,Yes,7,73,Yes,1,Low,Public,4,College,Near,Female,71,sometimes,East,Bus,116,Anglophone
17,63,Medium,Medium,No,6,94,Yes,0,Medium,Public,2,High School,Moderate,Male,61,yes,Far North,Bike,127,Bilingual
17,62,Medium,Medium,No,7,66,Yes,2,High,Public,4,High School,Moderate,Male,63,sometimes,South,Private car,86,Francophone
24,69,Medium,High,Yes,7,55,Yes,3,Medium,Public,4,High School,Near,Male,67,no,South West,Bus,50,Bilingual
17,99,Medium,Medium,No,8,76,No,2,High,Public,4,Postgraduate,Near,Male,70,sometimes,Far North,Private car,71,Francophone
19,99,Medium,Medium,Yes,5,72,Yes,3,Medium,Private,4,Postgraduate,Near,Male,73,yes,North,Private car,79,Anglophone
33,86,Medium,Medium,No,7,61,Yes,1,High,Public,3,High School,Near,Male,72,sometimes,Littoral,Bus,82,Francophone
11,95,Medium,Medium,Yes,5,95,Yes,1,Low,Public,3,Postgraduate,Near,Male,69,yes,Adamawa,Bus,48,Bilingual
9,69,Low,Medium,Yes,7,80,Yes,1,Medium,Private,3,College,Moderate,Male,61,yes,North West,Private car,28,Bilingual
25,99,Medium,Medium,No,5,67,Yes,1,Low,Public,3,,Near,Male,71,sometimes,East,Bus,194,Francophone
16,66,Medium,Medium,Yes,6,100,Yes,1,Medium,Public,3,High School,Moderate,Female,64,no,East,Walk,172,Bilingual
18,64,Low,Medium,Yes,7,57,Yes,1,High,Public,3,High School,Moderate,Male,61,yes,North,Bus,62,Anglophone
15,64,Medium,Medium,No,6,92,Yes,3,Low,Public,4,College,Near,Female,63,no,North West,Bus,152,Anglophone
18,83,Medium,Low,Yes,9,62,Yes,2,Low,Public,2,High School,Near,Male,65,sometimes,North,Private car,126,Francophone
30,91,High,Medium,No,9,62,Yes,3,Low,Public,4,Postgraduate,Near,Female,73,sometimes,Adamawa,Bike,185,Anglophone
25,75,Medium,Low,Yes,8,75,Yes,2,High,Private,4,Postgraduate,Near,Male,68,yes,Adamawa,Bike,160,Anglophone
25,99,Medium,Medium,No,8,83,Yes,1,Medium,Public,2,College,Near,Female,72,no,Centre,Taxi,48,Francophone
12,77,Low,Low,Yes,7,85,Yes,1,Medium,Public,3,College,Far,Male,62,yes,Centre,Bus,123,Bilingual
13,66,High,Medium,Yes,9,51,Yes,3,Medium,Private,2,Postgraduate,Moderate,Male,63,no,South,Private car,110,Anglophone
3,79,Low,Medium,Yes,7,64,Yes,0,Medium,Public,3,Postgraduate,Far,Female,58,sometimes,Littoral,Walk,117,Francophone
15,87,Medium,Medium,No,10,83,Yes,1,High,Private,3,High School,Near,Male,68,sometimes,North,Bike,25,Francophone
26,93,High,High,Yes,6,94,Yes,1,Medium,Public,2,High School,Near,Female,74,no,West,Bike,52,Anglophone
23,78,Medium,Medium,Yes,5,83,Yes,1,Medium,Public,3,High School,Near,Male,68,sometimes,South West,Private car,117,Anglophone
19,84,Medium,Medium,Yes,5,63,Yes,1,High,Private,2,High School,Near,Male,67,sometimes,East,Private car,20,Bilingual
20,71,Medium,Medium,Yes,5,75,Yes,0,Medium,Private,4,High School,Near,Male,65,yes,South,Private car,191,Anglophone
16,86,Low,Low,Yes,5,82,Yes,0,Low,Public,4,High School,Moderate,Female,63,no,West,Walk,164,Bilingual
21,99,Medium,Low,No,7,57,Yes,2,Medium,Public,2,Postgraduate,Near,Male,71,sometimes,Far North,Taxi,73,Anglophone
25,62,Medium,Low,Yes,8,77,Yes,0,Medium,Public,4,College,Far,Female,62,no,North West,Walk,80,Bilingual
10,95,High,Low,Yes,7,74,Yes,2,Low,Public,3,High School,Far,Male,66,sometimes,North West,Bus,98,Anglophone
22,82,Low,Medium,No,5,67,Yes,1,Low,Private,1,Postgraduate,Near,Female,65,no,Littoral,Bike,59,Bilingual
26,70,High,Medium,No,6,81,Yes,0,Low,Public,3,High School,Moderate,Male,66,no,Centre,Bike,194,Anglophone
18,98,High,Low,No,8,82,Yes,3,Medium,Public,3,College,Near,Male,71,no,West,Walk,117,Francophone
24,79,Low,High,No,6,99,No,2,Low,Public,3,High School,Near,Male,68,no,Adamawa,Bus,83,Francophone
37,73,Medium,High,Yes,6,71,Yes,0,High,Public,5,High School,Moderate,Male,72,no,South,Bike,29,Francophone
19,67,Medium,High,No,5,77,Yes,1,Medium,Private,4,Postgraduate,Near,Male,66,sometimes,Far North,Walk,141,Anglophone
22,70,Medium,Low,Yes,6,58,Yes,4,High,Public,2,Postgraduate,Moderate,Male,66,no,North West,Bike,71,Francophone
16,93,Low,High,No,6,77,Yes,2,Low,Public,1,High School,Moderate,Male,67,yes,South,Bus,174,Bilingual
21,85,Low,High,Yes,7,52,Yes,5,High,Public,3,Postgraduate,Moderate,Male,71,yes,Littoral,Bike,114,Anglophone
23,97,High,High,Yes,8,57,No,2,High,Public,1,Postgraduate,Far,Male,72,no,West,Private car,193,Bilingual
21,69,Low,Medium,No,7,59,Yes,3,Low,Public,3,Postgraduate,Near,Male,64,sometimes,Far North,Walk,168,Francophone
14,65,Low,High,No,7,82,Yes,1,Low,Public,3,High School,Near,Male,60,no,North West,Taxi,134,Francophone
21,60,High,Low,No,8,78,Yes,2,Medium,Public,2,High School,Near,Female,64,no,North,Bus,150,Anglophone
29,80,Medium,Low,Yes,5,90,Yes,2,Medium,Public,1,College,Near,Female,70,yes,East,Bike,151,Francophone
23,100,Medium,Low,Yes,10,73,Yes,3,Medium,Private,2,College,Near,Male,72,sometimes,Far North,Bus,101,Anglophone
26,88,Medium,High,No,6,74,Yes,0,Low,Public,2,High School,Moderate,Female,68,sometimes,Adamawa,Taxi,158,Francophone
19,72,Medium,Low,Yes,8,58,Yes,0,Medium,Public,3,High School,Near,Female,62,sometimes,Littoral,Bike,39,Bilingual
24,95,Medium,Low,No,5,87,Yes,0,Low,Public,2,High School,Far,Male,68,yes,Adamawa,Bus,72,Francophone
22,91,High,High,Yes,7,50,Yes,2,Low,Public,5,Postgraduate,Moderate,Male,72,no,Littoral,Walk,49,Bilingual
14,61,Medium,Low,Yes,7,71,Yes,0,Medium,Private,1,Postgraduate,Near,Female,60,no,Adamawa,Bus,78,Bilingual
22,93,Medium,High,No,9,59,Yes,3,Low,Public,4,Postgraduate,Near,Female,72,no,South,Bus,105,Francophone
14,72,Low,High,No,7,89,Yes,2,Medium,Public,3,High School,Near,Female,65,yes,South,Bus,44,Bilingual
16,66,Medium,Low,No,9,84,Yes,3,Low,Public,4,High School,Near,Female,63,sometimes,North,Bus,64,Anglophone
21,69,Medium,Low,Yes,7,85,Yes,2,Medium,Private,0,Postgraduate,Near,Male,66,no,North West,Private car,46,Anglophone
22,79,Low,Medium,No,10,57,Yes,1,Medium,Public,2,High School,Near,Male,65,yes,Far North,Bike,176,Bilingual
13,77,Medium,High,No,4,83,Yes,1,Medium,Public,2,Postgraduate,Moderate,Male,65,sometimes,South,Walk,88,Bilingual
26,72,Low,High,No,8,85,Yes,2,Low,Public,3,High School,Near,Male,67,yes,North West,Bus,160,Anglophone
23,67,Medium,Medium,No,4,50,Yes,4,Low,Private,3,College,Moderate,Male,65,sometimes,Centre,Walk,137,Anglophone
16,90,High,Medium,No,7,66,Yes,0,High,Public,3,High School,Moderate,Male,67,yes,Adamawa,Bus,160,Francophone
11,100,Medium,Medium,Yes,9,54,Yes,1,Low,Public,3,Postgraduate,Near,Male,66,yes,South West,Bike,107,Anglophone
19,91,Low,High,Yes,9,84,Yes,2,High,Public,3,High School,Near,Male,71,yes,East,Bike,171,Francophone
17,72,Medium,Medium,No,8,61,Yes,1,Medium,Public,4,Postgraduate,Moderate,Male,64,sometimes,West,Private car,53,Bilingual
21,70,Low,Low,No,7,63,Yes,0,Medium,Public,2,High School,Far,Male,61,no,Adamawa,Taxi,29,Francophone
18,69,High,High,Yes,8,54,Yes,1,High,Private,2,High School,Near,Male,65,sometimes,West,Taxi,121,Bilingual
8,65,Medium,Medium,No,10,74,Yes,1,Medium,Private,5,High School,Near,Male,61,sometimes,Far North,Walk,195,Anglophone
18,82,High,Low,No,7,52,Yes,1,Low,Public,4,High School,Near,Female,64,yes,Littoral,Walk,171,Francophone
18,84,High,High,Yes,8,92,Yes,0,Low,Public,3,College,Near,Female,69,sometimes,South West,Private car,123,Anglophone
24,88,Medium,Medium,Yes,6,51,Yes,4,Medium,Public,4,High School,Near,Male,71,sometimes,North West,Taxi,34,Bilingual
16,87,High,Medium,No,9,53,Yes,3,Medium,Private,5,College,Near,Male,70,no,Adamawa,Bike,40,Anglophone
30,72,High,Medium,Yes,8,82,Yes,1,Low,Public,1,College,Moderate,Female,70,no,Centre,Bus,165,Bilingual
9,73,Medium,Medium,Yes,6,96,Yes,0,Low,Public,2,High School,Near,Male,62,yes,East,Private car,73,Francophone
28,87,Medium,Medium,No,8,95,Yes,2,Medium,Private,3,Postgraduate,Near,Female,73,no,Far North,Bus,79,Bilingual
19,74,Medium,High,No,8,54,Yes,0,Medium,Public,3,College,Near,Male,66,yes,North,Private car,112,Bilingual
25,69,Medium,Medium,Yes,8,64,Yes,1,High,Public,3,Postgraduate,Moderate,Female,66,sometimes,East,Bus,64,Bilingual
20,75,Low,Medium,No,7,76,Yes,3,High,Private,3,College,Near,Female,66,yes,East,Bus,157,Bilingual
27,71,Medium,Medium,Yes,9,51,No,3,High,Public,1,College,Far,Female,66,no,West,Bike,65,Bilingual
18,64,Medium,Medium,Yes,6,76,Yes,2,Medium,Public,4,High School,Near,Male,65,no,East,Taxi,89,Anglophone
13,93,Low,Low,No,7,72,Yes,2,Medium,Private,2,Postgraduate,Near,Female,67,yes,Littoral,Walk,138,Bilingual
29,94,High,Medium,No,7,79,Yes,6,Low,Private,4,College,Near,Female,76,yes,East,Taxi,77,Francophone
19,69,Medium,Medium,Yes,9,96,Yes,0,High,Private,3,High School,Moderate,Female,66,yes,North,Walk,83,Bilingual
21,63,Medium,Medium,Yes,6,64,Yes,1,High,Public,3,High School,Near,Male,63,yes,North,Walk,185,Bilingual
27,90,Medium,Medium,No,7,82,Yes,0,Medium,Public,3,College,Moderate,Female,71,yes,South,Private car,83,Bilingual
14,68,Medium,High,No,6,71,Yes,1,Medium,Public,3,College,Moderate,Male,63,yes,Adamawa,Private car,39,Francophone
24,76,High,Low,Yes,7,72,Yes,1,High,Public,2,College,Moderate,Male,67,no,North,Walk,74,Bilingual
16,63,Medium,Medium,Yes,8,82,Yes,0,High,Public,3,High School,Near,Male,63,no,South West,Bus,49,Francophone
19,69,High,Medium,Yes,5,98,Yes,0,High,Public,4,High School,Moderate,Male,66,no,West,Taxi,140,Francophone
20,92,Medium,Medium,Yes,9,93,Yes,3,High,Public,2,College,Near,Female,72,no,South West,Taxi,199,Anglophone
11,92,High,Medium,Yes,8,82,Yes,4,Medium,Private,2,Postgraduate,Near,Female,70,sometimes,Littoral,Private car,129,Francophone
15,68,High,Low,Yes,6,73,No,0,Medium,Public,3,College,Near,Male,62,no,East,Bus,164,Anglophone
28,73,High,Medium,Yes,6,71,Yes,0,Medium,Private,2,College,Moderate,Female,69,no,West,Taxi,163,Francophone
25,65,Low,Medium,Yes,9,89,Yes,2,Medium,Public,3,High School,Near,Female,66,no,Littoral,Bike,100,Bilingual
20,63,Medium,Medium,Yes,8,61,Yes,2,High,Public,3,High School,Near,Male,64,yes,South West,Private car,191,Francophone
21,100,Low,Medium,Yes,6,79,Yes,2,Low,Public,1,High School,Near,Female,70,yes,North,Bus,151,Anglophone
18,86,Medium,Medium,No,6,75,Yes,0,Low,Public,4,High School,Near,Male,67,no,South,Taxi,110,Anglophone
28,82,Medium,High,Yes,8,82,Yes,1,Medium,Private,2,Postgraduate,Near,Male,71,no,Adamawa,Walk,116,Bilingual
19,91,Medium,Medium,No,8,59,Yes,1,High,Public,2,Postgraduate,Near,Male,69,yes,South West,Bus,108,Anglophone
21,94,High,Low,No,8,85,Yes,1,Medium,Public,4,College,Near,Male,70,sometimes,Adamawa,Walk,160,Anglophone
27,92,Medium,Medium,Yes,7,81,Yes,0,Low,Public,1,College,Near,Male,70,no,Littoral,Private car,53,Bilingual
15,61,High,Low,Yes,8,59,Yes,1,Medium,Public,2,Postgraduate,Moderate,Female,61,yes,North,Bus,20,Bilingual
29,67,Low,High,No,7,72,No,0,Medium,Public,3,High School,Near,Female,65,sometimes,East,Taxi,108,Anglophone
11,86,Medium,High,Yes,6,84,Yes,0,High,Private,3,High School,Near,Male,67,no,North West,Private car,128,Bilingual
30,75,Medium,Low,Yes,9,95,Yes,1,High,Public,5,Postgraduate,Near,Male,70,sometimes,North West,Private car,48,Francophone
18,99,Medium,Medium,No,8,56,No,2,Low,Private,3,High School,,Male,67,sometimes,West,Taxi,189,Francophone
19,87,Low,High,Yes,6,50,Yes,3,Low,Public,2,Postgraduate,Near,Male,68,yes,North West,Bike,131,Francophone
9,98,High,High,No,7,58,Yes,2,Medium,Public,4,College,Near,Male,69,sometimes,Littoral,Walk,91,Francophone
17,68,Medium,Medium,No,7,99,Yes,1,Medium,Private,1,Postgraduate,Near,Male,65,sometimes,South West,Bus,171,Francophone
14,95,High,Medium,Yes,6,88,Yes,2,Low,Public,2,High School,Far,Male,68,no,North West,Bus,128,Bilingual
16,73,High,Medium,Yes,7,81,Yes,1,High,Public,4,Postgraduate,Near,Male,67,sometimes,South West,Taxi,144,Bilingual
19,100,Medium,High,Yes,6,57,Yes,1,High,Private,2,High School,Near,Male,70,yes,Centre,Walk,159,Francophone
26,66,High,High,No,8,71,Yes,2,Medium,Public,3,High School,Near,Female,68,sometimes,South West,Walk,134,Francophone
21,81,High,Medium,Yes,7,86,Yes,1,Low,Public,4,College,Near,Male,69,yes,South West,Private car,53,Anglophone
22,92,High,Low,Yes,5,95,Yes,0,Low,Public,3,Postgraduate,Near,Male,70,no,East,Walk,187,Francophone
13,77,High,High,Yes,7,69,Yes,2,Low,Private,5,College,Moderate,Male,67,sometimes,West,Bus,37,Anglophone
15,79,High,High,Yes,6,100,Yes,4,Low,Public,3,College,Near,Female,70,no,Far North,Taxi,81,Bilingual
31,99,Medium,Low,Yes,4,57,Yes,1,High,Public,2,Postgraduate,Moderate,Female,74,no,East,Bike,144,Francophone
16,77,Medium,Low,Yes,7,69,Yes,1,Low,Public,4,High School,Near,Female,63,yes,Far North,Walk,78,Anglophone
30,84,High,Medium,Yes,9,94,Yes,1,Low,Private,2,High School,Near,Female,72,sometimes,East,Taxi,94,Bilingual
19,62,High,Medium,No,7,82,Yes,0,Low,Private,5,Postgraduate,Near,Male,62,yes,South West,Taxi,155,Anglophone
20,94,Medium,Medium,No,8,91,Yes,1,Low,Public,2,Postgraduate,Near,Female,71,yes,Adamawa,Walk,151,Bilingual
26,86,Medium,Low,No,7,95,Yes,0,Low,Public,5,High School,Moderate,Male,68,no,Littoral,Bus,87,Bilingual
28,76,Medium,High,Yes,6,75,Yes,3,High,Public,3,High School,Near,Male,72,yes,Far North,Taxi,84,Francophone
19,61,Medium,High,Yes,6,62,Yes,1,High,Public,2,Postgraduate,Moderate,Female,64,sometimes,North West,Walk,187,Francophone
18,84,Low,Low,No,5,85,Yes,0,Medium,Public,4,High School,Moderate,Male,64,yes,Far North,Private car,41,Bilingual
20,61,Low,High,Yes,8,78,Yes,0,Low,Private,5,High School,Near,Female,63,no,South West,Private car,167,Francophone
22,60,High,Medium,Yes,8,89,Yes,2,Medium,Private,4,College,Moderate,Male,66,no,South,Bike,29,Francophone
25,85,Medium,Medium,Yes,7,76,Yes,2,High,Public,2,College,Near,Female,71,sometimes,East,Bus,66,Anglophone
20,68,Medium,High,Yes,4,91,Yes,4,High,Private,4,College,Near,Male,70,sometimes,North,Bus,142,Anglophone
24,68,High,Medium,Yes,8,95,Yes,3,Medium,Public,0,High School,Moderate,Male,67,yes,Adamawa,Taxi,61,Bilingual
30,86,High,High,Yes,6,87,Yes,0,Low,Private,4,College,Near,Female,73,sometimes,East,Walk,87,Francophone
22,62,Low,Medium,Yes,7,87,Yes,2,High,Public,3,High School,Near,Female,64,sometimes,Far North,Walk,62,Bilingual
22,73,Low,Medium,No,5,79,Yes,4,Medium,Public,1,Postgraduate,Moderate,Female,65,no,Far North,Walk,96,Francophone
11,66,Medium,Medium,Yes,7,74,Yes,3,Medium,Private,3,High School,Far,Female,62,sometimes,South,Bike,71,Bilingual
4,83,High,Medium,No,7,99,Yes,1,Low,Private,3,College,Near,Female,64,sometimes,North West,Bike,147,Francophone
22,86,Low,Medium,No,4,82,Yes,1,Low,Private,5,College,Moderate,Male,67,sometimes,South West,Walk,73,Francophone
19,89,Medium,High,No,9,92,Yes,5,Medium,Private,3,Postgraduate,Near,Male,74,sometimes,East,Bus,60,Bilingual
17,70,High,Medium,No,7,75,Yes,1,Low,Private,4,College,Far,Male,63,sometimes,Littoral,Bike,96,Bilingual
21,64,High,Low,Yes,7,78,Yes,1,Medium,Public,4,High School,Near,Male,64,yes,South,Walk,125,Francophone
20,63,Medium,Low,No,8,83,Yes,4,Medium,Public,3,Postgraduate,Moderate,Female,64,yes,Littoral,Taxi,62,Anglophone
27,77,Low,High,No,7,86,Yes,1,High,Public,3,College,Near,Male,70,yes,Centre,Bus,150,Anglophone
21,98,Medium,Medium,Yes,8,72,Yes,3,Low,Public,3,High School,Moderate,Female,71,no,South West,Walk,170,Francophone
16,69,Medium,Medium,Yes,5,68,Yes,0,Medium,Public,4,College,Moderate,Male,63,sometimes,Centre,Private car,154,Bilingual
26,70,Medium,High,Yes,7,62,Yes,0,Low,Private,1,College,Near,Female,66,sometimes,South West,Bike,91,Anglophone
19,64,Medium,High,Yes,4,71,Yes,1,High,Public,3,High School,Near,Male,65,sometimes,South,Bus,166,Bilingual
23,84,Medium,High,No,7,61,Yes,2,Medium,Public,5,College,Moderate,Male,70,sometimes,Littoral,Bike,120,Bilingual
17,87,Low,Low,Yes,9,71,Yes,2,Low,Public,3,College,Moderate,Female,65,yes,North,Walk,43,Bilingual
16,86,High,Medium,Yes,5,94,Yes,0,Medium,Public,2,High School,Near,Male,68,no,East,Bike,166,Bilingual
21,94,Medium,High,No,6,99,Yes,1,Medium,Private,2,High School,Near,Male,72,sometimes,North West,Bus,154,Francophone
20,79,Medium,High,Yes,4,79,Yes,0,Medium,Private,4,High School,Moderate,Male,67,no,Centre,Walk,198,Bilingual
23,65,High,High,No,7,57,No,1,High,Public,4,High School,Near,Male,65,no,Littoral,Private car,158,Francophone
18,72,Medium,Medium,No,8,71,Yes,2,High,Public,4,Postgraduate,Near,Male,66,sometimes,North West,Walk,116,Bilingual
9,86,High,High,No,8,80,Yes,1,Low,Public,5,College,Far,Female,67,no,South,Private car,42,Anglophone
17,85,Medium,Low,No,6,69,Yes,1,Medium,Private,3,Postgraduate,Near,Male,65,yes,Littoral,Bike,78,Anglophone
25,81,Medium,Medium,No,4,60,Yes,2,Medium,Private,3,High School,Near,Male,68,no,Adamawa,Bike,178,Anglophone
18,87,Medium,Medium,No,5,61,Yes,2,Medium,Public,1,High School,Near,Male,68,no,North West,Taxi,75,Bilingual
19,85,Medium,High,Yes,9,74,Yes,1,High,Public,3,College,Moderate,Female,69,yes,Adamawa,Private car,187,Anglophone
26,95,Medium,Low,Yes,8,61,Yes,2,Medium,Private,2,Postgraduate,Near,Female,71,no,West,Private car,169,Francophone
16,83,Medium,Medium,Yes,7,62,Yes,0,Low,Private,1,Postgraduate,Moderate,Male,64,sometimes,North,Bus,172,Anglophone
11,91,Low,High,No,7,94,Yes,1,Medium,Public,3,,Moderate,Male,65,sometimes,West,Private car,171,Francophone
19,70,Medium,Medium,No,5,89,Yes,1,Low,Private,2,High School,Near,Male,64,sometimes,East,Taxi,186,Anglophone
17,87,Medium,Medium,Yes,9,53,Yes,3,Low,Public,3,Postgraduate,Moderate,Female,67,sometimes,South,Private car,147,Anglophone
14,96,Medium,High,No,6,66,Yes,3,Medium,Public,2,College,Near,Female,70,no,South West,Private car,105,Anglophone
19,75,Medium,High,No,8,77,Yes,1,Low,Public,4,High School,Moderate,Female,66,sometimes,East,Bike,105,Francophone
23,91,High,Medium,No,5,53,Yes,3,Medium,Private,3,High School,Near,Male,70,yes,West,Bus,73,Bilingual
20,89,Medium,High,Yes,7,84,Yes,1,High,Public,4,High School,Moderate,Male,70,sometimes,Littoral,Private car,46,Anglophone
22,62,High,Medium,Yes,9,69,Yes,1,High,Private,3,College,Near,Male,64,yes,Far North,Private car,69,Francophone
31,83,Low,High,Yes,6,70,Yes,3,Low,Private,3,College,Near,Male,71,yes,Littoral,Bike,107,Bilingual
18,65,Medium,High,Yes,8,63,Yes,1,Medium,Public,3,High School,Far,Male,63,no,South West,Bus,68,Anglophone
22,99,Medium,Medium,Yes,5,67,Yes,1,Medium,Private,3,College,Near,Male,72,no,Adamawa,Private car,154,Francophone
17,92,High,High,No,6,93,Yes,4,Medium,Private,4,College,Moderate,Female,72,no,West,Bike,125,Francophone
15,64,High,Low,Yes,7,89,Yes,0,Low,Public,2,High School,Near,Male,61,no,West,Bike,164,Francophone
16,65,High,Low,Yes,8,97,Yes,2,Low,Public,4,High School,Near,Female,63,sometimes,South,Bus,36,Anglophone
17,84,Low,High,No,7,85,Yes,0,Medium,Private,2,College,Moderate,Male,67,sometimes,Littoral,Taxi,107,Bilingual
22,74,High,Low,Yes,8,79,Yes,3,Medium,Public,1,High School,Near,Female,67,yes,Centre,Taxi,78,Bilingual
34,61,Medium,Low,No,9,63,Yes,2,Medium,Public,5,High School,Moderate,Female,65,no,West,Private car,77,Francophone
16,82,Low,Medium,No,6,83,Yes,0,Medium,Public,2,High School,Near,Female,64,no,North West,Taxi,48,Bilingual
18,76,Medium,Low,No,5,95,Yes,2,High,Public,6,Postgraduate,Near,Female,69,sometimes,North West,Bike,187,Bilingual
20,64,Medium,High,No,6,53,No,4,High,Private,4,College,Moderate,Female,65,no,Far North,Bike,158,Bilingual
22,92,High,High,No,9,72,Yes,1,Low,Public,4,Postgraduate,Near,Male,71,yes,South West,Private car,154,Anglophone
22,97,Medium,Medium,Yes,6,57,Yes,0,Medium,Private,2,High School,Near,Male,70,sometimes,North,Private car,154,Bilingual
28,90,Low,Medium,Yes,9,91,Yes,0,Medium,Public,2,College,Moderate,Female,98,yes,South,Taxi,188,Francophone
5,93,Medium,Medium,Yes,7,81,No,1,Low,Public,2,College,Near,Female,65,sometimes,Littoral,Bike,125,Francophone
6,69,High,Medium,Yes,10,94,No,1,Medium,Private,4,Postgraduate,Near,Female,63,sometimes,Centre,Taxi,84,Bilingual
17,71,Medium,Medium,Yes,10,53,Yes,0,Low,Public,3,High School,Moderate,Male,61,sometimes,North,Private car,55,Anglophone
27,68,Medium,Low,Yes,9,95,Yes,1,Low,Public,3,College,Moderate,Male,67,no,East,Bus,25,Bilingual
11,91,Medium,Medium,No,5,53,Yes,0,Low,Private,2,Postgraduate,Near,Female,64,sometimes,West,Private car,133,Bilingual
2,98,High,Medium,No,4,64,Yes,1,Low,Private,2,High School,Near,Female,65,sometimes,Centre,Walk,138,Francophone
23,89,High,High,Yes,7,58,Yes,2,Medium,Private,3,Postgraduate,Moderate,Male,73,yes,North West,Bus,81,Bilingual
21,95,Medium,High,Yes,8,57,No,1,Low,Public,3,High School,Near,Male,69,yes,Centre,Bus,80,Francophone
13,86,Medium,High,No,8,59,Yes,3,Medium,Public,3,High School,Near,Male,67,sometimes,Littoral,Private car,199,Anglophone
14,76,High,Medium,No,6,74,Yes,0,High,Private,2,College,Far,Male,63,sometimes,Far North,Bike,172,Francophone
14,77,High,High,Yes,5,89,Yes,0,Medium,Private,2,College,Near,Male,67,no,North West,Taxi,109,Francophone
21,63,Low,High,Yes,8,95,Yes,2,High,Public,5,High School,Near,Male,66,no,North West,Bus,195,Bilingual
16,61,Medium,High,Yes,10,78,Yes,2,Low,Public,2,College,Moderate,Female,64,no,West,Bike,30,Francophone
23,88,High,Low,Yes,6,58,Yes,2,Low,Public,2,High School,Moderate,Male,68,yes,Littoral,Walk,188,Bilingual
3,78,Medium,Medium,No,8,54,Yes,2,High,Public,4,High School,Moderate,Male,61,no,Adamawa,Private car,117,Francophone
15,82,Medium,Medium,Yes,10,75,Yes,1,High,Public,1,College,Near,Female,66,no,South West,Private car,113,Francophone
13,82,Medium,Medium,Yes,7,88,Yes,0,Low,Public,2,High School,Near,Female,65,yes,West,Walk,34,Anglophone
18,71,Medium,High,Yes,7,81,Yes,0,Medium,Public,4,College,Moderate,Female,65,sometimes,South,Private car,124,Anglophone
17,79,Medium,Medium,No,8,79,Yes,3,Medium,Private,5,Postgraduate,Near,Male,67,sometimes,West,Bike,30,Francophone
25,79,High,Medium,Yes,7,52,Yes,1,Medium,Public,2,Postgraduate,Moderate,Female,68,yes,Littoral,Walk,73,Anglophone
9,76,Medium,Medium,Yes,9,71,Yes,1,Medium,Public,3,College,Near,Male,63,no,South West,Taxi,21,Anglophone
20,93,High,Medium,No,6,78,Yes,1,Low,Public,3,College,Moderate,Female,70,no,West,Walk,121,Anglophone
23,78,High,High,No,7,80,Yes,0,Low,Private,2,High School,Near,Female,68,yes,Littoral,Private car,180,Bilingual
31,84,Medium,Medium,No,5,50,No,2,Low,Private,3,High School,Near,Male,69,sometimes,South,Taxi,51,Francophone
17,96,High,Medium,Yes,7,60,Yes,0,Low,Private,2,College,Near,Male,67,no,West,Private car,118,Anglophone
22,95,Medium,Medium,No,5,97,Yes,0,Low,Public,3,High School,Moderate,Male,69,no,Centre,Walk,84,Bilingual
9,96,Medium,Low,Yes,8,75,Yes,1,Low,Private,4,High School,Near,Female,65,sometimes,South,Private car,75,Anglophone
6,71,Medium,High,Yes,5,85,Yes,1,Low,Public,2,High School,Moderate,Male,61,sometimes,North West,Taxi,130,Bilingual
25,61,Medium,High,Yes,8,65,Yes,3,Low,Public,3,College,Near,Female,65,yes,Littoral,Bus,68,Bilingual
20,70,Low,Medium,Yes,6,79,Yes,4,Medium,Public,4,Postgraduate,Near,Male,67,yes,North,Bus,193,Francophone
27,71,Medium,High,Yes,10,68,Yes,1,Low,Public,2,High School,Moderate,Male,66,no,Far North,Bus,36,Anglophone
12,96,Medium,Medium,No,9,65,Yes,2,High,Private,4,Postgraduate,Near,Female,69,yes,Littoral,Private car,92,Francophone
23,86,Medium,Medium,Yes,8,71,Yes,3,Medium,Public,4,College,Near,Female,71,no,North West,Bus,182,Anglophone
31,63,High,High,No,5,73,Yes,1,High,Public,2,High School,Near,Female,68,sometimes,North West,Bike,46,Francophone
23,65,High,Medium,No,6,67,No,3,Medium,Private,5,High School,Moderate,Male,65,no,East,Private car,168,Bilingual
22,66,Medium,Medium,No,6,63,Yes,1,Low,Private,5,Postgraduate,Far,Male,64,yes,East,Taxi,70,Bilingual
20,85,Medium,Low,No,6,81,Yes,1,High,Private,3,College,Near,Male,68,no,North West,Walk,26,Francophone
11,89,Low,High,No,9,69,Yes,1,Low,Public,3,High School,Near,Male,64,no,South,Taxi,155,Francophone
28,94,Medium,High,No,7,60,Yes,1,Low,Public,3,High School,Near,Male,71,sometimes,East,Bike,194,Francophone
16,98,High,Medium,No,6,88,Yes,1,Low,Public,3,Postgraduate,Moderate,Female,70,sometimes,East,Walk,96,Francophone
23,68,High,Medium,Yes,6,86,Yes,0,Medium,Public,2,Postgraduate,Near,Male,68,sometimes,East,Private car,62,Bilingual
11,72,Medium,Medium,Yes,6,94,Yes,2,Medium,Public,3,High School,Moderate,Male,63,sometimes,North,Bus,154,Bilingual
13,70,Medium,High,Yes,8,78,Yes,0,Low,Private,3,High School,Near,Male,61,no,South West,Taxi,60,Anglophone
29,74,Medium,Low,No,5,64,Yes,2,Medium,Public,1,College,Moderate,Male,66,sometimes,North West,Bus,138,Bilingual
18,97,Medium,High,Yes,7,93,Yes,5,High,Public,4,College,Near,Female,75,no,South,Taxi,162,Bilingual
29,83,High,High,Yes,8,64,Yes,2,Medium,Public,1,High School,Far,Male,71,sometimes,East,Taxi,38,Francophone
20,90,Medium,Medium,Yes,4,83,Yes,1,Low,Public,3,College,Near,Male,69,sometimes,Centre,Walk,186,Francophone
9,80,High,Low,No,5,60,Yes,2,Low,Private,3,High School,Near,Male,62,no,South West,Private car,181,Francophone
25,61,Medium,Medium,No,7,81,Yes,0,Medium,Public,4,High School,Moderate,Female,65,sometimes,Littoral,Private car,66,Bilingual
16,63,Medium,Low,No,9,92,Yes,0,Low,Private,3,College,Moderate,Female,61,yes,Littoral,Walk,166,Bilingual
24,82,Medium,Medium,No,9,77,Yes,3,Medium,Public,2,High School,Near,Female,69,sometimes,West,Walk,91,Anglophone
20,89,Low,Low,Yes,6,74,Yes,1,Medium,Private,3,Postgraduate,Far,Male,66,yes,North,Private car,151,Francophone
11,69,High,Medium,Yes,9,100,Yes,1,Low,Public,5,High School,Near,Male,64,yes,West,Taxi,42,Anglophone
21,89,High,Medium,Yes,7,51,Yes,1,Medium,Public,4,High School,Near,Female,69,sometimes,South West,Private car,114,Francophone
33,92,High,High,Yes,7,67,Yes,6,High,Public,5,High School,Near,Female,78,yes,Adamawa,Bus,137,Francophone
23,76,Low,High,Yes,7,96,Yes,2,Medium,Private,4,High School,Near,Female,68,sometimes,North West,Taxi,136,Anglophone
20,90,High,High,No,8,82,Yes,2,High,Private,4,High School,Moderate,Female,70,yes,West,Walk,94,Bilingual
26,76,Low,Medium,Yes,6,77,Yes,1,Medium,Private,5,High School,Near,Male,68,yes,Littoral,Private car,34,Bilingual
21,87,Low,Low,Yes,6,82,Yes,0,Medium,Public,5,Postgraduate,Near,Female,68,yes,South,Bike,139,Francophone
21,91,Medium,Medium,No,5,66,Yes,1,High,Public,3,College,Near,Female,69,sometimes,North,Bike,89,Francophone
13,100,Medium,Low,Yes,8,54,Yes,0,Medium,Public,3,College,Near,Female,68,sometimes,South West,Taxi,122,Bilingual
21,74,High,Low,Yes,8,64,Yes,3,Low,Public,1,College,Far,Male,80,sometimes,East,Private car,44,Francophone
26,76,Medium,Medium,Yes,8,67,Yes,1,Low,Public,3,High School,Moderate,Male,67,sometimes,North,Walk,81,Bilingual
15,67,Low,Medium,Yes,5,74,Yes,1,High,Public,2,Postgraduate,Near,Male,64,sometimes,Centre,Bus,153,Francophone
29,68,Medium,Low,No,6,70,Yes,0,Medium,Public,2,Postgraduate,Near,Male,64,sometimes,Adamawa,Taxi,110,Francophone
19,88,Medium,Medium,Yes,9,76,Yes,1,Medium,Public,3,High School,Far,Male,68,sometimes,South West,Bike,138,Anglophone
15,97,Low,Medium,No,7,60,Yes,4,Medium,Public,3,High School,Near,Female,67,yes,East,Walk,93,Anglophone
26,76,Medium,Medium,No,7,59,Yes,0,Medium,Public,1,Postgraduate,Near,Male,65,sometimes,West,Taxi,32,Anglophone
18,67,High,High,Yes,7,68,Yes,0,Medium,Public,4,High School,Near,Male,66,yes,Centre,Walk,157,Anglophone
25,71,Medium,Low,Yes,8,74,Yes,4,Medium,Public,4,Postgraduate,Near,Male,67,yes,Littoral,Private car,35,Anglophone
18,78,High,Medium,No,7,67,No,0,High,Public,3,College,Moderate,Male,64,sometimes,West,Private car,180,Bilingual
20,72,Medium,Low,Yes,6,79,Yes,1,Low,Private,4,Postgraduate,Near,Female,66,sometimes,North West,Bike,61,Bilingual
23,69,Medium,Low,Yes,8,66,No,1,Medium,Public,3,College,Far,Male,63,yes,Littoral,Walk,174,Francophone
22,89,Medium,High,No,5,59,Yes,5,Medium,Private,4,High School,Near,Male,71,sometimes,North West,Taxi,72,Francophone
8,60,High,Medium,Yes,9,93,Yes,0,Low,Public,3,Postgraduate,Near,Female,62,no,South West,Private car,193,Francophone
13,82,Medium,High,No,6,60,Yes,1,Low,Public,4,College,Far,Female,64,yes,Far North,Walk,89,Bilingual
26,92,Low,Medium,Yes,8,98,Yes,2,Medium,Public,3,Postgraduate,Moderate,Male,72,sometimes,Littoral,Taxi,47,Francophone
19,71,High,Medium,Yes,7,99,Yes,0,Low,Public,4,High School,Moderate,Female,65,yes,Littoral,Taxi,92,Bilingual
17,84,Low,High,No,6,85,Yes,1,Medium,Public,2,College,Near,Female,67,yes,East,Bike,60,Bilingual
12,87,High,High,Yes,9,75,No,1,Low,Private,3,College,Moderate,Female,65,no,West,Private car,106,Bilingual
14,86,Low,Low,Yes,8,90,Yes,0,Low,Private,1,High School,Near,Male,63,no,North,Taxi,154,Francophone
8,78,High,High,No,7,94,Yes,1,High,Public,3,High School,Near,Female,65,yes,Centre,Private car,31,Bilingual
19,74,Medium,Medium,Yes,10,85,Yes,1,Low,Public,5,Postgraduate,Moderate,Male,67,yes,North West,Bike,199,Bilingual
16,93,Medium,Medium,Yes,8,55,Yes,0,High,Public,4,High School,Moderate,Male,67,no,Adamawa,Taxi,47,Bilingual
14,90,Low,Medium,Yes,6,50,Yes,0,Medium,Private,3,College,Moderate,Male,65,yes,South,Private car,191,Bilingual
20,73,Medium,High,Yes,4,60,Yes,1,Low,Private,3,High School,Moderate,Male,64,yes,South,Private car,38,Anglophone
22,64,High,Low,No,7,59,Yes,0,Medium,Private,5,High School,Near,Female,64,no,North,Bike,23,Anglophone
33,63,High,High,Yes,9,59,Yes,1,Medium,Public,4,High School,Near,Male,69,yes,North,Walk,190,Anglophone
11,64,Medium,Medium,No,8,75,Yes,1,High,Private,3,High School,Moderate,Male,60,yes,North West,Taxi,177,Anglophone
27,83,Medium,Medium,Yes,9,76,Yes,1,Low,Public,4,High School,Near,Male,70,yes,Littoral,Bus,55,Bilingual
26,62,Low,High,No,6,86,Yes,2,Medium,Public,3,High School,Near,Male,66,yes,Adamawa,Bus,31,Anglophone
15,73,Medium,Medium,Yes,7,60,Yes,3,Medium,Public,4,College,Near,Female,66,no,South West,Bike,129,Anglophone
21,90,Medium,Low,No,7,55,Yes,2,Medium,Public,2,College,Near,Female,68,yes,West,Taxi,127,Anglophone
17,72,Low,Medium,No,7,83,Yes,3,Medium,Public,3,,Far,Female,62,sometimes,North,Walk,26,Anglophone
21,91,Medium,High,Yes,8,74,Yes,0,Medium,Public,2,Postgraduate,Near,Female,70,no,Far North,Walk,141,Anglophone
29,90,Medium,Medium,Yes,9,83,Yes,0,Medium,Private,3,High School,Near,Female,72,yes,Adamawa,Bus,101,Anglophone
24,70,Low,Low,Yes,10,69,Yes,1,High,Public,2,High School,Moderate,Female,64,sometimes,South West,Bus,30,Francophone
23,89,Low,Medium,No,9,88,Yes,1,High,Public,5,Postgraduate,,Male,71,yes,West,Taxi,88,Anglophone
17,90,Medium,High,No,8,84,Yes,1,Low,Public,4,High School,Far,Female,67,yes,Littoral,Bus,160,Anglophone
11,76,Low,Medium,No,6,83,Yes,3,Medium,Public,1,High School,Near,Female,64,sometimes,Littoral,Walk,146,Bilingual
19,68,High,High,No,7,51,No,1,High,Public,1,High School,Moderate,Female,64,no,East,Walk,62,Bilingual
27,81,Medium,High,Yes,8,93,Yes,0,High,Public,3,College,Near,Female,72,yes,North,Bus,124,Anglophone
11,97,Low,Low,Yes,7,69,Yes,3,Low,Public,2,High School,Near,Female,66,no,North West,Taxi,93,Anglophone
14,86,High,Medium,No,6,57,Yes,3,High,Private,2,College,Near,Female,68,no,East,Taxi,110,Bilingual
21,67,Medium,Medium,Yes,6,88,Yes,1,Low,Private,5,Postgraduate,Near,Female,95,sometimes,East,Private car,44,Bilingual
14,87,Medium,Low,Yes,8,74,Yes,0,Medium,Public,3,College,Moderate,Male,64,yes,Adamawa,Private car,56,Bilingual
15,77,Medium,Medium,Yes,7,52,Yes,1,Medium,Public,2,College,Near,Male,64,no,West,Private car,71,Bilingual
17,84,Low,High,Yes,7,89,Yes,2,High,Public,2,High School,Moderate,Male,68,yes,South West,Bus,21,Bilingual
12,89,Medium,Low,Yes,7,72,Yes,1,High,Public,5,College,Near,Male,67,sometimes,Centre,Walk,96,Anglophone
14,81,Medium,Medium,No,6,88,Yes,1,High,Public,3,Postgraduate,Moderate,Female,67,no,Centre,Private car,136,Bilingual
24,93,High,Medium,Yes,7,88,Yes,1,Medium,Public,3,High School,Moderate,Female,71,no,South West,Taxi,103,Anglophone
12,89,Medium,Low,Yes,6,55,Yes,1,Low,Public,3,High School,Near,Female,63,yes,Littoral,Bus,77,Bilingual
10,85,Medium,Medium,Yes,6,81,Yes,3,Low,Public,3,High School,Near,Female,66,yes,South,Private car,131,Bilingual
16,66,High,High,No,5,68,No,2,Low,Public,5,Postgraduate,Moderate,Male,65,yes,North,Bike,156,Bilingual
24,93,Medium,Low,Yes,7,77,Yes,0,Low,Private,3,High School,Near,Female,68,no,East,Walk,103,Anglophone
19,97,Medium,Low,Yes,8,54,Yes,0,High,Public,2,High School,Near,Male,68,yes,Centre,Taxi,138,Bilingual
17,65,Medium,High,No,9,79,Yes,0,Medium,Public,2,High School,Moderate,Male,62,yes,Far North,Bus,134,Francophone
20,80,Low,Medium,Yes,5,89,Yes,0,High,Public,3,Postgraduate,Far,Male,67,yes,West,Bike,184,Anglophone
10,70,High,High,Yes,9,99,Yes,1,Medium,Public,4,High School,Moderate,Female,65,no,East,Bike,155,Francophone
23,90,High,Medium,Yes,7,66,Yes,2,High,Public,3,High School,Near,Female,71,yes,Centre,Bike,198,Francophone
22,89,Medium,High,Yes,5,58,Yes,4,High,Public,2,College,Near,Female,71,sometimes,Littoral,Private car,103,Bilingual
18,66,High,Medium,Yes,6,68,No,1,Medium,Public,3,High School,Far,Male,61,no,East,Taxi,177,Bilingual
26,95,Medium,Medium,No,4,51,Yes,1,Low,Public,2,High School,Near,Male,70,yes,South,Bike,124,Anglophone
13,67,Medium,Low,Yes,5,70,Yes,0,Low,Private,2,High School,Near,Male,60,sometimes,South West,Bus,111,Anglophone
27,92,Low,Medium,No,10,96,Yes,0,Low,Public,2,Postgraduate,Far,Male,70,yes,South,Taxi,187,Francophone
21,78,Medium,High,No,6,60,Yes,1,Low,Private,2,College,Near,Female,67,sometimes,North West,Bus,183,Bilingual
18,73,Medium,Medium,Yes,8,74,No,3,Medium,Private,2,Postgraduate,Near,Male,66,no,Littoral,Private car,20,Francophone
20,66,Low,Low,Yes,7,79,Yes,2,Medium,Private,2,High School,Moderate,Female,63,no,Far North,Taxi,66,Anglophone
19,67,Medium,Medium,No,7,59,Yes,3,Low,Private,3,Postgraduate,Near,Female,65,yes,West,Walk,62,Anglophone
27,86,High,Medium,Yes,8,67,Yes,5,High,Public,2,Postgraduate,Near,Female,75,sometimes,South,Bike,95,Francophone
14,82,High,Medium,No,4,96,Yes,2,High,Private,4,High School,Near,Male,66,yes,Far North,Bus,177,Anglophone
15,65,Medium,Medium,No,9,65,Yes,1,Low,Public,2,College,Near,Female,61,no,West,Bus,66,Bilingual
26,65,Medium,Medium,Yes,7,82,Yes,1,Low,Public,1,Postgraduate,Far,Male,65,no,Far North,Private car,84,Francophone
16,63,Low,Medium,Yes,6,57,Yes,2,Low,Public,3,Postgraduate,Near,Male,61,no,South,Private car,73,Francophone
25,90,High,High,Yes,8,83,Yes,2,Medium,Public,3,College,Near,Male,73,no,Adamawa,Bus,182,Bilingual
30,88,High,Medium,Yes,6,64,Yes,1,High,Public,2,College,Near,Female,73,no,North,Bus,65,Bilingual
18,62,Medium,Medium,Yes,7,62,Yes,1,Medium,Public,5,College,Moderate,Male,63,yes,Centre,Private car,141,Francophone
24,82,Low,Medium,No,7,56,Yes,1,Medium,Public,3,Postgraduate,Moderate,Male,67,no,Littoral,Walk,140,Bilingual
13,63,Medium,High,Yes,8,52,Yes,2,Low,Public,4,High School,Near,Male,62,yes,Far North,Taxi,47,Bilingual
25,96,Low,Low,No,7,98,Yes,1,Medium,Private,3,College,Near,Male,71,yes,South,Bus,102,Francophone
21,96,Medium,Medium,Yes,5,71,Yes,2,Low,Public,4,High School,Moderate,Male,70,yes,North West,Private car,89,Anglophone
23,88,Medium,Medium,No,8,89,Yes,0,Medium,Private,5,High School,Near,Female,70,sometimes,South West,Bike,163,Bilingual
16,97,Medium,Medium,No,7,96,No,4,Low,Private,2,High School,Near,Female,69,yes,Centre,Taxi,117,Anglophone
10,92,Medium,Medium,No,4,60,Yes,3,Low,Public,2,College,Near,Female,66,no,Centre,Bus,116,Anglophone
23,93,Low,High,Yes,7,93,Yes,1,Medium,Public,3,High School,Near,Female,72,sometimes,North West,Bike,56,Anglophone
8,83,High,Low,Yes,6,85,Yes,1,Low,Public,3,High School,Far,Female,63,yes,Centre,Bike,157,Bilingual
18,72,Low,Medium,Yes,8,79,Yes,1,Medium,Public,4,High School,Moderate,Male,65,no,East,Walk,65,Francophone
26,69,High,High,Yes,6,90,Yes,3,Medium,Public,3,College,Moderate,Female,71,sometimes,North West,Walk,106,Anglophone
21,73,Medium,Medium,No,5,56,Yes,5,High,Private,3,High School,Moderate,Male,66,sometimes,West,Walk,194,Francophone
32,85,Medium,Low,Yes,9,63,No,2,High,Public,3,High School,Moderate,Male,69,no,North West,Bus,94,Anglophone
26,67,Low,Medium,No,8,57,Yes,0,Medium,Public,4,College,Far,Female,62,sometimes,East,Bus,28,Francophone
16,70,High,High,No,7,95,No,1,Medium,Public,3,High School,Near,Female,66,yes,Centre,Taxi,118,Anglophone
20,79,Medium,Low,Yes,8,55,Yes,3,Low,Private,4,High School,Near,Female,66,no,North West,Bike,123,Bilingual
20,69,Medium,Low,Yes,8,99,Yes,1,Medium,Public,3,High School,Moderate,Female,64,yes,South,Bus,29,Anglophone
11,84,Low,Medium,Yes,7,55,Yes,0,Medium,Public,3,,Near,Male,63,sometimes,Littoral,Private car,59,Bilingual
14,97,Medium,Medium,Yes,5,83,Yes,0,Low,Public,2,High School,Near,Female,68,sometimes,West,Taxi,199,Bilingual
17,90,Medium,Medium,No,7,83,Yes,5,Medium,Public,3,High School,Near,Male,68,yes,Adamawa,Bus,73,Anglophone
8,87,High,High,No,9,97,Yes,2,Low,Public,3,High School,Near,Male,67,yes,North West,Taxi,166,Anglophone
20,83,High,Low,Yes,8,66,Yes,1,High,Private,3,College,Near,Female,67,sometimes,North West,Taxi,155,Francophone
19,80,High,High,Yes,7,67,Yes,2,Low,Public,2,Postgraduate,Near,Female,68,no,North West,Bus,162,Francophone
10,67,High,Medium,Yes,8,92,Yes,1,Medium,Public,4,Postgraduate,Near,Male,65,sometimes,Centre,Bus,134,Anglophone
22,96,Low,High,Yes,7,99,Yes,4,Low,Public,4,College,Moderate,Male,74,yes,Far North,Walk,102,Francophone
24,70,Medium,High,Yes,9,52,Yes,1,Low,Public,2,Postgraduate,Moderate,Male,85,no,Adamawa,Bus,91,Francophone
21,64,Medium,Medium,No,9,82,Yes,2,Low,Public,3,College,Moderate,Male,64,yes,North,Walk,140,Bilingual
18,90,Low,Medium,Yes,5,62,Yes,3,Medium,Private,2,High School,Moderate,Female,67,yes,Centre,Bus,66,Francophone
24,67,High,High,Yes,9,86,Yes,2,Medium,Public,2,College,Near,Female,68,no,South,Private car,155,Bilingual
24,75,Low,Medium,Yes,10,89,Yes,0,Medium,Private,3,College,Near,Female,67,sometimes,West,Private car,35,Francophone
22,61,High,Medium,No,8,88,Yes,1,Medium,Public,4,High School,Near,Female,65,yes,Centre,Taxi,130,Anglophone
15,65,High,High,Yes,8,72,Yes,2,Low,Private,2,Postgraduate,Far,Male,63,yes,South,Walk,111,Anglophone
22,67,Medium,Medium,Yes,6,58,Yes,1,Low,Public,2,Postgraduate,Near,Male,64,yes,North,Taxi,149,Bilingual
27,62,Low,Low,Yes,6,79,Yes,0,Low,Private,3,College,Moderate,Male,62,sometimes,Centre,Bike,129,Francophone
16,86,Low,High,Yes,7,89,Yes,1,Medium,Public,2,Postgraduate,Near,Female,68,no,Adamawa,Private car,50,Bilingual
33,93,Medium,Medium,Yes,6,96,Yes,0,Low,Private,4,Postgraduate,Far,Female,75,no,Far North,Private car,22,Francophone
17,75,Medium,Low,No,5,73,Yes,0,Low,Private,4,High School,Near,Female,63,no,Far North,Private car,149,Bilingual
20,95,Medium,Low,Yes,7,62,Yes,2,Low,Public,4,College,Moderate,Male,68,no,South West,Taxi,66,Francophone
16,69,Medium,Medium,No,8,56,Yes,2,Medium,Private,3,Postgraduate,Near,Male,63,sometimes,South West,Walk,131,Francophone
21,73,High,High,No,5,90,Yes,0,Medium,Public,2,College,Near,Female,68,no,West,Taxi,32,Bilingual
10,66,Medium,High,No,7,77,Yes,0,Medium,Public,2,High School,Near,Male,62,yes,North,Bus,39,Bilingual
17,85,Low,Medium,Yes,7,84,Yes,3,Medium,Public,2,College,Far,Female,67,no,North,Walk,41,Bilingual
13,77,High,High,No,7,58,Yes,2,Low,Public,3,High School,Near,Male,66,no,East,Bus,182,Bilingual
21,85,Medium,Medium,No,8,50,Yes,1,Medium,Private,2,High School,Far,Male,65,yes,West,Bus,21,Francophone
26,90,Medium,Medium,Yes,8,98,Yes,0,Low,Private,3,Postgraduate,Moderate,Female,69,no,North,Bus,178,Anglophone
24,82,High,Medium,No,6,91,Yes,2,High,Public,1,High School,,Male,70,sometimes,Far North,Bus,119,Bilingual
6,85,High,Medium,Yes,9,70,Yes,0,Low,Public,3,Postgraduate,Near,Female,64,sometimes,North,Bike,36,Anglophone
32,97,High,Medium,Yes,8,73,Yes,0,High,Public,3,College,Near,Female,75,no,Centre,Bus,89,Anglophone
22,72,Low,Low,Yes,9,96,Yes,1,Low,Private,3,College,Near,Male,66,no,West,Walk,160,Francophone
15,74,Medium,Low,No,7,60,Yes,2,Medium,Public,3,High School,Far,Female,62,no,Adamawa,Walk,61,Francophone
21,89,Low,Medium,No,7,90,Yes,4,High,Public,5,Postgraduate,Far,Male,70,no,North West,Private car,189,Bilingual
21,84,High,High,No,7,51,Yes,0,Medium,Public,3,High School,Moderate,Male,68,no,West,Bus,68,Bilingual
16,67,Medium,High,Yes,9,94,Yes,1,Medium,Private,2,Postgraduate,Near,Female,66,yes,North,Bike,139,Bilingual
21,75,Low,High,Yes,7,79,Yes,0,Low,Public,2,High School,Near,Male,65,yes,North,Taxi,117,Anglophone
16,79,High,Medium,Yes,7,74,Yes,3,Medium,Private,2,Postgraduate,Far,Male,68,yes,South,Private car,108,Anglophone
18,77,High,Medium,No,10,85,Yes,2,Medium,Public,3,Postgraduate,Near,Female,68,sometimes,Littoral,Bike,148,Francophone
16,67,Medium,Medium,Yes,5,53,Yes,2,Medium,Private,3,High School,Moderate,Male,62,yes,Centre,Private car,121,Anglophone
11,97,Low,Medium,Yes,8,60,Yes,2,Low,Public,3,College,Near,Female,66,no,Centre,Private car,162,Anglophone
21,90,Medium,Low,No,7,70,Yes,2,Low,Public,2,Postgraduate,Near,Female,68,yes,East,Walk,87,Francophone
24,79,High,Medium,No,7,81,Yes,0,High,Public,2,High School,Moderate,Male,69,no,South West,Bus,151,Anglophone
23,87,Medium,Low,No,6,57,Yes,2,High,Public,3,High School,Near,Male,67,yes,Far North,Private car,170,Francophone
25,96,Low,High,Yes,6,69,Yes,3,High,Public,2,Postgraduate,Near,Male,74,yes,Centre,Bus,180,Anglophone
22,65,Low,Medium,No,6,63,No,2,Medium,Public,3,High School,Far,Male,61,sometimes,Adamawa,Taxi,35,Bilingual
17,70,High,Medium,No,8,82,Yes,2,High,Public,2,High School,Moderate,Female,64,yes,South,Bus,87,Bilingual
25,82,Medium,Medium,No,8,96,Yes,1,Low,Private,2,High School,Moderate,Female,69,yes,Far North,Taxi,37,Francophone
12,92,High,Medium,No,4,58,Yes,2,Medium,Public,2,College,Moderate,Male,66,sometimes,Centre,Walk,58,Bilingual
15,61,Medium,Medium,No,5,59,Yes,0,Low,Public,4,High School,Near,Female,61,no,Centre,Private car,177,Anglophone
14,99,Medium,Medium,Yes,8,80,Yes,3,Medium,Private,4,College,Near,Female,71,sometimes,Far North,Walk,116,Anglophone
26,78,High,High,Yes,8,73,No,2,Low,Private,4,College,Near,Female,71,yes,Centre,Walk,110,Francophone
26,74,Medium,Medium,No,5,86,Yes,2,Low,Public,4,College,Near,Female,69,no,Adamawa,Walk,60,Bilingual
23,72,Medium,Medium,Yes,8,64,Yes,1,Low,Public,4,Postgraduate,Near,Female,66,yes,North,Private car,94,Anglophone
26,67,Low,Medium,Yes,7,77,Yes,2,Low,Private,3,High School,Moderate,Male,64,sometimes,East,Taxi,88,Anglophone
15,92,Low,Medium,No,8,69,Yes,1,High,Private,4,Postgraduate,Near,Male,68,no,Littoral,Bike,146,Anglophone
22,98,High,Medium,Yes,6,64,Yes,0,Medium,Public,3,High School,Moderate,Female,71,no,Adamawa,Private car,30,Anglophone
19,77,High,Medium,Yes,5,86,Yes,0,Medium,Public,4,High School,Near,Male,66,yes,Far North,Bike,128,Francophone
25,98,Medium,Medium,Yes,7,90,Yes,1,High,Public,4,Postgraduate,Near,Male,94,sometimes,North,Private car,151,Francophone
19,93,Low,High,Yes,7,66,Yes,1,Medium,Private,3,High School,Near,Female,68,no,Centre,Walk,164,Francophone
18,79,Medium,Medium,No,7,81,No,1,Medium,Private,4,College,Moderate,Female,66,yes,North West,Bike,27,Bilingual
23,87,High,Low,No,6,59,Yes,4,Medium,Public,2,High School,Near,Male,70,yes,Far North,Taxi,57,Bilingual
25,77,Medium,Medium,No,10,90,Yes,1,Low,Public,3,High School,Near,Male,68,no,Centre,Private car,151,Bilingual
16,82,High,Low,No,4,64,Yes,1,Medium,Private,2,Postgraduate,Moderate,Male,65,no,North,Private car,144,Anglophone
20,62,Medium,Medium,Yes,6,59,Yes,3,Medium,Public,4,High School,Near,Male,64,sometimes,South West,Private car,113,Anglophone
14,88,High,Medium,Yes,6,97,Yes,0,Low,Public,3,College,Near,Male,69,no,North West,Walk,55,Francophone
5,62,High,High,No,7,71,Yes,1,Low,Private,4,College,Far,Male,59,yes,South,Bike,100,Anglophone
21,93,Low,Medium,No,8,82,Yes,2,Medium,Private,4,College,Near,Male,70,no,Far North,Bike,156,Anglophone
24,93,High,Low,Yes,8,90,Yes,0,High,Private,2,College,Near,Male,72,yes,Littoral,Private car,116,Francophone
22,69,Low,Medium,No,9,84,Yes,0,Medium,Public,3,College,Moderate,Male,64,sometimes,South West,Bus,88,Anglophone
8,73,Medium,High,No,8,78,Yes,0,Medium,Private,3,High School,Near,Male,63,yes,Adamawa,Bike,144,Francophone
18,79,Medium,Medium,Yes,4,69,Yes,2,High,Private,3,College,Near,Male,67,yes,Centre,Bus,193,Bilingual
7,84,Medium,Medium,Yes,5,96,No,1,Low,Public,3,High School,Near,Male,62,no,North,Taxi,20,Anglophone
28,71,Medium,Medium,Yes,9,57,Yes,1,Low,Public,4,Postgraduate,Near,Female,69,no,South,Walk,119,Bilingual
13,84,Medium,Medium,Yes,9,94,Yes,3,Medium,Public,2,High School,Near,Male,66,no,North West,Walk,121,Bilingual
28,72,Low,Low,No,8,85,Yes,4,Low,Private,2,High School,Near,Female,66,sometimes,Adamawa,Bike,189,Bilingual
26,62,Low,Medium,No,6,79,Yes,1,Low,Public,3,College,Near,Female,63,sometimes,Centre,Walk,107,Francophone
15,60,Medium,Medium,No,7,66,Yes,2,High,Public,4,High School,Near,Male,62,sometimes,Littoral,Private car,180,Bilingual
13,64,Medium,High,No,6,57,Yes,1,Low,Public,3,High School,Moderate,Female,58,no,North,Bike,145,Francophone
22,92,Medium,Low,No,5,72,Yes,0,Medium,Private,4,College,Moderate,Male,67,yes,South West,Private car,36,Anglophone
15,98,Medium,Medium,Yes,7,89,No,2,Low,Public,3,College,Moderate,Male,68,yes,Far North,Walk,63,Anglophone
21,77,High,Medium,No,10,87,Yes,1,Low,Public,3,College,Near,Male,67,no,South West,Bus,161,Francophone
17,81,Medium,Medium,No,6,82,Yes,3,Low,Private,4,College,Near,Male,67,sometimes,Far North,Bike,128,Francophone
9,66,Low,Medium,No,9,100,Yes,3,Medium,Public,3,College,Near,Male,62,sometimes,Adamawa,Bike,96,Francophone
7,82,Medium,High,Yes,6,99,Yes,2,Medium,Public,2,Postgraduate,Moderate,Male,66,no,Adamawa,Private car,157,Francophone
21,66,Medium,Medium,Yes,5,70,Yes,1,Low,Private,5,High School,Near,Female,65,sometimes,North West,Walk,32,Anglophone
17,84,Medium,High,Yes,8,60,Yes,0,Low,Private,5,College,Near,Female,67,no,Littoral,Bike,30,Francophone
17,97,Medium,Low,No,7,73,No,1,Medium,Private,4,College,Near,Male,69,yes,North West,Taxi,98,Francophone
24,68,Medium,High,Yes,9,92,Yes,1,Low,Public,2,High School,Near,Male,67,sometimes,Adamawa,Private car,70,Anglophone
27,91,Low,Medium,Yes,9,73,Yes,0,Low,Private,3,College,Near,Male,69,no,East,Bus,74,Francophone
18,61,Medium,Low,No,7,67,Yes,2,High,Public,4,High School,Near,Male,62,yes,Centre,Bike,56,Francophone
18,75,Medium,Medium,Yes,9,87,Yes,3,Low,Public,3,Postgraduate,Near,Female,67,no,South West,Private car,36,Anglophone
23,64,Medium,Low,Yes,6,83,Yes,0,Medium,Public,3,High School,Moderate,Male,63,no,Adamawa,Walk,183,Anglophone
12,74,Medium,Medium,No,6,98,Yes,2,Low,Public,3,College,Near,Male,65,no,Centre,Bus,151,Bilingual
21,67,Medium,Medium,Yes,9,77,Yes,3,High,Public,3,College,Moderate,Female,66,yes,Littoral,Private car,132,Anglophone
23,75,Medium,High,Yes,5,98,Yes,3,Medium,Public,1,College,Near,Female,71,yes,Littoral,Walk,60,Francophone
24,77,Low,High,Yes,7,65,Yes,1,Medium,Private,4,Postgraduate,Near,Male,70,yes,West,Walk,98,Anglophone
8,72,High,High,Yes,9,93,Yes,4,Medium,Public,4,High School,Near,Male,68,sometimes,North West,Taxi,108,Bilingual
15,86,High,Medium,Yes,9,68,Yes,0,Medium,Public,3,High School,Near,Male,67,yes,North,Taxi,106,Bilingual
15,97,Medium,High,No,6,90,Yes,2,High,Private,0,High School,Near,Male,71,sometimes,Centre,Taxi,63,Francophone
21,76,Low,Medium,Yes,9,96,Yes,1,Low,Public,5,High School,Near,Male,65,yes,Littoral,Private car,32,Anglophone
23,68,Low,Medium,Yes,5,81,Yes,1,Low,Public,2,Postgraduate,Near,Male,64,sometimes,North West,Bus,100,Anglophone
29,71,Medium,Medium,Yes,6,86,Yes,1,Low,Public,2,College,Near,Female,69,no,South,Bus,62,Bilingual
17,94,Medium,Low,Yes,7,98,Yes,1,Medium,Public,2,High School,Near,Male,68,yes,East,Bus,168,Bilingual
17,83,Medium,Low,Yes,8,69,Yes,4,Low,Public,3,College,Near,Male,67,no,Littoral,Private car,30,Francophone
27,78,Medium,Medium,Yes,5,76,Yes,1,Medium,Private,4,Postgraduate,Near,Male,71,sometimes,North,Walk,47,Bilingual
22,66,Medium,Low,Yes,10,95,Yes,1,Medium,Private,3,High School,Near,Male,64,no,South,Taxi,146,Bilingual
28,78,Medium,High,Yes,4,84,Yes,2,Low,Public,3,College,Far,Female,69,sometimes,North,Bike,101,Bilingual
22,71,Medium,High,Yes,7,94,Yes,1,Medium,Public,4,High School,Near,Male,68,yes,Far North,Bus,27,Bilingual
13,98,High,Low,Yes,7,81,Yes,1,Medium,Private,3,Postgraduate,Near,Male,69,yes,North,Bike,72,Bilingual
12,95,Medium,Medium,No,4,87,Yes,0,Low,Public,3,High School,Moderate,Male,67,no,East,Bike,189,Francophone
11,63,Medium,High,Yes,9,51,Yes,0,Low,Public,3,College,Moderate,Male,58,no,Adamawa,Bus,102,Francophone
24,81,Low,Medium,Yes,6,67,Yes,0,Medium,Public,2,High School,Far,Male,66,sometimes,East,Private car,162,Anglophone
27,69,Medium,High,Yes,7,89,Yes,2,High,Private,1,High School,Moderate,Male,69,no,South,Taxi,108,Francophone
31,76,Medium,High,Yes,7,70,Yes,3,Low,Public,3,College,Moderate,Male,70,sometimes,South West,Bike,148,Bilingual
25,95,Medium,Low,Yes,5,68,Yes,1,Medium,Public,3,High School,Far,Male,70,sometimes,Adamawa,Private car,118,Anglophone
27,81,Medium,Low,Yes,5,98,Yes,0,High,Public,3,High School,Near,Male,70,sometimes,West,Bike,29,Bilingual
17,73,High,High,No,9,78,Yes,0,Low,Public,3,Postgraduate,Moderate,Female,66,no,South West,Taxi,147,Bilingual
13,68,Low,High,No,7,60,Yes,1,Medium,Private,3,College,Moderate,Female,61,no,East,Walk,130,Francophone
25,92,Medium,Medium,Yes,4,74,Yes,3,Low,Public,2,High School,Moderate,Female,71,no,North,Private car,183,Anglophone
23,85,High,Low,Yes,7,76,Yes,2,Low,Public,3,College,,Female,69,no,North,Bus,161,Bilingual
21,79,Medium,Medium,Yes,7,99,Yes,2,Low,Public,2,Postgraduate,Near,Male,69,no,South West,Taxi,196,Francophone
22,69,High,Medium,No,7,86,Yes,0,Medium,Public,1,High School,Near,Female,65,no,West,Walk,141,Francophone
22,73,High,High,Yes,4,76,Yes,3,Medium,Public,4,College,Far,Male,69,yes,West,Taxi,39,Bilingual
28,98,Medium,High,Yes,7,72,Yes,1,Low,Private,2,College,Near,Male,74,no,East,Walk,137,Francophone
28,81,Medium,Medium,Yes,6,96,Yes,2,Low,Private,5,High School,Moderate,Male,71,no,Far North,Bus,110,Anglophone
23,76,High,Medium,No,7,82,Yes,0,Medium,Private,1,College,Near,Male,68,sometimes,Adamawa,Bike,70,Francophone
25,81,High,High,Yes,8,68,Yes,0,Low,Public,3,College,Moderate,Female,69,no,Far North,Bike,54,Anglophone
23,91,Low,Medium,Yes,8,73,No,3,Medium,Public,5,High School,Far,Male,68,sometimes,East,Bus,105,Bilingual
17,74,Medium,Low,No,9,64,Yes,2,Medium,Public,3,High School,Near,Male,63,sometimes,North,Private car,41,Bilingual
25,67,Medium,Medium,Yes,10,98,Yes,0,High,Public,2,High School,Near,Male,68,no,South West,Bus,77,Bilingual
12,83,High,Medium,Yes,5,85,Yes,2,Low,Private,2,College,Near,Male,67,no,North,Bike,194,Francophone
26,87,Medium,High,No,6,70,Yes,3,Medium,Public,3,College,Moderate,Male,71,yes,East,Private car,47,Anglophone
13,89,High,High,No,8,59,Yes,0,Low,Public,2,Postgraduate,Moderate,Male,66,sometimes,Adamawa,Bike,154,Anglophone
22,95,High,Medium,No,7,59,Yes,2,Low,Public,3,High School,Near,Male,69,sometimes,East,Bus,55,Francophone
15,75,High,Medium,Yes,4,74,Yes,3,Medium,Public,4,College,Near,Female,68,yes,Far North,Bike,138,Bilingual
23,63,Medium,Medium,No,7,73,Yes,1,Low,Public,3,College,Moderate,Male,63,sometimes,Far North,Bike,195,Francophone
20,98,Medium,Medium,No,9,71,Yes,0,Low,Public,4,College,Moderate,Male,69,sometimes,Adamawa,Private car,38,Francophone
10,77,Low,High,Yes,5,93,Yes,3,Low,Public,3,College,Near,Female,66,no,East,Taxi,199,Anglophone
23,85,Medium,Medium,Yes,7,99,Yes,1,Low,Public,5,College,Near,Female,71,no,South,Private car,168,Francophone
17,87,Medium,High,No,4,68,Yes,2,Low,Public,4,Postgraduate,Moderate,Male,68,yes,Littoral,Private car,55,Bilingual
25,82,Medium,Medium,Yes,8,65,Yes,0,High,Private,4,High School,Near,Male,69,no,North,Taxi,121,Francophone
20,68,Medium,Medium,Yes,7,89,Yes,0,Medium,Private,3,High School,Far,Female,65,sometimes,South,Taxi,79,Bilingual
22,90,Medium,Low,Yes,6,72,Yes,0,Low,Public,4,College,Near,Male,68,sometimes,Adamawa,Bike,188,Francophone
14,92,High,Medium,Yes,6,61,Yes,0,Low,Private,2,College,Moderate,Male,67,yes,North West,Walk,168,Bilingual
16,82,Medium,Medium,No,5,59,Yes,1,Medium,Public,3,High School,Near,Male,65,no,Adamawa,Bike,103,Francophone
17,80,Low,Medium,Yes,9,64,Yes,1,Low,Private,4,Postgraduate,Far,Female,65,yes,South,Taxi,193,Bilingual
25,65,Medium,Low,Yes,6,50,Yes,2,Low,Public,2,College,Near,Female,64,yes,Centre,Bike,123,Anglophone
30,63,High,High,No,8,97,Yes,1,Low,Public,3,High School,Near,Female,69,no,West,Private car,116,Bilingual
15,74,High,Low,No,6,72,Yes,2,Low,Public,3,High School,Near,Male,64,yes,South West,Bus,184,Bilingual
26,72,Medium,Medium,No,10,54,No,2,High,Public,2,College,Moderate,Male,66,yes,Adamawa,Walk,174,Bilingual
7,98,Medium,Low,Yes,9,58,Yes,2,Medium,Private,5,College,Near,Male,65,sometimes,West,Taxi,25,Bilingual
13,91,High,Medium,Yes,10,66,Yes,2,Medium,Public,4,High School,Near,Female,69,yes,Far North,Walk,151,Anglophone
14,86,Low,Medium,Yes,10,78,Yes,3,Medium,Private,4,High School,Near,Female,66,sometimes,Far North,Walk,76,Anglophone
12,81,Medium,Medium,Yes,6,85,Yes,0,Low,Private,2,High School,Near,Male,64,sometimes,Littoral,Bike,160,Francophone
10,67,Medium,Medium,Yes,6,65,Yes,1,Medium,Public,4,High School,Near,Female,61,sometimes,East,Bike,22,Francophone
22,99,Medium,Medium,No,10,98,Yes,1,Medium,Private,1,College,Near,Male,72,yes,Adamawa,Taxi,159,Bilingual
19,75,Medium,Medium,Yes,7,88,Yes,1,Medium,Private,3,Postgraduate,Moderate,Male,67,yes,East,Walk,83,Bilingual
22,64,Low,Medium,Yes,8,91,Yes,0,Low,Public,4,College,Moderate,Female,63,no,Littoral,Bus,79,Francophone
24,80,Medium,High,No,6,66,Yes,1,Medium,Public,3,College,Moderate,Male,69,yes,Centre,Bus,179,Anglophone
22,95,Low,High,Yes,6,69,Yes,3,Medium,Public,2,Postgraduate,Far,Male,70,no,North West,Bike,105,Francophone
24,95,Medium,High,Yes,8,77,Yes,1,Low,Public,3,High School,Near,Male,71,sometimes,South,Walk,126,Bilingual
20,60,Medium,Low,Yes,4,73,Yes,0,Low,Public,1,Postgraduate,Moderate,Female,60,yes,North West,Private car,139,Bilingual
13,95,Medium,High,Yes,8,63,Yes,3,Medium,Private,2,Postgraduate,Near,Female,70,yes,East,Taxi,105,Francophone
26,71,Low,High,No,8,100,Yes,1,Low,Private,4,College,Near,Female,69,yes,Centre,Walk,63,Anglophone
16,62,Medium,High,No,6,92,No,0,Medium,Private,4,High School,Near,Female,63,sometimes,Far North,Walk,66,Anglophone
14,94,Medium,Medium,Yes,7,62,Yes,2,Medium,Private,1,Postgraduate,Near,Male,69,sometimes,South West,Walk,191,Francophone
19,95,Medium,Medium,Yes,7,95,Yes,0,Medium,Private,2,College,Near,Male,71,sometimes,South West,Walk,178,Francophone
15,84,Medium,High,Yes,7,79,Yes,1,Medium,Public,4,High School,Near,Female,68,sometimes,South West,Bus,51,Bilingual
17,83,Medium,High,No,8,51,Yes,0,Low,Public,4,High School,Moderate,Male,64,sometimes,Far North,Bike,23,Bilingual
22,93,Low,Medium,No,6,67,Yes,0,Medium,Public,3,College,Near,Female,68,yes,North West,Private car,181,Anglophone
22,91,Low,Medium,Yes,10,51,Yes,2,High,Public,3,High School,Near,Female,69,yes,Littoral,Private car,103,Francophone
15,96,Medium,Low,No,7,54,Yes,0,Low,Public,3,College,Near,Female,65,no,East,Bike,193,Francophone
17,82,Medium,Medium,Yes,7,59,Yes,3,Medium,Public,4,College,Near,Male,68,yes,South,Walk,33,Bilingual
26,99,Medium,High,Yes,10,74,Yes,1,Medium,Private,2,College,Near,Male,74,no,Far North,Walk,24,Anglophone
23,100,High,Low,Yes,4,69,Yes,0,Low,Public,4,Postgraduate,Near,Female,72,no,North,Private car,138,Bilingual
32,65,High,Medium,No,10,57,Yes,1,High,Private,2,High School,Near,Female,67,sometimes,Far North,Bike,120,Anglophone
27,94,High,High,Yes,7,70,Yes,1,Medium,Public,2,High School,Moderate,Female,73,no,East,Bus,135,Anglophone
27,80,Medium,Medium,No,6,65,No,1,High,Private,4,College,Moderate,Male,68,sometimes,South,Private car,171,Bilingual
12,76,Medium,Low,Yes,5,71,Yes,0,Medium,Public,4,High School,Near,Male,61,no,North,Bus,38,Francophone
25,85,High,High,No,5,59,Yes,3,Low,Public,4,High School,Near,Female,70,no,Centre,Walk,180,Bilingual
20,62,Medium,Low,Yes,6,80,No,1,Medium,Public,3,College,Moderate,Female,62,sometimes,West,Walk,99,Anglophone
17,80,Medium,Medium,Yes,7,52,Yes,2,Medium,Private,3,Postgraduate,Near,Female,67,yes,Centre,Bike,30,Anglophone
21,95,Low,High,Yes,8,69,No,0,Low,Public,3,Postgraduate,Near,Male,69,no,South,Bike,146,Bilingual
26,69,High,High,No,7,95,No,0,Medium,Public,3,Postgraduate,Near,Female,93,sometimes,Adamawa,Private car,151,Francophone
23,77,Medium,High,No,6,71,Yes,3,Medium,Private,4,High School,Moderate,Male,68,no,East,Walk,106,Francophone
15,98,Medium,Medium,Yes,9,72,Yes,1,Low,Public,2,College,Near,Female,69,sometimes,Centre,Bike,90,Bilingual
24,77,Medium,Medium,Yes,10,53,Yes,2,High,Public,4,College,Moderate,Male,68,sometimes,West,Private car,114,Francophone
16,74,Medium,High,No,9,80,Yes,0,Medium,Public,5,High School,Near,Male,64,sometimes,East,Bike,134,Anglophone
21,78,High,Medium,Yes,6,97,Yes,0,Medium,Public,2,High School,Near,Female,69,sometimes,Littoral,Bike,180,Francophone
18,81,Medium,Medium,No,8,65,Yes,2,Low,Public,4,Postgraduate,Near,Male,66,yes,North West,Bus,108,Francophone
19,85,Medium,Medium,No,8,70,Yes,4,High,Public,3,High School,Moderate,Male,68,yes,West,Walk,156,Francophone
25,92,Medium,Medium,Yes,9,79,Yes,3,Medium,Public,4,College,Moderate,Male,72,sometimes,North West,Taxi,102,Francophone
14,78,High,Medium,No,6,55,Yes,2,Low,Private,2,High School,Near,Female,63,no,East,Bus,178,Bilingual
32,93,High,Medium,No,6,98,Yes,0,Medium,Public,4,High School,Near,Male,73,yes,East,Bike,67,Bilingual
9,81,High,Medium,Yes,9,73,Yes,1,Medium,Public,1,Postgraduate,Near,Male,65,yes,South,Taxi,123,Anglophone
16,74,High,High,Yes,8,56,Yes,1,Low,Private,2,High School,Near,Female,65,no,East,Walk,31,Francophone
22,86,Low,Medium,Yes,5,67,Yes,0,High,Public,2,College,Near,Male,68,yes,South,Private car,169,Bilingual
24,89,High,Medium,No,8,69,No,3,High,Public,2,College,Near,Male,70,no,North West,Bike,24,Anglophone
19,82,Medium,Medium,No,10,67,Yes,0,Low,Public,2,Postgraduate,Far,Male,65,sometimes,Far North,Walk,109,Francophone
20,62,High,Medium,Yes,6,85,Yes,2,Medium,Public,3,College,Near,Female,66,no,East,Walk,130,Francophone
22,67,Medium,High,Yes,6,67,Yes,1,Low,Private,1,College,Near,Male,66,sometimes,South West,Bike,80,Anglophone
19,71,Medium,High,Yes,7,66,Yes,2,Low,Public,3,,Near,Female,65,sometimes,North West,Walk,20,Bilingual
28,71,Medium,High,No,8,66,Yes,2,Low,Private,3,College,Near,Male,69,no,North West,Private car,132,Bilingual
25,87,Low,High,Yes,7,89,Yes,1,Low,Public,4,High School,Near,Female,69,no,South,Private car,48,Anglophone
25,61,Medium,High,No,9,65,Yes,2,Medium,Private,4,High School,Moderate,Female,64,yes,North West,Taxi,44,Bilingual
14,90,Medium,Medium,Yes,7,51,Yes,1,Medium,Public,4,High School,Near,Female,66,sometimes,Far North,Taxi,164,Francophone
20,71,Low,Medium,Yes,9,68,Yes,1,Low,Private,3,High School,Far,Male,63,sometimes,West,Taxi,47,Francophone
18,72,High,Medium,Yes,6,64,Yes,4,Low,Public,3,Postgraduate,Near,Female,68,yes,Centre,Bike,175,Anglophone
14,81,High,Medium,Yes,5,95,Yes,2,Low,Public,3,High School,Near,Male,68,no,South,Bus,38,Francophone
22,69,High,Medium,No,6,74,Yes,1,Medium,Public,3,College,Near,Female,65,yes,Littoral,Walk,64,Anglophone
17,95,High,Medium,No,5,62,Yes,1,Medium,Private,3,High School,Moderate,Male,69,yes,Adamawa,Bike,73,Bilingual
24,63,Medium,Medium,No,8,99,Yes,2,Low,Public,1,Postgraduate,Near,Female,66,no,Littoral,Bike,152,Francophone
14,78,Medium,Medium,No,4,62,Yes,1,Low,Public,4,College,,Male,63,no,South West,Taxi,49,Francophone
30,94,Low,Medium,Yes,6,88,Yes,2,Low,Private,3,College,Near,Female,72,yes,South West,Bus,44,Anglophone
15,85,High,Medium,No,7,82,Yes,2,Medium,Public,4,High School,Far,Male,67,no,Centre,Walk,115,Anglophone
21,72,High,High,No,5,73,Yes,1,Medium,Public,3,High School,Near,Male,67,yes,Centre,Walk,29,Anglophone
25,77,High,Medium,Yes,7,70,Yes,0,Medium,Public,5,High School,Near,Male,68,yes,Adamawa,Taxi,114,Bilingual
17,88,High,High,Yes,7,94,No,2,Medium,Public,3,High School,Near,Male,71,yes,Littoral,Taxi,150,Francophone
25,99,Medium,High,No,9,74,Yes,1,Medium,Private,3,High School,Near,Male,73,no,North,Taxi,100,Francophone
13,96,Medium,Medium,No,5,69,Yes,2,Medium,Public,3,High School,Near,Male,68,no,West,Bus,126,Anglophone
29,74,High,Medium,No,8,68,Yes,0,Medium,Public,4,High School,Near,Female,69,yes,West,Bike,80,Bilingual
20,100,Medium,Medium,Yes,8,64,Yes,0,Low,Public,2,High School,Moderate,Male,69,yes,Centre,Bike,25,Anglophone
16,60,Medium,High,No,7,70,Yes,3,High,Private,4,High School,Near,Female,63,yes,Adamawa,Bike,107,Anglophone
18,61,Medium,Medium,Yes,6,56,Yes,3,Low,Public,3,High School,Moderate,Male,62,no,South West,Bus,87,Francophone
25,93,Medium,Medium,Yes,5,53,Yes,0,High,Private,5,College,Moderate,Female,70,no,South West,Bus,137,Francophone
16,68,High,Medium,No,10,77,Yes,1,High,Public,3,Postgraduate,Near,Male,66,sometimes,North West,Taxi,130,Anglophone
16,62,Medium,Medium,No,7,73,Yes,3,High,Public,3,High School,Near,Female,62,yes,Far North,Bus,80,Francophone
19,69,Medium,High,Yes,7,59,Yes,2,Low,Private,2,Postgraduate,Moderate,Female,64,sometimes,North West,Bike,62,Bilingual
13,77,Medium,Medium,Yes,10,55,Yes,2,Low,Private,3,College,Moderate,Male,63,sometimes,Littoral,Taxi,29,Bilingual
31,89,Medium,Medium,Yes,7,57,Yes,1,High,Public,2,College,Moderate,Female,71,sometimes,West,Bike,115,Francophone
17,85,High,Medium,Yes,10,66,Yes,1,High,Public,1,Postgraduate,Moderate,Male,67,yes,South,Private car,123,Anglophone
25,70,Low,High,Yes,5,73,Yes,2,Medium,Private,1,Postgraduate,Near,Male,67,yes,Adamawa,Walk,57,Francophone
21,80,Low,High,Yes,7,60,Yes,1,Medium,Public,2,College,Moderate,Male,67,yes,South,Bus,175,Anglophone
14,97,Low,Medium,Yes,5,88,Yes,2,High,Public,3,Postgraduate,Near,Male,71,no,South,Bus,106,Francophone
20,93,High,Medium,No,7,60,Yes,0,Low,Public,3,High School,Near,Male,69,no,West,Bus,22,Francophone
25,73,Medium,Medium,Yes,7,56,Yes,2,High,Public,4,High School,Near,Female,93,sometimes,South,Taxi,171,Anglophone
19,99,High,Medium,Yes,6,100,Yes,1,Low,Private,1,High School,Moderate,Male,72,no,North West,Taxi,121,Bilingual
27,88,Medium,High,No,7,72,Yes,1,Low,Public,1,High School,Near,Female,71,yes,West,Private car,70,Francophone
26,62,Medium,Medium,No,6,59,Yes,1,Medium,Public,3,High School,Moderate,Male,63,no,East,Bike,50,Francophone
26,61,High,Low,Yes,7,95,No,0,Medium,Public,3,Postgraduate,Moderate,Male,65,sometimes,Far North,Bike,36,Anglophone
17,67,Low,Medium,Yes,6,62,Yes,0,Medium,Public,3,College,Moderate,Female,61,no,North West,Taxi,68,Anglophone
14,89,Medium,Low,No,9,96,Yes,2,Low,Private,3,College,Moderate,Female,66,no,North,Bike,131,Francophone
16,67,Medium,Medium,Yes,5,56,Yes,1,Low,Public,2,College,Near,Female,61,yes,Far North,Taxi,92,Francophone
21,80,Medium,Medium,No,7,92,Yes,1,Medium,Public,3,High School,Moderate,Male,67,no,Adamawa,Taxi,192,Anglophone
23,64,Medium,Low,Yes,5,59,Yes,3,Low,Public,5,High School,Moderate,Female,64,yes,North West,Walk,151,Anglophone
7,97,Low,High,No,6,97,Yes,3,Medium,Private,2,College,Moderate,Female,69,sometimes,East,Bike,124,Bilingual
20,74,Low,Medium,No,6,79,Yes,1,High,Public,2,College,Far,Male,64,sometimes,North,Walk,43,Bilingual
21,96,Medium,Medium,Yes,7,59,Yes,2,High,Public,2,College,Near,Male,70,no,North West,Walk,171,Anglophone
18,98,High,Medium,Yes,7,92,Yes,2,Low,Private,4,High School,Near,Male,73,sometimes,Littoral,Bus,105,Bilingual
28,60,Low,Medium,Yes,5,70,Yes,0,Low,Private,5,High School,Near,Male,63,yes,Littoral,Taxi,167,Francophone
23,79,Medium,Medium,Yes,6,87,No,2,Low,Public,4,College,Moderate,Male,68,yes,South,Taxi,47,Anglophone
28,61,Low,Low,Yes,6,82,Yes,0,Medium,Public,3,College,Near,Female,64,no,Adamawa,Walk,162,Bilingual
19,96,Medium,Low,Yes,5,86,No,3,Medium,Public,3,High School,Moderate,Male,69,sometimes,Adamawa,Private car,122,Anglophone
26,81,Medium,Medium,Yes,9,67,Yes,3,Low,Public,2,College,Near,Female,69,no,Far North,Bus,154,Francophone
30,63,High,Low,No,5,97,Yes,2,Low,Public,2,College,Moderate,Female,67,no,North,Bus,32,Bilingual
28,64,High,Low,Yes,7,78,Yes,3,Medium,Private,4,Postgraduate,Moderate,Male,69,no,South,Walk,55,Bilingual
13,75,Medium,High,No,10,54,Yes,1,Low,Private,3,College,Near,Male,62,yes,Adamawa,Taxi,83,Francophone
18,98,Low,Medium,No,9,53,Yes,0,High,Public,1,High School,Moderate,Male,66,sometimes,East,Walk,111,Anglophone
18,88,Low,Medium,No,8,87,Yes,2,Medium,Public,2,Postgraduate,Moderate,Female,68,no,North,Walk,125,Anglophone
23,95,High,Low,No,7,92,Yes,1,Low,Public,1,High School,Near,Female,71,yes,Far North,Taxi,60,Bilingual
24,75,Medium,Low,No,8,85,Yes,1,Low,Public,2,Postgraduate,Near,Male,66,yes,South West,Private car,156,Francophone
15,62,Low,High,No,8,64,Yes,2,Low,Public,4,College,Near,Female,62,no,West,Walk,135,Anglophone
20,99,Low,Low,Yes,9,61,Yes,1,High,Private,4,High School,Moderate,Male,68,yes,East,Bus,167,Bilingual
8,61,Medium,Low,Yes,7,78,Yes,0,Medium,Private,3,High School,Near,Female,59,sometimes,West,Private car,97,Bilingual
29,98,Medium,Medium,Yes,9,60,Yes,0,Low,Private,4,High School,Near,Female,70,no,East,Private car,158,Francophone
17,75,High,Low,Yes,7,69,Yes,1,High,Public,4,High School,Near,Male,66,yes,Littoral,Private car,123,Anglophone
20,60,Medium,Medium,Yes,10,81,Yes,3,Low,Public,3,College,Near,Male,65,sometimes,Far North,Bus,192,Anglophone
18,88,Medium,Medium,No,7,64,Yes,0,Medium,Public,4,College,Moderate,Male,66,no,Centre,Walk,170,Francophone
27,99,Medium,Medium,Yes,5,69,Yes,2,Medium,Public,2,Postgraduate,Moderate,Male,73,sometimes,Littoral,Bike,119,Anglophone
3,99,Medium,Low,Yes,7,68,Yes,2,High,Private,3,High School,Near,Female,65,sometimes,South,Bike,185,Anglophone
20,66,Medium,High,Yes,8,73,Yes,0,High,Public,3,High School,Moderate,Male,65,no,South West,Walk,112,Anglophone
19,67,High,Medium,No,9,84,Yes,0,Medium,Public,3,,Moderate,Female,64,no,Far North,Private car,112,Francophone
17,83,Medium,Medium,Yes,6,89,Yes,0,Low,Public,4,Postgraduate,Near,Male,69,yes,West,Taxi,41,Bilingual
30,85,Medium,Medium,No,4,83,Yes,2,High,Public,3,Postgraduate,Near,Female,74,sometimes,Far North,Bus,41,Francophone
15,90,High,High,Yes,8,51,Yes,2,High,Public,2,High School,Moderate,Female,68,no,East,Private car,176,Anglophone
25,67,Low,Medium,No,8,95,Yes,0,Medium,Public,4,Postgraduate,Moderate,Female,65,yes,North West,Bike,189,Anglophone
22,98,Medium,High,Yes,5,79,No,2,High,Public,5,High School,Moderate,Male,72,sometimes,North,Bike,92,Anglophone
28,86,Medium,Medium,Yes,7,96,Yes,2,Medium,Public,4,High School,Near,Male,71,sometimes,Adamawa,Bus,148,Bilingual
16,94,High,Medium,No,7,98,Yes,0,Low,Public,4,High School,Moderate,Female,69,no,Littoral,Bike,90,Anglophone
16,82,Low,High,Yes,8,73,Yes,3,Low,Public,1,College,Near,Male,67,sometimes,North West,Walk,89,Francophone
27,77,Medium,High,Yes,6,96,Yes,0,Medium,Public,3,Postgraduate,Moderate,Male,71,sometimes,East,Bike,22,Anglophone
23,99,Low,Low,Yes,6,68,Yes,1,Medium,Public,3,College,Far,Male,68,no,West,Walk,124,Bilingual
11,83,Low,Medium,No,7,63,Yes,3,High,Public,2,,Far,Female,63,no,Centre,Bus,33,Bilingual
17,95,High,Medium,No,5,54,Yes,2,High,Public,2,College,Moderate,Female,69,sometimes,Littoral,Walk,99,Anglophone
22,98,Medium,Low,No,10,73,Yes,1,Low,Public,4,College,Near,Female,68,no,South,Walk,161,Bilingual
25,87,High,High,Yes,8,84,Yes,2,High,Public,4,College,Moderate,Male,73,sometimes,East,Walk,75,Anglophone
16,82,Medium,Medium,Yes,6,99,Yes,3,High,Public,2,High School,Near,Male,69,no,West,Walk,170,Francophone
3,60,Medium,Medium,Yes,5,76,Yes,0,Medium,Private,4,High School,Moderate,Female,58,yes,West,Walk,141,Anglophone
23,62,High,Low,No,5,87,Yes,1,High,Private,3,High School,Near,Male,65,no,North West,Walk,57,Bilingual
13,68,Medium,Medium,Yes,8,95,Yes,2,Low,Private,4,High School,Moderate,Male,63,no,North,Bus,166,Francophone
8,67,Low,Low,No,5,77,Yes,1,Medium,Public,2,College,,Male,59,sometimes,West,Walk,78,Francophone
3,70,Medium,Medium,Yes,7,58,Yes,0,Medium,Private,2,High School,Moderate,Male,58,sometimes,South West,Bike,146,Bilingual
25,72,Medium,Medium,Yes,4,92,Yes,1,Low,Private,2,High School,Near,Male,66,no,Far North,Private car,100,Francophone
21,74,Medium,High,Yes,8,79,Yes,0,Low,Private,4,High School,Near,Male,67,sometimes,Littoral,Bike,85,Francophone
19,77,High,Medium,Yes,8,88,No,3,Low,Public,3,College,Moderate,Male,67,yes,Littoral,Private car,101,Bilingual
28,64,High,Medium,No,7,83,Yes,2,High,Private,4,High School,Moderate,Male,67,sometimes,North,Private car,163,Francophone
24,62,High,Low,Yes,7,53,Yes,0,Medium,Public,6,Postgraduate,Near,Female,65,yes,Littoral,Private car,190,Francophone
30,87,High,Medium,Yes,8,58,Yes,1,Low,Public,1,College,Near,Male,71,sometimes,East,Bike,180,Bilingual
12,81,Medium,Medium,Yes,7,64,Yes,2,High,Public,3,High School,Near,Male,66,sometimes,West,Walk,150,Francophone
20,78,Medium,High,Yes,8,64,Yes,2,High,Private,2,High School,Moderate,Female,68,sometimes,West,Bus,22,Bilingual
10,85,Medium,High,Yes,5,92,Yes,0,Low,Private,4,High School,Far,Female,65,yes,South West,Walk,173,Bilingual
19,93,High,High,No,8,80,Yes,1,Medium,Private,3,College,Moderate,Male,71,sometimes,South West,Private car,92,Bilingual
19,77,Medium,Low,Yes,7,54,Yes,2,Low,Private,4,High School,Near,Female,64,no,Adamawa,Bus,87,Francophone
24,86,Medium,High,Yes,9,69,Yes,1,Medium,Public,3,Postgraduate,Near,Male,72,sometimes,South,Walk,165,Bilingual
20,98,Low,Low,No,7,78,Yes,4,High,Public,2,High School,Far,Male,69,yes,Centre,Bike,161,Bilingual
24,94,Medium,Medium,No,7,63,Yes,1,Low,Public,3,High School,Near,Male,70,sometimes,Adamawa,Bike,132,Bilingual
24,77,Medium,Medium,Yes,6,52,Yes,0,Medium,Private,4,High School,Near,Male,66,no,Far North,Bike,146,Bilingual
33,86,Medium,Medium,No,9,69,No,0,Medium,Public,3,College,Near,Female,70,yes,Centre,Taxi,103,Francophone
18,67,High,Low,No,4,73,Yes,0,Medium,Private,2,Postgraduate,Moderate,Male,62,no,South,Private car,56,Anglophone
14,82,Low,Medium,Yes,8,95,Yes,1,Low,Private,3,Postgraduate,Moderate,Male,66,sometimes,East,Walk,67,Bilingual
21,99,High,Low,No,7,95,Yes,2,Low,Public,1,High School,Near,Female,70,sometimes,South,Private car,119,Francophone
15,81,Low,Low,Yes,7,75,Yes,1,Medium,Public,1,Postgraduate,Moderate,Male,63,sometimes,Far North,Walk,174,Anglophone
29,97,High,Medium,Yes,7,74,Yes,1,Medium,Public,4,High School,Near,Female,73,sometimes,South West,Private car,134,Francophone
18,76,Medium,High,Yes,7,82,Yes,2,Medium,Public,4,Postgraduate,Near,Female,70,yes,South West,Walk,71,Francophone
17,100,High,High,No,8,63,Yes,1,Low,Private,5,High School,Near,Male,71,no,West,Taxi,69,Francophone
17,83,Low,Medium,No,6,64,Yes,1,Medium,Private,4,High School,Near,Female,65,yes,Centre,Taxi,169,Bilingual
24,62,Medium,Low,Yes,7,50,Yes,1,High,Private,2,Postgraduate,Near,Male,64,yes,South West,Private car,97,Anglophone
19,83,High,Low,Yes,8,54,Yes,1,Low,Private,4,High School,Moderate,Male,66,no,Centre,Walk,113,Francophone
16,71,Low,Low,Yes,6,59,Yes,1,Low,Public,3,Postgraduate,Near,Male,82,no,Adamawa,Bus,83,Bilingual
30,61,Low,High,Yes,8,82,Yes,2,Low,Public,3,Postgraduate,Near,Female,68,no,South West,Taxi,132,Bilingual
15,93,Medium,Medium,No,8,61,Yes,1,Medium,Public,4,High School,Near,Female,67,sometimes,Littoral,Bike,138,Francophone
20,71,Low,High,Yes,6,56,Yes,5,Medium,Private,5,College,Near,Male,68,sometimes,South,Walk,57,Anglophone
24,92,Low,High,Yes,5,81,Yes,2,Low,Private,3,High School,Near,Male,69,no,Littoral,Bike,121,Bilingual
10,72,Medium,Medium,Yes,6,83,Yes,0,Medium,Public,4,High School,Near,Male,63,yes,Centre,Bus,72,Bilingual
23,68,Medium,High,No,7,53,Yes,3,High,Public,3,High School,Moderate,Female,66,yes,East,Bus,50,Anglophone
14,99,Medium,Medium,No,7,89,No,0,Medium,Private,2,Postgraduate,Far,Female,68,yes,Adamawa,Bus,128,Anglophone
25,74,High,Medium,Yes,9,80,Yes,4,Medium,Public,3,College,Moderate,Female,71,no,Adamawa,Private car,109,Anglophone
14,84,Medium,High,Yes,6,70,Yes,2,High,Public,3,College,Near,Female,69,no,West,Taxi,183,Bilingual
24,84,Low,Medium,Yes,6,99,Yes,1,Medium,Public,2,Postgraduate,Far,Female,70,no,North,Walk,131,Francophone
27,82,Medium,Medium,No,8,51,Yes,3,High,Public,2,College,Near,Male,70,no,Centre,Taxi,36,Anglophone
25,97,Medium,Medium,Yes,6,77,Yes,1,Low,Private,4,Postgraduate,Near,Male,73,yes,South West,Taxi,159,Francophone
22,87,Medium,High,Yes,6,58,Yes,0,Low,Private,4,High School,Near,Female,68,yes,West,Bus,122,Francophone
19,76,Medium,Low,Yes,6,66,Yes,1,High,Public,3,High School,Near,Male,65,no,South,Bike,141,Bilingual
17,94,High,High,Yes,4,57,Yes,4,Medium,Public,4,High School,Moderate,Male,72,no,South,Bus,133,Bilingual
29,67,High,Low,Yes,8,83,Yes,2,Low,Private,4,High School,Near,Female,67,no,South West,Bike,66,Anglophone
16,82,Low,Medium,Yes,8,70,Yes,4,Low,Public,4,College,Near,Female,68,sometimes,South,Taxi,182,Anglophone
14,98,Medium,Medium,Yes,8,99,Yes,0,High,Public,3,High School,Near,Male,69,yes,North,Bike,39,Anglophone
24,85,Medium,Medium,Yes,10,83,Yes,1,Medium,Public,4,College,Moderate,Female,70,no,West,Private car,142,Anglophone
15,93,High,Medium,Yes,9,96,Yes,1,Medium,Public,2,High School,Moderate,Female,69,sometimes,Littoral,Walk,186,Bilingual
14,86,High,High,Yes,6,62,Yes,1,Medium,Private,2,High School,Near,Male,68,no,Far North,Bus,170,Anglophone
11,94,Medium,Medium,No,9,66,No,2,Low,Private,2,High School,Moderate,Male,65,no,North West,Bus,68,Bilingual
17,98,Medium,High,Yes,7,68,Yes,1,Low,Public,4,College,Moderate,Male,70,sometimes,South West,Walk,153,Francophone
20,71,Medium,Low,Yes,6,92,Yes,1,Low,Private,4,College,Near,Male,65,no,West,Bike,79,Francophone
21,67,Medium,Low,No,6,61,Yes,0,Low,Private,3,High School,Moderate,Female,61,sometimes,North,Bus,32,Bilingual
26,79,Medium,Low,No,7,97,Yes,1,High,Private,2,High School,Near,Male,69,no,North,Bus,57,Francophone
23,88,Medium,Low,Yes,7,52,Yes,0,Medium,Public,4,High School,Near,Male,67,yes,Adamawa,Walk,140,Bilingual
19,69,Medium,Medium,Yes,9,94,Yes,1,Low,Public,3,High School,Moderate,Male,65,sometimes,North West,Walk,61,Francophone
19,60,Medium,Medium,No,8,73,Yes,3,Medium,Private,3,High School,Near,Male,63,sometimes,South West,Bike,184,Anglophone
23,74,Medium,High,Yes,6,76,Yes,0,Medium,Private,4,High School,Near,Male,67,no,South,Taxi,42,Bilingual
28,99,High,Low,No,5,100,Yes,6,Medium,Private,5,High School,Moderate,Female,76,yes,West,Private car,23,Bilingual
21,88,Medium,Medium,No,8,94,Yes,0,Medium,Public,3,College,Near,Male,70,no,Centre,Taxi,21,Francophone
17,76,Medium,High,Yes,8,95,Yes,1,Low,Private,4,Postgraduate,Near,Female,67,sometimes,East,Bike,49,Francophone
14,68,High,High,Yes,9,79,Yes,2,Low,Private,4,College,Near,Female,66,no,West,Bike,112,Anglophone
11,74,Medium,High,Yes,7,98,Yes,1,Low,Public,2,High School,Near,Male,65,sometimes,Littoral,Walk,171,Francophone
24,67,Low,High,No,8,84,Yes,0,Low,Public,1,College,Near,Female,65,no,Centre,Private car,67,Francophone
23,64,Low,Medium,No,8,91,Yes,2,Low,Public,3,High School,Far,Female,63,no,East,Taxi,101,Bilingual
23,96,Medium,High,Yes,5,86,Yes,3,Medium,Public,3,,Near,Male,74,no,East,Walk,84,Anglophone
19,100,Low,High,Yes,7,89,Yes,2,High,Private,3,College,Moderate,Male,72,sometimes,West,Bike,103,Francophone
28,67,High,High,No,8,82,Yes,1,High,Public,4,High School,Near,Female,68,no,Centre,Bus,74,Anglophone
17,62,Medium,Low,No,8,86,Yes,2,Medium,Public,4,High School,Moderate,Female,62,sometimes,Far North,Bus,154,Francophone
26,73,Low,High,No,7,72,Yes,1,Low,Private,3,College,Far,Male,65,no,Far North,Bus,91,Francophone
20,78,High,Medium,Yes,10,85,Yes,1,High,Private,3,High School,Near,Male,69,sometimes,Littoral,Private car,72,Francophone
16,68,Medium,Low,Yes,10,64,Yes,2,High,Public,2,High School,Moderate,Male,61,no,East,Taxi,89,Francophone
24,72,Medium,Medium,Yes,7,82,Yes,2,Medium,Private,4,High School,Far,Male,67,sometimes,Centre,Private car,190,Francophone
22,68,Medium,High,No,7,76,Yes,1,Medium,Public,4,High School,Near,Male,66,sometimes,West,Private car,71,Bilingual
22,91,Low,Medium,Yes,8,95,Yes,1,Low,Private,2,High School,Near,Male,70,no,South West,Walk,97,Anglophone
20,89,Medium,High,No,7,84,Yes,5,High,Public,3,Postgraduate,Moderate,Male,72,sometimes,Littoral,Private car,145,Bilingual
20,85,High,Low,Yes,9,80,Yes,3,Low,Private,3,Postgraduate,Moderate,Male,69,sometimes,Adamawa,Bike,117,Bilingual
34,75,Low,Medium,Yes,5,66,Yes,0,Low,Private,3,High School,Near,Male,68,sometimes,South,Bike,187,Anglophone
27,96,Medium,Medium,No,7,93,Yes,2,Medium,Public,2,College,Near,Male,74,sometimes,East,Taxi,59,Francophone
24,99,High,Medium,No,8,53,Yes,1,Low,Private,3,High School,Near,Male,70,sometimes,Adamawa,Bike,20,Bilingual
21,67,Medium,Medium,Yes,9,95,Yes,1,Medium,Private,4,High School,Near,Male,67,no,East,Walk,66,Anglophone
26,69,Medium,Medium,Yes,5,83,Yes,4,Medium,Private,2,High School,Moderate,Female,68,sometimes,South West,Bus,182,Bilingual
23,81,High,Low,No,6,59,Yes,2,High,Private,1,Postgraduate,Near,Female,69,sometimes,North,Bus,188,Francophone
20,64,High,Low,No,4,95,Yes,4,Medium,Public,4,High School,Near,Male,66,yes,South,Bus,135,Anglophone
18,77,Medium,Low,No,6,66,Yes,3,Medium,Public,3,College,Moderate,Male,66,no,East,Taxi,24,Francophone
20,83,High,High,Yes,5,58,Yes,1,Medium,Public,3,High School,Near,Male,68,no,Centre,Bus,91,Francophone
1,81,Medium,Medium,Yes,8,66,Yes,1,Low,Public,2,College,Near,Male,60,yes,Littoral,Taxi,123,Anglophone
21,73,High,Medium,No,7,98,Yes,0,High,Public,4,Postgraduate,Near,Male,69,yes,South West,Taxi,91,Bilingual
17,82,High,Medium,No,7,88,Yes,1,Medium,Public,1,High School,Near,Male,66,yes,Centre,Taxi,109,Francophone
30,98,Medium,High,Yes,7,96,Yes,1,Medium,Private,3,Postgraduate,Near,Female,77,no,South West,Bus,69,Bilingual
20,68,Medium,Low,No,9,65,Yes,1,High,Public,5,College,Near,Male,63,no,Far North,Private car,49,Francophone
13,86,Medium,Low,Yes,5,54,Yes,3,High,Public,3,College,Near,Male,66,yes,North West,Bus,62,Bilingual
20,62,High,Medium,Yes,4,78,No,1,High,Private,4,High School,Moderate,Female,64,sometimes,Centre,Bike,194,Bilingual
14,63,High,High,No,8,74,Yes,1,Low,Private,4,Postgraduate,Moderate,Female,63,no,East,Private car,31,Francophone
23,82,Low,Medium,Yes,6,86,Yes,0,High,Public,4,High School,Near,Male,68,sometimes,Adamawa,Bus,77,Anglophone
22,64,High,Medium,No,5,77,Yes,1,High,Private,2,College,Near,Male,65,yes,East,Private car,114,Anglophone
26,61,High,Medium,Yes,8,70,Yes,1,Medium,Private,4,Postgraduate,Moderate,Male,65,yes,South West,Bike,148,Anglophone
15,67,High,High,Yes,4,50,Yes,0,Medium,Public,1,College,Near,Male,64,no,Far North,Taxi,107,Bilingual
20,83,High,Medium,Yes,6,73,Yes,0,High,Public,3,College,Far,Male,68,no,Far North,Private car,158,Bilingual
12,88,Low,Medium,Yes,4,56,Yes,0,Low,Private,2,High School,Far,Male,62,no,Littoral,Bus,60,Bilingual
24,68,Medium,Medium,Yes,7,96,Yes,1,Low,Public,3,High School,Near,Male,67,no,Littoral,Private car,116,Bilingual
23,87,High,High,Yes,9,96,Yes,1,Medium,Private,1,College,Near,Female,73,sometimes,North West,Bus,184,Francophone
23,67,High,High,Yes,6,90,Yes,2,High,Private,3,High School,Near,Female,69,sometimes,West,Taxi,110,Francophone
20,85,Medium,Medium,No,6,58,Yes,0,Low,Private,2,Postgraduate,Near,Male,65,yes,Far North,Bus,156,Anglophone
22,76,Medium,Medium,Yes,10,57,Yes,1,Medium,Private,3,High School,Far,Male,66,yes,West,Bike,111,Francophone
30,86,High,Medium,No,8,78,Yes,4,Medium,Public,2,College,Far,Male,73,yes,Far North,Taxi,140,Bilingual
18,100,High,Medium,Yes,10,86,Yes,1,Medium,Public,3,High School,Near,Male,72,yes,South West,Bus,32,Anglophone
21,98,Medium,Medium,Yes,7,95,Yes,3,High,Public,1,High School,Near,Male,72,no,Centre,Bus,149,Bilingual
13,60,Low,High,Yes,7,95,Yes,1,Low,Private,1,High School,Near,Female,61,sometimes,North,Taxi,100,Francophone
15,95,High,Medium,Yes,9,58,Yes,2,Low,Private,3,High School,Near,Female,69,sometimes,South West,Bus,187,Anglophone
21,63,High,Medium,No,7,100,Yes,1,High,Private,2,Postgraduate,Moderate,Female,66,sometimes,West,Private car,103,Bilingual
27,98,High,High,No,7,58,Yes,1,High,Public,3,Postgraduate,Far,Female,74,yes,North,Private car,65,Anglophone
18,71,High,Low,Yes,4,92,Yes,1,Low,Public,4,College,Near,Female,64,sometimes,Littoral,Bus,21,Francophone
19,75,Medium,High,Yes,10,79,Yes,1,Medium,Public,2,High School,Near,Female,66,yes,Centre,Private car,168,Anglophone
18,64,High,Medium,Yes,8,84,No,2,Medium,Public,3,College,Near,Female,64,no,Centre,Taxi,121,Bilingual
17,64,High,High,No,7,80,Yes,3,Medium,Private,4,High School,Near,Male,66,no,North,Private car,92,Bilingual
22,89,Medium,High,No,8,93,Yes,2,High,Private,5,High School,Near,Male,72,yes,Adamawa,Bike,135,Anglophone
11,98,High,High,Yes,5,82,Yes,1,Medium,Private,2,Postgraduate,Near,Male,71,sometimes,Adamawa,Bus,93,Francophone
28,84,High,Medium,Yes,6,92,Yes,1,Medium,Public,3,High School,Near,Female,70,no,South West,Taxi,194,Francophone
16,89,High,Medium,Yes,8,58,Yes,2,Low,Public,3,College,Moderate,Male,67,no,Far North,Bus,79,Francophone
24,90,Medium,High,No,7,93,Yes,1,Low,Public,2,Postgraduate,Near,Male,71,no,North,Walk,71,Francophone
12,71,Medium,Low,No,8,100,Yes,2,High,Public,3,College,Near,Male,63,yes,North West,Taxi,173,Bilingual
24,62,Medium,High,No,7,83,Yes,1,Medium,Public,2,College,Moderate,Female,64,yes,Centre,Taxi,46,Anglophone
24,60,Medium,Medium,Yes,8,99,Yes,2,Low,Public,1,High School,Moderate,Male,64,yes,North,Walk,42,Anglophone
22,74,Medium,Low,No,5,61,Yes,1,Low,Public,3,Postgraduate,Near,Female,65,yes,Far North,Bus,36,Anglophone
14,70,Medium,Medium,Yes,9,91,Yes,2,Medium,Public,4,High School,Near,Female,65,sometimes,South West,Taxi,46,Francophone
21,62,Medium,Low,No,6,58,Yes,2,Low,Private,3,College,Moderate,Female,62,no,Centre,Walk,90,Bilingual
13,67,High,High,Yes,7,76,Yes,2,Low,Private,5,High School,Near,Male,65,sometimes,North,Bike,148,Anglophone
18,65,Medium,High,No,6,83,Yes,1,Medium,Private,2,High School,Near,Male,64,sometimes,North,Bus,142,Anglophone
26,97,Medium,Medium,Yes,7,83,Yes,2,Low,Public,3,Postgraduate,Near,Male,74,yes,Adamawa,Bus,59,Anglophone
25,66,Medium,High,Yes,7,84,Yes,2,High,Public,1,High School,Near,Male,67,yes,East,Taxi,98,Bilingual
20,82,Low,Medium,No,8,66,Yes,0,High,Public,2,Postgraduate,Near,Male,66,sometimes,Far North,Walk,27,Anglophone
14,84,High,High,No,8,99,No,3,Medium,Public,4,Postgraduate,Near,Female,70,no,South,Bike,44,Anglophone
24,82,Medium,High,No,8,50,Yes,0,Medium,Public,2,Postgraduate,Moderate,Male,68,sometimes,South West,Taxi,94,Bilingual
20,64,Medium,Medium,No,6,81,Yes,0,High,Public,1,,Moderate,Female,64,no,East,Bus,29,Anglophone
6,73,Medium,Medium,No,8,93,Yes,0,Low,Private,1,High School,Far,Female,58,sometimes,South West,Bike,55,Bilingual
25,62,Medium,Medium,Yes,7,95,Yes,1,High,Public,4,College,Near,Male,65,sometimes,Centre,Taxi,68,Anglophone
20,76,Medium,High,Yes,7,86,Yes,2,Medium,Public,5,High School,Near,Female,68,yes,East,Bike,63,Francophone
27,68,Low,Medium,No,8,79,Yes,2,Low,Private,1,Postgraduate,Moderate,Female,64,sometimes,Centre,Private car,91,Francophone
13,82,Medium,High,No,5,73,Yes,4,Low,Public,4,High School,Near,Male,66,yes,West,Bike,90,Francophone
1,88,Medium,High,Yes,4,72,Yes,3,Medium,Private,2,College,Near,Male,92,yes,Littoral,Bike,158,Anglophone
22,81,High,Medium,Yes,9,71,Yes,2,High,Public,4,High School,Near,Male,69,yes,South West,Private car,33,Francophone
22,77,Medium,High,No,7,85,Yes,2,Low,Public,2,College,Near,Male,68,no,West,Bus,70,Bilingual
10,75,Medium,Medium,No,8,87,Yes,2,Medium,Public,4,High School,Near,Female,63,no,Far North,Walk,136,Francophone
14,94,Low,Medium,Yes,6,76,No,0,Low,Public,3,High School,Near,Male,64,no,East,Private car,42,Francophone
37,69,Medium,High,Yes,9,87,No,1,Low,Public,2,College,Far,Female,68,no,Littoral,Taxi,31,Francophone
18,89,Medium,Low,No,8,76,Yes,0,Low,Public,2,High School,Near,Male,67,no,South,Bike,89,Anglophone
24,90,Low,Medium,Yes,7,55,Yes,1,High,Public,2,Postgraduate,Far,Male,68,no,Centre,Taxi,149,Anglophone
16,77,Medium,Medium,Yes,7,93,Yes,1,Low,Public,2,,Moderate,Male,66,yes,Littoral,Bus,187,Bilingual
7,72,Medium,Medium,Yes,4,94,Yes,4,Medium,Private,4,Postgraduate,Near,Male,66,no,Littoral,Taxi,153,Bilingual
19,79,Medium,High,Yes,8,63,Yes,4,Low,Public,2,High School,Moderate,Male,68,no,Centre,Bus,82,Bilingual
18,64,Medium,High,Yes,9,89,Yes,1,Medium,Private,3,High School,Moderate,Male,64,yes,East,Taxi,131,Anglophone
18,62,High,Medium,Yes,7,76,Yes,2,Medium,Private,3,College,Near,Female,63,yes,South West,Private car,128,Anglophone
19,64,Medium,Medium,Yes,7,56,Yes,0,Low,Private,4,High School,Near,Female,62,no,North,Bus,64,Anglophone
22,67,Medium,High,No,7,70,Yes,2,Low,Private,2,High School,Near,Male,66,no,North West,Taxi,119,Anglophone
19,80,High,Medium,Yes,9,54,Yes,0,Low,Public,2,Postgraduate,Moderate,Male,65,no,Centre,Bike,136,Anglophone
12,94,Medium,Low,Yes,9,89,Yes,1,Low,Private,3,High School,Near,Male,66,yes,East,Bike,90,Francophone
23,69,Medium,High,Yes,6,60,Yes,2,Low,Private,4,High School,Near,Male,66,no,North West,Walk,94,Francophone
8,97,Medium,High,Yes,8,58,Yes,2,High,Public,2,College,Near,Female,69,sometimes,Far North,Bike,163,Anglophone
8,98,Low,Medium,Yes,7,60,Yes,1,High,Private,3,Postgraduate,Near,Female,67,no,South,Bus,98,Francophone
24,98,Medium,High,No,8,61,Yes,6,Medium,Private,3,High School,Near,Female,75,sometimes,Far North,Bus,93,Francophone
23,94,High,Medium,Yes,6,84,Yes,0,Low,Public,3,Postgraduate,Near,Male,73,yes,Littoral,Taxi,59,Anglophone
20,75,Medium,Medium,Yes,9,82,Yes,0,Low,Public,5,College,Moderate,Female,66,yes,West,Private car,68,Anglophone
12,63,Medium,Medium,No,8,56,Yes,4,Medium,Public,4,College,Moderate,Male,61,yes,Far North,Private car,107,Anglophone
16,83,Medium,Medium,Yes,9,86,Yes,5,Low,Private,4,High School,Moderate,Female,68,sometimes,South,Bike,155,Francophone
18,82,Medium,Medium,Yes,5,67,No,1,Medium,Public,4,College,Near,Male,67,yes,South,Taxi,137,Bilingual
10,94,Medium,High,No,5,73,Yes,1,Medium,Public,3,High School,Moderate,Male,66,no,North,Taxi,194,Anglophone
16,100,Medium,High,No,10,56,Yes,1,High,Public,2,High School,Near,Female,69,no,South West,Taxi,31,Anglophone
24,80,Medium,Medium,No,9,85,Yes,3,Low,Public,4,High School,Near,Male,69,yes,North,Walk,56,Anglophone
29,74,Medium,High,Yes,6,69,Yes,1,Low,Private,1,College,Far,Female,67,sometimes,North West,Private car,68,Francophone
17,67,High,Medium,No,8,82,Yes,0,Medium,Public,4,High School,Near,Female,65,sometimes,Centre,Taxi,22,Francophone
25,60,Medium,Low,No,6,71,Yes,2,High,Public,2,High School,Near,Male,63,no,South West,Private car,195,Francophone
9,80,Medium,Low,Yes,4,52,Yes,1,High,Public,2,Postgraduate,Near,Female,63,sometimes,East,Bus,112,Francophone
24,82,Medium,Medium,No,4,85,No,1,Low,Public,2,High School,Near,Male,66,yes,West,Private car,39,Bilingual
15,93,Medium,Medium,Yes,7,78,Yes,0,Medium,Public,4,High School,Moderate,Male,66,sometimes,Centre,Walk,126,Bilingual
22,80,Medium,High,Yes,9,72,Yes,2,Medium,Public,4,College,Near,Female,69,sometimes,North West,Bike,182,Anglophone
19,97,High,Medium,Yes,9,60,Yes,3,Medium,Public,4,Postgraduate,Moderate,Female,72,no,Far North,Bike,174,Bilingual
28,85,Medium,Medium,Yes,9,81,Yes,2,Low,Public,3,High School,Near,Male,70,no,Littoral,Taxi,33,Bilingual
15,94,Medium,High,Yes,8,64,Yes,2,Low,Public,1,College,Near,Male,68,yes,South West,Private car,23,Francophone
24,66,High,Medium,Yes,7,71,Yes,1,Low,Public,3,High School,Near,Male,66,yes,South West,Taxi,158,Francophone
18,94,Low,Medium,Yes,9,53,Yes,3,Low,Public,3,College,Moderate,Female,67,yes,North West,Bus,82,Anglophone
19,87,High,Medium,No,4,89,Yes,0,Low,Public,5,Postgraduate,Moderate,Female,68,no,Adamawa,Walk,48,Bilingual
19,67,Medium,Low,Yes,8,55,No,0,Medium,Private,4,High School,Near,Male,62,sometimes,Littoral,Private car,112,Francophone
15,68,Medium,High,No,5,95,Yes,1,Medium,Private,2,College,Near,Female,64,sometimes,South West,Private car,110,Anglophone
20,97,High,Low,Yes,6,93,Yes,1,High,Public,1,College,Far,Male,71,sometimes,West,Walk,45,Bilingual
20,61,High,Medium,No,8,99,Yes,0,Medium,Public,4,College,Near,Male,65,yes,South West,Taxi,182,Anglophone
21,79,Medium,Medium,Yes,8,95,Yes,0,Medium,Public,2,Postgraduate,Near,Female,69,no,Far North,Bike,85,Anglophone
21,73,Medium,Medium,No,6,99,No,1,Low,Public,5,High School,Near,Male,65,yes,South West,Walk,126,Bilingual
25,87,Medium,Medium,No,8,94,Yes,0,Medium,Public,4,High School,Near,Male,71,sometimes,South,Bike,73,Francophone
26,94,Low,Medium,No,8,56,Yes,1,High,Public,2,College,Near,Female,69,yes,Littoral,Bike,23,Anglophone
14,74,High,Medium,Yes,7,72,No,2,Medium,Private,3,College,Near,Male,65,sometimes,Far North,Walk,108,Anglophone
25,77,Low,Medium,Yes,7,54,Yes,2,Medium,Public,1,College,Moderate,Male,66,yes,South,Walk,127,Francophone
13,99,Medium,Medium,Yes,10,77,Yes,0,Medium,Private,3,College,Moderate,Female,68,no,South,Bike,75,Bilingual
24,91,High,High,Yes,7,76,Yes,0,Medium,Private,2,High School,Moderate,Female,72,no,Adamawa,Taxi,159,Francophone
24,96,High,High,Yes,7,96,Yes,1,Medium,Public,3,High School,Near,Female,74,yes,Centre,Walk,105,Anglophone
9,78,Medium,Medium,No,7,98,Yes,3,Low,Public,2,High School,Near,Male,64,sometimes,Littoral,Private car,92,Francophone
21,69,High,Low,Yes,7,63,Yes,0,Medium,Public,3,High School,Moderate,Male,64,yes,Littoral,Walk,24,Francophone
17,76,Medium,Medium,Yes,8,79,No,1,Low,Public,4,Postgraduate,Far,Female,63,sometimes,Littoral,Bus,122,Anglophone
15,89,High,Low,No,9,73,Yes,2,Low,Private,2,High School,Near,Male,66,sometimes,South West,Bus,107,Francophone
28,64,Medium,Medium,Yes,7,77,Yes,1,High,Public,2,High School,Near,Male,67,no,North West,Bike,67,Anglophone
16,71,High,Low,Yes,6,77,Yes,4,Medium,Public,5,College,Moderate,Male,64,no,East,Bike,52,Bilingual
15,62,Low,High,No,10,96,Yes,0,Medium,Private,4,High School,Far,Male,62,yes,Far North,Bus,168,Francophone
20,77,Medium,Low,Yes,7,95,Yes,0,Medium,Public,1,High School,Far,Male,66,yes,Adamawa,Private car,89,Anglophone
24,93,Medium,High,No,4,56,Yes,4,Low,Public,2,Postgraduate,Moderate,Female,71,yes,North West,Taxi,49,Francophone
19,61,High,Low,Yes,10,67,No,1,Medium,Public,6,Postgraduate,Near,Female,63,sometimes,Littoral,Bike,26,Francophone
27,87,High,Medium,Yes,9,88,Yes,1,Low,Public,4,College,Near,Male,72,sometimes,South,Bike,69,Bilingual
23,97,Medium,High,No,9,84,Yes,1,High,Public,3,High School,Far,Female,71,sometimes,Far North,Walk,159,Francophone
7,69,Low,Medium,No,9,82,Yes,1,Medium,Private,3,Postgraduate,Near,Female,61,no,Adamawa,Walk,182,Bilingual
17,88,Medium,High,Yes,10,100,Yes,1,Low,Public,2,Postgraduate,Near,Female,71,no,Adamawa,Private car,165,Anglophone
17,99,Medium,Medium,No,5,67,Yes,2,Medium,Private,4,Postgraduate,Far,Male,69,yes,West,Bike,89,Francophone
23,98,Medium,High,Yes,6,76,Yes,3,Low,Public,3,,Near,Male,74,sometimes,Adamawa,Private car,78,Anglophone
4,69,Medium,High,Yes,6,99,Yes,0,Medium,Public,2,High School,Moderate,Male,61,sometimes,Littoral,Bus,70,Bilingual
35,64,Medium,Low,No,6,85,Yes,2,Medium,Private,2,High School,Moderate,Male,68,sometimes,Centre,Walk,46,Anglophone
23,66,Medium,High,Yes,7,82,Yes,1,Medium,Public,2,High School,Near,Male,67,yes,North,Taxi,53,Anglophone
21,88,High,Low,No,6,58,Yes,3,High,Private,4,College,Near,Male,70,yes,East,Walk,189,Bilingual
27,89,Medium,Medium,No,5,62,Yes,0,Low,Public,3,High School,Near,Male,69,no,Centre,Private car,123,Anglophone
34,87,Medium,Low,No,6,69,Yes,3,Low,Private,2,College,Moderate,Male,72,no,South,Bus,194,Francophone
25,73,Medium,Low,Yes,7,73,Yes,1,Medium,Public,2,High School,Near,Male,66,no,South,Private car,117,Francophone
26,67,Medium,Medium,No,9,75,Yes,2,Medium,Public,3,High School,Near,Male,67,yes,Centre,Private car,145,Anglophone
21,83,Medium,Medium,No,6,95,Yes,4,High,Public,2,High School,Far,Female,70,yes,Centre,Bus,32,Bilingual
19,79,Medium,High,Yes,8,55,Yes,3,Medium,Private,4,Postgraduate,Near,Male,68,no,Far North,Bus,65,Anglophone
17,89,Low,Medium,Yes,5,62,Yes,2,Medium,Private,2,College,Near,Female,68,sometimes,Far North,Private car,134,Anglophone
15,78,Medium,High,No,4,57,Yes,2,Medium,Public,2,High School,Near,Female,65,yes,Adamawa,Walk,183,Francophone
16,74,Medium,Low,Yes,7,87,Yes,0,Low,Public,3,College,Near,Female,63,yes,South West,Taxi,105,Bilingual
12,72,Low,Low,Yes,6,99,Yes,0,Low,Public,4,College,Far,Female,62,sometimes,North West,Private car,78,Francophone
20,68,Medium,High,Yes,6,95,Yes,0,Low,Public,4,High School,Near,Female,66,yes,Far North,Bus,180,Francophone
10,71,Medium,High,Yes,6,86,Yes,1,Medium,Public,2,Postgraduate,Near,Male,62,no,North West,Private car,22,Francophone
21,64,Low,High,Yes,6,51,Yes,0,High,Public,3,College,Moderate,Female,61,no,North,Bus,132,Bilingual
20,74,Low,Medium,Yes,6,67,Yes,0,Medium,Private,4,College,Moderate,Female,63,sometimes,South West,Walk,159,Anglophone
21,61,Medium,Medium,Yes,6,93,Yes,3,Medium,Private,3,,Near,Female,65,sometimes,South West,Taxi,34,Anglophone
17,67,High,Low,No,5,83,Yes,3,Low,Public,3,High School,Moderate,Male,64,no,West,Bike,60,Francophone
38,90,High,Medium,Yes,4,60,Yes,2,Low,Public,4,College,Moderate,Male,74,no,Littoral,Bike,26,Anglophone
28,73,Low,Medium,Yes,4,73,Yes,2,High,Public,2,Postgraduate,Near,Female,70,yes,North West,Bus,77,Francophone
13,87,Low,Medium,No,10,54,Yes,2,Low,Public,2,,Moderate,Female,63,yes,Far North,Bus,125,Francophone
21,89,Low,Medium,No,7,76,Yes,3,High,Public,2,High School,Far,Female,68,no,South,Taxi,196,Francophone
16,83,Medium,High,Yes,9,95,Yes,2,Low,Public,2,College,Near,Male,69,no,North,Bus,45,Bilingual
14,98,Medium,High,Yes,7,52,Yes,1,Medium,Private,4,,Moderate,Male,70,sometimes,East,Walk,119,Bilingual
12,61,Medium,Medium,Yes,7,81,Yes,2,High,Public,3,College,Far,Male,62,yes,South West,Walk,23,Bilingual
23,90,High,Medium,Yes,7,62,Yes,3,Medium,Private,2,Postgraduate,Moderate,Male,71,no,Centre,Private car,129,Francophone
16,98,Medium,Low,No,8,100,Yes,2,Low,Public,1,,Near,Male,69,sometimes,Littoral,Bus,40,Anglophone
26,94,High,Low,Yes,5,53,Yes,0,Low,Public,2,High School,Near,Male,69,yes,Adamawa,Bike,53,Bilingual
26,67,Low,High,Yes,6,81,Yes,4,Low,Public,3,College,Near,Male,68,yes,Littoral,Taxi,42,Bilingual
28,73,Low,Medium,Yes,7,63,Yes,0,Low,Public,2,High School,Near,Male,65,sometimes,West,Bus,58,Anglophone
15,67,Medium,High,Yes,4,94,Yes,1,Medium,Private,5,High School,Far,Male,65,no,Adamawa,Taxi,162,Anglophone
23,84,Low,Low,Yes,9,56,No,1,Medium,Public,4,High School,Near,Female,65,yes,Centre,Walk,157,Anglophone
24,88,High,High,No,9,71,Yes,2,High,Public,3,High School,Near,Female,72,yes,North,Taxi,67,Bilingual
17,73,Medium,Low,No,4,59,Yes,2,Low,Private,4,High School,Moderate,Female,63,yes,West,Walk,103,Bilingual
15,82,Medium,High,Yes,6,90,No,2,High,Public,2,High School,Near,Male,68,yes,Far North,Walk,149,Francophone
30,88,Medium,Medium,Yes,7,68,Yes,1,Medium,Public,3,College,Near,Female,72,no,Adamawa,Walk,126,Anglophone
21,77,Medium,Low,Yes,8,59,Yes,3,Low,Private,2,High School,Near,Male,66,yes,Littoral,Bike,35,Bilingual
24,94,Low,Medium,No,9,86,Yes,2,Low,Public,3,College,Near,Female,71,yes,North,Bike,112,Bilingual
15,91,Medium,Low,Yes,6,91,Yes,0,Medium,Public,3,College,Moderate,Female,67,no,South,Bus,105,Anglophone
13,63,Medium,Medium,No,10,73,Yes,2,Low,Public,3,Postgraduate,Moderate,Male,61,no,Adamawa,Taxi,109,Bilingual
17,85,High,High,Yes,7,69,Yes,4,Low,Private,2,High School,Near,Female,70,sometimes,South,Bike,42,Francophone
19,69,Medium,Medium,Yes,7,82,No,2,Low,Public,3,College,Near,Male,64,no,Centre,Private car,31,Francophone
14,82,Medium,Medium,Yes,8,83,Yes,0,Medium,Public,2,High School,Moderate,Male,64,no,South West,Private car,51,Anglophone
20,98,Low,High,Yes,7,83,No,0,Low,Public,3,High School,Far,Female,68,no,North West,Taxi,88,Bilingual
10,95,High,Medium,No,7,64,Yes,4,Low,Private,3,Postgraduate,Near,Male,70,sometimes,East,Private car,148,Bilingual
13,76,Low,Medium,Yes,10,97,Yes,4,Low,Public,3,College,Moderate,Male,65,yes,West,Bike,117,Francophone
24,72,High,High,No,7,61,Yes,3,Low,Private,2,High School,Near,Female,67,no,East,Bike,142,Francophone
24,69,Medium,Low,Yes,6,69,Yes,0,Low,Private,4,College,Near,Male,65,yes,Littoral,Taxi,130,Francophone
18,81,Low,Medium,Yes,6,64,Yes,1,Medium,Public,4,High School,Moderate,Female,65,no,Adamawa,Walk,135,Bilingual
14,65,Medium,High,Yes,9,97,Yes,3,Low,Public,4,High School,Near,Female,65,sometimes,Adamawa,Bike,50,Francophone
14,82,High,Low,Yes,8,91,Yes,1,Low,Public,2,High School,Near,Male,66,sometimes,South,Walk,44,Anglophone
18,60,Medium,High,No,5,91,Yes,2,Low,Public,4,High School,Near,Male,62,no,Adamawa,Taxi,64,Francophone
24,73,Medium,Medium,Yes,5,50,Yes,1,Low,Public,2,High School,Near,Male,63,sometimes,Adamawa,Private car,162,Bilingual
26,69,Low,Low,Yes,7,84,Yes,0,Medium,Private,3,High School,Moderate,Male,63,no,South,Bike,74,Francophone
17,99,Medium,Medium,Yes,8,62,Yes,3,Medium,Private,3,High School,Near,Male,70,no,North,Bike,176,Francophone
13,89,Low,High,Yes,6,98,Yes,0,Medium,Private,4,High School,Near,Male,67,no,Adamawa,Taxi,31,Bilingual
22,74,High,High,No,4,77,Yes,0,High,Private,3,High School,Near,Male,66,no,Adamawa,Private car,117,Anglophone
15,64,High,Medium,No,5,78,Yes,2,Low,Public,2,High School,Moderate,Male,63,yes,South,Walk,176,Francophone
17,81,High,Low,Yes,9,68,Yes,1,Low,Private,3,College,Near,Female,66,sometimes,South,Taxi,69,Francophone
28,69,Low,Medium,No,8,77,Yes,3,Medium,Public,4,College,Moderate,Female,67,sometimes,South West,Private car,177,Anglophone
25,81,Medium,Medium,No,9,87,Yes,1,Low,Private,1,Postgraduate,Moderate,Female,68,sometimes,South West,Private car,64,Anglophone
21,93,Low,High,Yes,9,78,Yes,1,Medium,Public,2,High School,Far,Male,67,sometimes,South West,Bus,176,Anglophone
12,85,Medium,High,Yes,6,82,Yes,1,High,Public,2,High School,Far,Male,66,no,South West,Bike,93,Francophone
21,85,High,High,Yes,6,74,Yes,2,Medium,Public,4,High School,Near,Female,71,yes,West,Bike,96,Anglophone
26,82,Medium,Medium,Yes,7,86,Yes,0,Low,Public,2,Postgraduate,Near,Male,69,sometimes,South,Private car,168,Bilingual
18,97,High,Low,Yes,8,95,Yes,1,Medium,Public,2,Postgraduate,Moderate,Male,72,yes,East,Walk,93,Francophone
28,97,High,Low,Yes,9,53,Yes,0,Low,Private,3,College,Moderate,Female,70,yes,Centre,Bus,154,Bilingual
28,81,Medium,Medium,Yes,10,55,Yes,2,Medium,Private,3,High School,Near,Male,68,sometimes,West,Walk,49,Bilingual
30,72,Medium,Medium,No,8,84,Yes,1,Low,Private,1,High School,Near,Male,68,sometimes,Far North,Walk,64,Anglophone
22,78,Low,High,Yes,8,69,Yes,2,Low,Public,2,High School,Near,Female,67,no,Adamawa,Bus,185,Anglophone
24,67,Medium,Medium,No,10,64,Yes,1,Low,Public,2,College,Far,Female,62,sometimes,South West,Bike,196,Bilingual
28,85,Medium,Low,No,7,59,Yes,1,Low,Public,3,Postgraduate,Far,Male,67,yes,Far North,Bike,34,Francophone
23,80,High,Medium,No,9,79,Yes,1,Medium,Public,2,Postgraduate,Near,Male,69,sometimes,North West,Private car,148,Bilingual
17,64,Medium,High,Yes,8,67,Yes,3,Low,Public,3,College,Near,Male,64,no,South,Bus,172,Francophone
17,68,Medium,High,Yes,8,75,Yes,2,Low,Private,3,College,Near,Female,66,yes,Adamawa,Bus,55,Bilingual
21,79,High,Low,Yes,7,98,Yes,2,Low,Public,1,High School,Near,Male,69,no,North West,Bus,102,Bilingual
12,96,High,High,No,5,88,Yes,0,Medium,Private,2,College,Moderate,Female,70,no,Far North,Bus,34,Anglophone
19,83,High,Medium,No,8,90,Yes,3,Low,Public,3,College,Moderate,Female,69,no,West,Private car,199,Francophone
27,87,Medium,Medium,Yes,8,56,Yes,3,Medium,Public,3,Postgraduate,Near,Male,72,yes,North West,Bus,126,Bilingual
7,74,Medium,Medium,Yes,6,66,Yes,1,Low,Private,2,High School,Near,Female,61,no,East,Private car,36,Bilingual
29,83,Medium,Medium,No,7,55,Yes,2,Low,Private,4,High School,Near,Female,68,no,Adamawa,Walk,164,Anglophone
27,78,Medium,Medium,No,6,98,Yes,1,Medium,Public,3,High School,Far,Male,68,no,North West,Bus,175,Francophone
17,86,Low,Medium,No,6,84,Yes,0,Medium,Private,3,High School,Near,Female,66,no,Littoral,Taxi,81,Anglophone
23,62,Medium,Medium,No,6,51,Yes,5,High,Public,2,College,Near,Male,65,sometimes,North,Private car,141,Bilingual
20,80,High,Low,Yes,5,74,Yes,2,Low,Public,4,College,Moderate,Female,66,yes,East,Bus,54,Anglophone
27,72,Medium,Medium,No,6,63,Yes,1,High,Private,5,College,Moderate,Female,67,sometimes,Centre,Bus,72,Francophone
26,73,Medium,High,No,8,77,Yes,0,Medium,Private,2,College,Far,Male,68,sometimes,Centre,Bus,125,Anglophone
12,98,Low,Medium,No,9,59,Yes,1,High,Public,2,Postgraduate,Near,Female,67,yes,South,Bus,47,Anglophone
24,67,Low,Medium,Yes,10,53,Yes,0,Medium,Public,3,College,Near,Female,63,no,West,Private car,26,Anglophone
19,72,Medium,Low,No,6,66,Yes,0,Medium,Private,2,Postgraduate,Near,Male,64,sometimes,Far North,Bike,147,Bilingual
20,80,Medium,Low,No,9,65,Yes,1,Medium,Private,3,College,Far,Male,66,yes,West,Walk,89,Anglophone
16,95,High,Medium,Yes,8,86,Yes,0,Low,Public,4,High School,Moderate,Male,69,no,Adamawa,Private car,170,Anglophone
30,77,Medium,Low,Yes,7,74,Yes,3,High,Private,3,Postgraduate,Moderate,Male,70,no,South,Private car,156,Anglophone
26,90,Medium,Medium,No,8,65,Yes,3,Medium,Private,2,High School,Near,Female,72,sometimes,North,Walk,193,Bilingual
16,94,Medium,High,No,9,79,Yes,2,High,Public,5,High School,Moderate,Female,71,yes,North West,Taxi,112,Bilingual
12,72,Medium,Medium,Yes,6,54,Yes,3,Low,Public,2,Postgraduate,Near,Male,63,no,South,Private car,149,Bilingual
18,76,High,High,No,6,83,Yes,1,High,Public,4,High School,Near,Male,68,sometimes,West,Private car,182,Francophone
23,74,Medium,High,Yes,6,57,No,1,High,Private,3,College,Near,Male,67,no,East,Private car,145,Anglophone
21,93,Medium,Low,No,6,64,Yes,2,Low,Public,4,Postgraduate,Moderate,Male,69,yes,Far North,Bike,57,Francophone
28,62,Medium,Medium,No,9,64,Yes,1,Low,Private,2,Postgraduate,Near,Male,65,yes,South,Bike,73,Francophone
25,72,High,Low,Yes,6,73,Yes,4,Medium,Public,4,College,Moderate,Male,69,yes,Adamawa,Walk,161,Francophone
26,87,Medium,Medium,No,6,98,Yes,0,Medium,Public,4,College,Moderate,Male,71,sometimes,North,Bike,180,Francophone
22,83,Medium,Low,Yes,7,66,Yes,2,Medium,Private,3,High School,Near,Female,67,no,Far North,Walk,104,Anglophone
12,77,Low,Medium,No,7,64,Yes,2,High,Public,4,College,Moderate,Female,64,no,Littoral,Bike,37,Francophone
19,82,High,Medium,Yes,6,58,Yes,2,Medium,Private,3,College,Near,Female,68,yes,South,Walk,61,Bilingual
26,68,High,Low,Yes,10,70,Yes,1,Low,Public,3,College,Near,Male,67,sometimes,Centre,Taxi,183,Francophone
20,77,Low,Low,No,6,59,Yes,1,High,Public,2,High School,Moderate,Female,62,no,West,Private car,50,Anglophone
23,80,High,Medium,No,7,57,Yes,2,Medium,Public,2,Postgraduate,Moderate,Female,68,yes,Adamawa,Bus,132,Bilingual
18,96,Medium,Medium,Yes,4,93,Yes,0,Medium,Public,4,College,Near,Female,72,no,South,Private car,107,Bilingual
14,70,Medium,High,Yes,7,53,Yes,0,Medium,Public,3,High School,Moderate,Male,61,yes,Centre,Walk,154,Francophone
19,95,Low,Low,Yes,5,86,Yes,0,High,Public,4,High School,Moderate,Male,67,no,South West,Taxi,34,Francophone
22,86,High,Medium,No,6,60,Yes,0,High,Public,3,Postgraduate,Near,Male,70,no,Far North,Bus,150,Bilingual
16,61,Low,Medium,Yes,4,51,Yes,1,Low,Public,3,High School,Near,Male,59,no,West,Bus,92,Bilingual
19,89,High,Medium,Yes,6,90,Yes,0,Low,Private,4,College,Moderate,Female,70,no,Littoral,Taxi,123,Bilingual
14,61,Low,Medium,No,7,85,Yes,1,Low,Public,1,High School,Near,Female,60,yes,East,Bike,142,Anglophone
27,100,High,Medium,No,7,67,Yes,1,High,Public,3,College,Moderate,Male,74,sometimes,East,Bus,55,Anglophone
18,95,Low,High,Yes,6,54,Yes,0,Medium,Private,3,College,Moderate,Male,68,sometimes,Littoral,Bike,22,Bilingual
29,72,Medium,Medium,No,7,68,Yes,0,Low,Public,3,College,Near,Female,67,no,Littoral,Bus,98,Anglophone
29,70,Medium,Low,No,6,59,Yes,2,Medium,Private,4,Postgraduate,Far,Male,67,no,South West,Private car,48,Bilingual
20,75,Low,Medium,Yes,7,97,Yes,0,Medium,Public,2,College,,Female,66,sometimes,Centre,Bus,188,Bilingual
14,74,Medium,Medium,No,7,76,Yes,1,Low,Public,2,High School,Far,Female,63,yes,West,Private car,162,Anglophone
7,75,Medium,Medium,No,7,98,No,1,Low,Public,3,College,Near,Male,62,yes,Littoral,Bike,84,Bilingual
11,73,High,Low,Yes,7,68,Yes,3,Low,Private,3,College,Moderate,Female,64,no,South West,Private car,25,Anglophone
12,85,Medium,Medium,Yes,6,78,Yes,3,Medium,Public,4,College,Near,Male,68,yes,Far North,Taxi,65,Anglophone
28,67,Medium,Medium,No,8,60,Yes,0,Medium,Public,3,High School,Moderate,Female,65,sometimes,North,Bus,47,Francophone
21,94,Medium,Low,Yes,8,90,Yes,1,Medium,Public,4,Postgraduate,Near,Female,71,no,East,Walk,172,Francophone
22,92,Medium,Medium,Yes,7,52,No,1,Medium,Private,3,Postgraduate,Near,Female,68,yes,East,Private car,59,Anglophone
7,79,Low,High,Yes,9,85,Yes,0,Medium,Public,2,High School,Near,Male,62,sometimes,West,Bus,114,Bilingual
13,94,High,High,Yes,7,70,Yes,1,Medium,Private,3,High School,Moderate,Male,68,sometimes,Adamawa,Bike,74,Francophone
25,70,Medium,Medium,Yes,7,79,Yes,3,High,Public,3,High School,Near,Male,68,no,West,Taxi,63,Anglophone
22,61,High,Medium,Yes,7,80,Yes,3,Medium,Public,3,Postgraduate,Moderate,Male,67,yes,North,Walk,114,Francophone
19,85,Medium,Medium,Yes,7,86,Yes,0,Low,Public,2,College,Moderate,Female,67,yes,North,Bike,78,Francophone
23,78,High,High,Yes,6,60,Yes,2,High,Public,4,High School,Far,Male,70,sometimes,South West,Bike,94,Francophone
30,83,Low,Medium,Yes,4,77,Yes,0,Low,Public,4,High School,Near,Female,69,no,Adamawa,Bike,175,Bilingual
19,96,Low,Medium,No,7,71,Yes,2,Low,Private,3,Postgraduate,Moderate,Male,70,no,Littoral,Bike,184,Bilingual
20,99,Medium,Low,No,8,64,Yes,1,High,Public,2,High School,Near,Male,69,no,South West,Bike,102,Bilingual
21,85,High,Medium,Yes,5,75,Yes,1,High,Public,2,High School,Moderate,Female,70,no,Littoral,Bike,55,Francophone
34,91,Medium,Low,No,9,98,Yes,0,Medium,Public,4,,Moderate,Male,72,no,Adamawa,Taxi,23,Bilingual
7,63,Low,Medium,No,5,97,Yes,1,Low,Public,2,High School,Near,Female,59,yes,Littoral,Bike,149,Anglophone
24,66,Medium,Medium,No,6,64,No,0,Medium,Public,4,High School,Near,Male,64,yes,Centre,Bus,33,Francophone
19,89,High,High,Yes,10,94,Yes,0,High,Private,1,College,Near,Female,72,yes,Littoral,Bike,199,Francophone
23,77,Low,High,Yes,8,94,Yes,0,High,Private,3,Postgraduate,Near,Male,70,yes,North,Walk,71,Anglophone
16,78,Low,High,No,7,62,Yes,0,High,Public,1,High School,Far,Female,63,yes,Far North,Taxi,57,Francophone
20,72,High,Medium,Yes,7,80,Yes,1,Low,Private,3,College,Near,Male,66,yes,Centre,Private car,143,Francophone
24,84,High,High,No,9,93,Yes,3,High,Public,4,High School,Far,Male,72,yes,Adamawa,Bike,169,Francophone
39,67,High,High,Yes,5,76,No,2,Medium,Private,4,,Near,Female,71,sometimes,South,Walk,103,Bilingual
25,85,High,High,No,9,68,Yes,1,High,Public,3,Postgraduate,Far,Female,71,yes,North,Taxi,90,Anglophone
15,67,Low,Medium,Yes,6,83,Yes,3,Medium,Public,3,High School,Moderate,Male,62,yes,Littoral,Bus,193,Bilingual
17,63,Medium,Medium,Yes,8,59,Yes,1,Low,Public,1,Postgraduate,Moderate,Male,62,sometimes,East,Bus,144,Bilingual
17,73,Medium,Low,No,6,58,Yes,4,Medium,Public,1,College,Near,Male,64,yes,East,Private car,102,Francophone
9,69,High,High,Yes,10,92,Yes,2,Low,Private,3,Postgraduate,Near,Male,65,sometimes,East,Bus,181,Anglophone
18,96,High,Low,Yes,7,52,Yes,1,Low,Private,4,College,Near,Female,68,sometimes,Adamawa,Private car,123,Bilingual
24,62,High,Medium,Yes,5,90,Yes,0,High,Private,3,College,Near,Male,67,yes,North,Private car,89,Anglophone
12,67,Medium,Medium,Yes,8,65,Yes,1,High,Public,3,High School,Moderate,Male,61,yes,West,Bike,170,Bilingual
26,82,Low,Low,Yes,9,74,Yes,2,Medium,Public,5,High School,Moderate,Female,68,sometimes,South,Bus,71,Francophone
23,79,Medium,High,No,9,77,Yes,1,Low,Public,3,High School,Near,Male,68,sometimes,North West,Taxi,31,Francophone
16,62,Medium,Medium,No,7,88,Yes,1,Low,Public,1,High School,Near,Female,62,sometimes,Centre,Taxi,33,Francophone
19,60,Medium,Low,No,8,94,Yes,1,Low,Private,3,High School,Near,Female,62,yes,East,Bus,178,Francophone
30,100,High,High,Yes,6,90,Yes,0,Medium,Public,2,High School,Near,Male,74,no,South West,Bus,118,Anglophone
24,86,Medium,Medium,Yes,8,79,No,0,Low,Public,4,High School,Near,Female,68,yes,West,Bus,71,Bilingual
20,75,Low,High,No,8,67,Yes,1,High,Public,4,College,Moderate,Male,66,yes,South,Taxi,162,Francophone
19,79,Medium,Medium,No,4,76,Yes,1,Medium,Private,3,,Near,Male,67,no,West,Bike,99,Anglophone
20,71,High,Medium,No,5,52,Yes,1,Medium,Public,3,High School,Moderate,Male,65,sometimes,West,Bike,173,Francophone
17,74,Medium,Medium,Yes,7,62,Yes,2,High,Public,4,High School,Near,Male,66,sometimes,Adamawa,Private car,121,Francophone
7,86,High,Medium,No,7,68,Yes,5,Low,Public,4,Postgraduate,Moderate,Male,67,yes,Littoral,Walk,28,Anglophone
32,95,Medium,Medium,Yes,7,66,Yes,5,High,Private,3,College,Near,Male,76,yes,Centre,Walk,147,Bilingual
21,67,Low,High,Yes,7,55,Yes,2,High,Private,3,High School,Moderate,Female,66,sometimes,South West,Bike,100,Anglophone
22,94,Low,Low,No,9,53,Yes,1,Medium,Public,3,College,Near,Female,68,no,West,Private car,126,Francophone
20,65,High,Medium,Yes,8,71,Yes,2,Low,Private,3,College,Near,Female,63,yes,North West,Bus,83,Anglophone
16,69,Medium,High,Yes,4,54,Yes,4,Low,Public,4,College,Near,Female,65,yes,East,Taxi,189,Francophone
19,61,High,Medium,No,10,64,Yes,3,Low,Public,3,High School,Moderate,Male,63,sometimes,West,Bike,157,Francophone
10,66,Medium,Medium,No,4,74,Yes,2,Low,Public,2,High School,Moderate,Male,59,yes,Centre,Bike,164,Bilingual
34,97,Medium,Medium,No,8,60,Yes,2,Medium,Private,4,High School,Near,Male,74,yes,East,Walk,106,Francophone
13,78,Medium,Low,Yes,5,54,Yes,2,Low,Public,3,College,Near,Male,62,no,East,Taxi,111,Anglophone
14,63,Low,Low,Yes,9,72,Yes,3,Low,Public,4,High School,Near,Female,59,no,Adamawa,Walk,98,Francophone
17,98,Medium,High,Yes,7,72,Yes,0,Low,Public,3,High School,Near,Male,71,sometimes,North,Bike,149,Francophone
28,95,Medium,Medium,No,8,96,Yes,1,Medium,Public,3,Postgraduate,Moderate,Male,73,sometimes,South West,Walk,157,Bilingual
20,90,High,Medium,Yes,4,56,Yes,0,Low,Private,1,High School,Moderate,Male,68,sometimes,Littoral,Walk,30,Anglophone
13,97,Medium,Medium,Yes,8,81,Yes,3,Low,Public,1,High School,Far,Male,68,sometimes,North,Walk,23,Francophone
28,69,Medium,Medium,Yes,8,66,Yes,0,Low,Public,6,College,Far,Male,66,yes,Littoral,Private car,64,Bilingual
24,93,Low,High,Yes,8,56,Yes,1,Low,Public,3,College,Moderate,Male,69,sometimes,Adamawa,Bike,75,Francophone
23,88,Medium,Medium,No,8,70,Yes,2,Medium,Public,4,High School,Near,Female,70,no,South West,Walk,105,Bilingual
24,95,Medium,High,Yes,7,71,Yes,1,Medium,Public,3,High School,Near,Male,74,yes,West,Bike,26,Bilingual
34,92,High,Medium,No,7,68,Yes,0,Medium,Public,5,College,Near,Female,75,no,Far North,Bike,24,Anglophone
33,74,Medium,Medium,Yes,6,88,Yes,2,Medium,Private,3,College,Near,Male,71,no,Littoral,Walk,148,Francophone
16,91,High,High,Yes,6,92,Yes,2,Low,Private,3,High School,Moderate,Male,71,yes,South West,Private car,195,Francophone
30,70,Medium,Medium,No,9,57,Yes,1,Low,Public,4,College,Far,Female,65,no,Littoral,Taxi,128,Bilingual
22,73,Low,Medium,No,6,58,Yes,1,Medium,Private,3,Postgraduate,Moderate,Male,65,sometimes,Adamawa,Private car,151,Bilingual
23,64,Medium,High,No,4,71,Yes,2,Medium,Public,1,Postgraduate,Near,Male,65,sometimes,East,Bus,157,Francophone
10,97,Medium,Medium,No,6,66,Yes,2,Low,Public,2,Postgraduate,Near,Female,67,yes,North West,Bus,105,Francophone
19,72,Medium,Medium,Yes,8,91,Yes,1,Low,Private,4,,Moderate,Male,67,yes,Littoral,Bike,136,Bilingual
15,81,Medium,Medium,Yes,7,100,Yes,1,Low,Public,3,Postgraduate,Moderate,Male,67,yes,South West,Taxi,86,Bilingual
25,76,High,High,Yes,8,59,Yes,4,Medium,Private,4,College,Near,Female,71,yes,Littoral,Taxi,78,Francophone
26,98,High,Low,No,4,88,Yes,1,Medium,Public,1,College,Moderate,Female,72,no,South West,Bike,39,Bilingual
8,73,Medium,High,Yes,4,80,Yes,0,Low,Public,4,College,Moderate,Male,62,yes,Centre,Walk,105,Anglophone
20,91,High,Low,Yes,7,82,Yes,0,Medium,Public,4,College,Near,Male,70,yes,Far North,Bus,190,Anglophone
27,94,Medium,High,No,9,63,Yes,0,Low,Public,4,College,Near,Female,72,yes,South,Bus,45,Francophone
19,77,Low,Medium,Yes,4,55,Yes,0,Medium,Public,4,College,Moderate,Male,64,sometimes,Littoral,Bus,170,Francophone
24,75,High,Low,Yes,8,77,Yes,1,Low,Private,1,College,Moderate,Male,66,no,Far North,Bike,94,Francophone
22,90,Low,Medium,Yes,9,81,Yes,0,Medium,Public,4,High School,Near,Male,69,yes,North West,Taxi,196,Anglophone
22,97,High,Medium,No,7,98,Yes,0,Medium,Public,0,College,Moderate,Female,71,no,Littoral,Bus,56,Anglophone
18,90,Medium,Low,No,8,84,Yes,2,Low,Private,3,High School,Moderate,Male,68,yes,North West,Taxi,115,Anglophone
13,69,Medium,Medium,Yes,7,72,Yes,2,High,Public,2,High School,Moderate,Female,63,no,Littoral,Bike,183,Anglophone
13,96,Medium,High,Yes,7,100,No,4,Medium,Public,3,High School,Near,Male,71,yes,East,Bike,99,Anglophone
24,76,High,Low,Yes,8,69,Yes,3,Low,Private,1,High School,,Male,65,no,North,Private car,23,Bilingual
20,83,Low,High,Yes,10,58,Yes,0,Low,Public,1,High School,Near,Female,66,sometimes,Centre,Taxi,84,Bilingual
19,93,Low,Low,Yes,6,81,Yes,2,High,Private,3,College,Moderate,Female,68,sometimes,East,Taxi,24,Bilingual
17,68,Medium,Medium,Yes,7,63,No,0,Low,Public,3,High School,Moderate,Male,61,sometimes,Far North,Bus,176,Francophone
18,91,Low,High,No,6,96,Yes,2,Low,Private,3,Postgraduate,Near,Male,71,sometimes,Littoral,Walk,147,Anglophone
26,84,Medium,High,Yes,7,71,Yes,0,Medium,Public,2,High School,Near,Female,70,sometimes,North West,Taxi,155,Anglophone
18,96,High,Low,No,7,57,Yes,1,Low,Public,3,High School,Moderate,Female,66,sometimes,East,Walk,156,Anglophone
12,67,High,Medium,Yes,9,57,Yes,0,Low,Private,2,College,Moderate,Male,61,yes,Centre,Walk,189,Anglophone
24,77,High,Low,Yes,9,82,Yes,1,Medium,Private,2,High School,Near,Male,67,yes,Centre,Walk,162,Francophone
19,93,High,Medium,Yes,8,68,Yes,1,High,Public,3,Postgraduate,Near,Female,72,yes,Littoral,Bus,115,Anglophone
20,61,High,High,No,9,68,Yes,1,High,Private,3,High School,Near,Female,65,no,Adamawa,Bus,193,Anglophone
30,64,High,Medium,No,6,81,Yes,3,Medium,Public,2,College,Near,Female,68,no,South West,Taxi,143,Bilingual
20,100,Low,Medium,Yes,6,61,No,3,Medium,Public,4,College,Far,Male,70,sometimes,North West,Taxi,187,Anglophone
22,71,Medium,Low,Yes,8,57,Yes,1,Low,Public,4,High School,Moderate,Male,63,no,South West,Bus,128,Bilingual
13,99,High,Low,No,7,83,Yes,1,Medium,Public,4,Postgraduate,Far,Female,69,no,West,Bike,137,Francophone
19,67,Medium,Low,No,10,50,Yes,0,High,Public,3,High School,Near,Male,62,sometimes,Littoral,Bus,47,Bilingual
24,74,High,High,No,4,95,Yes,1,High,Public,4,Postgraduate,Moderate,Female,71,yes,East,Private car,127,Bilingual
11,90,Low,Low,Yes,8,59,Yes,1,Low,Public,4,High School,Near,Male,64,yes,Littoral,Bike,179,Bilingual
21,86,High,Medium,No,8,72,Yes,0,High,Public,3,High School,Moderate,Male,69,sometimes,East,Taxi,159,Anglophone
21,83,Medium,High,Yes,6,61,Yes,2,Low,Public,3,Postgraduate,Near,Male,71,yes,East,Bus,135,Bilingual
20,81,Low,Medium,Yes,6,61,No,0,Low,Public,4,High School,Near,Female,63,sometimes,Far North,Walk,151,Bilingual
26,94,Low,High,Yes,6,92,Yes,1,Low,Public,3,High School,Near,Female,72,no,West,Private car,156,Anglophone
22,69,Medium,Medium,Yes,5,79,Yes,1,Low,Public,3,College,Near,Male,66,yes,North,Bus,96,Bilingual
29,78,High,Medium,Yes,9,66,Yes,2,Low,Public,4,High School,Moderate,Male,69,yes,Far North,Private car,26,Anglophone
14,66,Medium,Medium,Yes,10,63,Yes,0,Low,Public,3,High School,Moderate,Male,60,no,North,Bike,119,Bilingual
21,84,High,High,Yes,6,61,Yes,1,Medium,Private,4,High School,Moderate,Female,68,sometimes,Far North,Bike,81,Francophone
21,70,Medium,High,No,6,78,Yes,3,Medium,Public,2,College,Far,Male,65,sometimes,Adamawa,Bike,172,Anglophone
14,73,High,Medium,No,5,87,Yes,2,Medium,Public,4,College,Near,Female,67,sometimes,North,Taxi,51,Francophone
26,79,Medium,Low,Yes,5,63,Yes,0,Low,Public,2,High School,Near,Male,66,no,East,Taxi,187,Francophone
34,61,Medium,Medium,Yes,6,67,Yes,1,High,Private,2,Postgraduate,Moderate,Male,68,yes,South,Bike,152,Bilingual
20,64,Low,Medium,Yes,9,86,Yes,0,Low,Private,4,High School,Near,Female,63,sometimes,North,Taxi,60,Anglophone
23,87,High,High,Yes,10,87,Yes,1,Medium,Private,3,College,Near,Male,73,sometimes,Adamawa,Bike,34,Bilingual
21,77,Medium,Medium,Yes,6,60,Yes,1,Medium,Private,3,College,Moderate,Male,66,yes,South,Bus,66,Anglophone
16,95,Low,Medium,Yes,6,69,Yes,2,Low,Public,3,College,Near,Male,67,yes,Adamawa,Private car,177,Anglophone
9,88,Low,Medium,Yes,5,93,Yes,2,Medium,Public,4,Postgraduate,Near,Male,66,yes,Littoral,Walk,174,Bilingual
16,60,Medium,Low,No,8,87,Yes,0,Low,Public,5,High School,Near,Male,60,sometimes,Adamawa,Walk,61,Bilingual
12,85,High,High,No,8,58,Yes,1,Low,Public,3,Postgraduate,Near,Male,67,sometimes,South West,Private car,184,Francophone
30,64,Medium,Medium,No,7,69,Yes,3,High,Public,4,High School,Near,Female,67,yes,Adamawa,Private car,70,Anglophone
19,91,Medium,Medium,Yes,6,99,Yes,0,Medium,Public,2,High School,Near,Female,70,yes,Adamawa,Private car,25,Francophone
18,100,High,Low,No,9,76,Yes,1,Low,Public,2,High School,Near,Female,69,no,North,Bus,92,Francophone
25,81,Medium,Low,Yes,8,86,Yes,1,Low,Public,3,Postgraduate,Near,Male,68,no,North West,Private car,141,Francophone
13,87,High,Low,Yes,8,55,Yes,1,High,Private,3,High School,Near,Female,67,no,East,Bike,138,Anglophone
15,69,Medium,High,No,8,92,Yes,0,Low,Public,1,College,Moderate,Male,63,no,Littoral,Taxi,162,Anglophone
20,78,High,Medium,No,7,80,Yes,2,High,Public,3,College,Near,Male,70,no,North West,Walk,192,Bilingual
26,94,Low,Medium,No,6,59,Yes,4,Low,Public,3,High School,Near,Female,71,sometimes,Centre,Taxi,123,Francophone
23,67,High,High,Yes,8,69,Yes,1,High,Public,2,High School,Near,Female,67,yes,Far North,Walk,110,Bilingual
21,71,Medium,Medium,No,8,54,Yes,1,Medium,Private,3,High School,Near,Male,64,no,Adamawa,Private car,25,Bilingual
20,78,Low,Medium,No,8,89,No,0,Medium,Private,4,College,Near,Female,66,yes,South,Walk,65,Bilingual
22,88,Medium,Medium,Yes,5,87,Yes,1,Low,Public,3,Postgraduate,Near,Male,70,no,North,Bus,76,Anglophone
21,75,Medium,Low,Yes,8,75,Yes,1,Medium,Private,2,High School,Moderate,Male,65,yes,Littoral,Bike,79,Anglophone
14,97,Low,Medium,Yes,7,73,Yes,2,Medium,Public,3,College,Moderate,Male,68,yes,South,Private car,128,Anglophone
20,64,Medium,Low,Yes,6,73,Yes,3,Medium,Public,5,Postgraduate,Far,Female,65,no,Littoral,Taxi,111,Anglophone
14,75,High,Medium,No,8,52,Yes,3,Medium,Public,1,Postgraduate,Near,Male,65,no,North West,Bike,71,Bilingual
20,88,Medium,Medium,Yes,7,68,Yes,0,Low,Public,4,College,Near,Female,69,sometimes,West,Private car,112,Bilingual
17,69,Medium,Medium,No,10,56,Yes,1,Medium,Public,4,High School,Near,Female,63,sometimes,South West,Walk,199,Francophone
35,86,Low,Medium,No,8,59,Yes,2,Low,Public,2,College,Moderate,Female,70,no,Littoral,Walk,100,Francophone
20,67,Low,Low,Yes,7,98,Yes,1,Medium,Public,4,College,Near,Male,64,yes,West,Walk,119,Anglophone
12,62,Medium,High,Yes,7,63,Yes,1,High,Public,4,High School,Near,Female,62,sometimes,South,Private car,25,Anglophone
19,65,High,High,Yes,5,74,Yes,1,Low,Private,3,High School,Near,Female,66,yes,East,Walk,195,Bilingual
23,97,High,Low,Yes,9,94,Yes,2,Low,Public,3,High School,Moderate,Male,73,sometimes,Centre,Private car,154,Anglophone
30,82,Medium,High,Yes,7,71,Yes,3,Low,Public,3,Postgraduate,Far,Female,72,no,West,Walk,155,Francophone
16,92,Medium,Medium,Yes,7,76,No,0,High,Private,2,Postgraduate,Far,Male,68,yes,Adamawa,Walk,20,Francophone
11,73,Medium,High,No,5,58,No,0,Medium,Private,4,College,Near,Male,62,no,East,Walk,23,Francophone
25,84,Medium,Low,No,8,64,Yes,2,Low,Private,4,High School,,Male,67,no,Adamawa,Taxi,44,Anglophone
12,80,Medium,Low,No,6,75,Yes,1,Low,Public,4,High School,Moderate,Male,62,no,Centre,Taxi,192,Anglophone
17,98,High,High,No,6,68,Yes,2,Medium,Public,3,High School,Near,Male,72,yes,West,Bus,71,Francophone
18,90,Low,High,No,7,52,Yes,2,Medium,Public,2,High School,Near,Male,67,yes,Far North,Bus,83,Francophone
20,89,High,Medium,Yes,6,70,Yes,1,Low,Private,3,High School,Moderate,Female,68,sometimes,South West,Walk,86,Bilingual
24,62,Low,High,Yes,6,91,Yes,2,Medium,Public,3,High School,Moderate,Female,65,sometimes,Littoral,Bus,52,Francophone
16,82,Medium,Medium,No,7,56,Yes,0,High,Private,1,High School,Far,Female,79,yes,North,Bike,49,Anglophone
18,79,High,Low,No,9,51,Yes,2,Medium,Private,3,High School,Near,Male,66,no,Centre,Walk,35,Bilingual
20,97,Medium,Medium,Yes,8,56,Yes,1,Low,Private,2,High School,Near,Female,68,sometimes,Adamawa,Walk,59,Francophone
21,70,Low,Low,Yes,8,84,Yes,1,High,Public,3,Postgraduate,Near,Male,65,sometimes,Far North,Bike,159,Francophone
21,71,Medium,High,Yes,8,90,Yes,3,Low,Public,4,High School,Moderate,Female,67,no,North,Bus,63,Francophone
23,76,Medium,High,Yes,6,52,Yes,3,Medium,Public,4,College,Moderate,Male,67,no,South,Walk,40,Bilingual
25,70,Low,Medium,Yes,9,94,Yes,1,Medium,Public,4,High School,Moderate,Male,67,yes,Adamawa,Private car,99,Bilingual
22,65,Medium,Medium,Yes,4,81,Yes,5,Medium,Public,4,College,Far,Female,68,no,East,Bus,125,Bilingual
23,94,Medium,High,No,8,76,Yes,3,Medium,Public,3,High School,Moderate,Male,72,yes,North West,Private car,92,Anglophone
11,82,High,Medium,No,8,63,Yes,1,Medium,Public,5,High School,Near,Male,65,yes,Far North,Taxi,127,Anglophone
20,94,Low,Medium,No,7,69,Yes,0,Low,Public,3,High School,Moderate,Female,65,sometimes,Centre,Private car,191,Anglophone
23,93,Medium,Medium,Yes,6,97,No,1,Medium,Public,2,College,Moderate,Male,70,yes,Far North,Private car,29,Anglophone
24,71,Medium,Medium,Yes,7,96,Yes,2,Low,Public,2,High School,Near,Male,67,sometimes,North West,Private car,81,Bilingual
16,82,Medium,High,Yes,6,81,Yes,1,Medium,Private,4,College,Near,Male,68,yes,North,Bike,33,Francophone
16,63,Medium,Medium,No,8,79,Yes,2,Low,Public,3,College,Moderate,Male,63,sometimes,North West,Taxi,152,Anglophone
17,97,Medium,Medium,Yes,8,61,Yes,2,Low,Public,2,High School,Near,Male,68,no,Adamawa,Taxi,163,Francophone
23,76,Medium,High,Yes,8,98,Yes,0,Medium,Public,2,Postgraduate,Moderate,Female,69,no,West,Bike,138,Francophone
26,76,Low,Low,Yes,8,88,Yes,2,Low,Public,4,High School,Near,Male,66,yes,North,Walk,107,Anglophone
18,72,High,Medium,Yes,8,69,No,2,High,Public,4,High School,Far,Female,64,sometimes,North West,Bike,117,Anglophone
25,78,High,Low,Yes,8,91,Yes,3,Low,Public,4,High School,Near,Male,69,sometimes,South West,Walk,53,Bilingual
21,70,Low,Medium,No,6,61,Yes,1,Low,Public,3,High School,Near,Male,62,no,Adamawa,Taxi,82,Anglophone
19,75,Medium,High,Yes,5,61,Yes,0,Medium,Public,3,High School,Near,Female,65,no,Centre,Walk,29,Bilingual
19,92,Medium,Medium,Yes,7,90,Yes,1,Low,Public,2,High School,Near,Female,70,no,Littoral,Private car,62,Anglophone
24,93,Low,High,Yes,8,78,Yes,1,High,Public,4,High School,Near,Female,72,sometimes,East,Walk,57,Anglophone
22,72,Medium,Medium,No,5,78,Yes,1,Low,Public,3,High School,Near,Female,66,yes,Centre,Private car,104,Francophone
34,79,High,Low,Yes,7,79,Yes,3,Medium,Private,2,High School,Moderate,Male,70,yes,South,Private car,48,Anglophone
15,95,Medium,Medium,No,9,56,No,3,Low,Public,1,High School,Near,Male,67,yes,Littoral,Private car,162,Bilingual
23,62,High,High,Yes,7,67,Yes,1,Low,Public,4,Postgraduate,Moderate,Female,65,yes,Littoral,Private car,147,Bilingual
17,96,Medium,Low,Yes,9,79,No,3,Medium,Private,2,Postgraduate,Moderate,Male,68,yes,Far North,Bike,43,Bilingual
15,69,Low,Medium,Yes,9,62,Yes,2,Medium,Public,3,High School,Moderate,Male,62,yes,South West,Private car,194,Bilingual
20,87,Low,Medium,Yes,7,75,Yes,1,Low,Public,3,Postgraduate,Near,Male,68,no,Centre,Walk,145,Bilingual
21,83,High,Medium,No,6,78,Yes,2,High,Public,3,High School,Near,Female,69,yes,Far North,Private car,82,Bilingual
38,82,Medium,Low,No,6,97,Yes,2,Low,Private,3,College,Near,Male,72,no,West,Bike,68,Anglophone
19,94,Low,Medium,No,7,62,Yes,0,Medium,Public,3,High School,Moderate,Male,65,yes,Littoral,Walk,144,Francophone
13,64,Medium,High,Yes,5,72,Yes,2,Medium,Private,2,Postgraduate,Moderate,Male,63,no,South,Bus,170,Anglophone
22,74,High,High,Yes,5,99,Yes,0,Low,Public,2,College,Near,Female,68,no,South West,Taxi,175,Francophone
8,82,High,Low,No,4,59,Yes,1,Medium,Public,2,College,Near,Male,62,yes,Centre,Taxi,85,Bilingual
19,92,Medium,Medium,Yes,7,89,No,0,Low,Private,2,Postgraduate,Near,Male,69,no,North,Private car,182,Bilingual
20,69,Medium,Low,No,10,59,Yes,2,High,Public,4,High School,Near,Female,65,sometimes,South,Bus,68,Anglophone
25,92,High,Medium,No,4,93,Yes,3,High,Public,2,High School,Near,Female,74,no,West,Bus,56,Francophone
26,76,High,Low,Yes,7,74,Yes,4,Medium,Public,3,High School,Moderate,Female,70,sometimes,Far North,Bike,116,Anglophone
17,68,Medium,Low,Yes,7,99,Yes,2,Medium,Public,3,High School,Near,Female,65,no,Adamawa,Taxi,159,Bilingual
19,90,High,High,No,7,59,Yes,3,High,Public,3,College,Moderate,Male,70,yes,Far North,Taxi,181,Bilingual
15,64,Low,Low,Yes,9,84,Yes,0,Medium,Public,3,College,Far,Male,59,yes,Far North,Walk,115,Anglophone
13,81,Low,Medium,Yes,6,85,Yes,1,Low,Private,3,High School,Moderate,Male,63,no,Far North,Bike,95,Bilingual
22,63,Low,High,Yes,4,86,Yes,0,Low,Public,4,College,Near,Female,64,no,North,Private car,75,Bilingual
12,74,Low,High,Yes,6,55,Yes,0,Medium,Public,3,Postgraduate,Near,Male,63,yes,Littoral,Taxi,49,Bilingual
18,84,High,Low,No,6,64,Yes,2,Low,Public,2,High School,Near,Female,67,no,Littoral,Taxi,122,Bilingual
14,82,Medium,Medium,Yes,4,67,Yes,1,High,Public,4,High School,Moderate,Female,65,yes,Littoral,Private car,199,Bilingual
23,76,Medium,Medium,No,7,66,Yes,2,Medium,Public,3,College,Near,Male,67,yes,North,Taxi,168,Bilingual
31,77,High,Medium,No,5,84,Yes,2,High,Public,5,,Near,Male,73,sometimes,Adamawa,Bike,136,Anglophone
12,69,High,High,Yes,7,53,Yes,2,Low,Public,3,College,Near,Male,64,no,Adamawa,Bus,170,Francophone
9,78,Low,High,No,6,87,Yes,0,Medium,Private,3,Postgraduate,Near,Male,65,no,South West,Taxi,141,Bilingual
19,98,Medium,High,Yes,5,76,Yes,2,Medium,Private,3,High School,Moderate,Male,72,no,North West,Private car,193,Francophone
20,94,High,Medium,No,8,59,Yes,3,Medium,Public,4,High School,Near,Female,72,yes,South,Private car,171,Francophone
21,66,High,Medium,No,7,61,Yes,2,High,Public,2,College,Near,Male,66,sometimes,South West,Private car,39,Bilingual
17,61,High,Medium,Yes,7,55,Yes,1,Medium,Private,2,College,Near,Male,62,sometimes,East,Taxi,36,Anglophone
19,97,Low,Medium,No,8,73,Yes,2,Medium,Private,1,College,Near,Male,68,sometimes,Adamawa,Bus,93,Bilingual
22,81,Medium,Low,Yes,7,80,Yes,1,Medium,Public,3,College,Moderate,Female,67,sometimes,Far North,Taxi,150,Francophone
26,82,High,Low,No,7,79,Yes,1,Medium,Public,2,Postgraduate,Near,Female,69,yes,South West,Bus,184,Bilingual
8,91,High,Low,No,6,98,Yes,1,Medium,Private,3,High School,Near,Female,67,sometimes,Littoral,Bus,112,Bilingual
18,73,Medium,Medium,No,5,65,Yes,1,Low,Public,3,College,Moderate,Female,63,no,Centre,Walk,35,Anglophone
21,79,Low,Medium,Yes,7,88,Yes,0,Low,Private,4,High School,Moderate,Male,65,sometimes,Centre,Private car,49,Francophone
14,99,High,Medium,No,6,86,Yes,2,High,Private,4,College,Near,Male,71,sometimes,West,Private car,182,Bilingual
30,87,Medium,Medium,No,8,53,Yes,1,Low,Private,1,Postgraduate,Near,Male,70,sometimes,Far North,Taxi,67,Francophone
16,66,Medium,Medium,Yes,7,97,Yes,5,Low,Public,3,Postgraduate,Near,Male,68,no,South,Bus,197,Anglophone
20,65,Medium,Medium,Yes,8,97,Yes,0,Low,Public,3,College,Near,Female,65,no,East,Bike,117,Bilingual
23,68,Medium,High,Yes,6,70,Yes,4,Medium,Public,2,High School,Near,Male,68,yes,Far North,Walk,164,Anglophone
16,91,Medium,Medium,Yes,5,71,Yes,2,High,Public,3,College,Near,Male,69,yes,South,Bike,125,Anglophone
9,72,Medium,High,Yes,10,91,No,1,High,Public,2,High School,Far,Female,62,sometimes,Centre,Walk,79,Anglophone
17,61,Low,High,Yes,7,75,No,2,Medium,Public,4,College,Near,Female,62,yes,Far North,Private car,89,Francophone
26,98,High,Low,No,8,90,Yes,1,High,Public,2,Postgraduate,Moderate,Female,72,no,Adamawa,Walk,150,Francophone
18,67,High,Medium,No,5,52,Yes,0,Medium,Private,4,Postgraduate,Moderate,Male,64,yes,West,Taxi,122,Bilingual
15,60,High,Medium,No,7,63,Yes,0,Low,Public,1,High School,Far,Female,58,no,East,Private car,198,Anglophone
26,69,High,Medium,No,9,55,Yes,1,Low,Public,3,College,Near,Male,66,yes,South,Taxi,31,Anglophone
18,69,Medium,Low,Yes,5,73,Yes,1,Low,Public,4,Postgraduate,Moderate,Male,64,no,North,Walk,38,Bilingual
17,77,Medium,High,Yes,10,93,Yes,3,High,Private,1,College,Far,Female,68,sometimes,East,Bus,35,Bilingual
21,97,Low,Low,No,7,78,Yes,0,High,Public,3,Postgraduate,Near,Female,69,no,South West,Walk,60,Anglophone
25,95,Low,High,No,6,76,Yes,1,Low,Public,5,High School,Near,Male,71,sometimes,West,Bus,69,Bilingual
34,78,Medium,High,Yes,8,68,Yes,1,Medium,Public,2,College,Near,Male,71,no,Far North,Bike,32,Anglophone
25,76,Medium,Medium,Yes,9,53,Yes,0,High,Private,3,High School,Moderate,Male,67,yes,Adamawa,Taxi,110,Bilingual
27,82,High,Low,Yes,6,88,Yes,2,High,Private,3,High School,Near,Male,71,no,South,Taxi,182,Anglophone
17,70,Medium,Medium,Yes,6,79,Yes,2,Medium,Public,3,High School,,Female,64,sometimes,West,Bus,118,Anglophone
14,62,Medium,Medium,Yes,7,97,Yes,0,Medium,Public,1,High School,Moderate,Male,62,yes,Littoral,Bus,58,Bilingual
20,98,Medium,Medium,No,8,72,Yes,1,High,Public,4,High School,Near,Female,70,no,Littoral,Taxi,150,Francophone
21,67,Low,High,No,7,70,Yes,2,Low,Private,2,Postgraduate,Moderate,Female,63,sometimes,Littoral,Taxi,169,Bilingual
14,68,High,Medium,Yes,8,99,Yes,0,High,Public,3,High School,Near,Female,66,sometimes,West,Private car,43,Francophone
19,79,Medium,Medium,Yes,8,57,Yes,2,Low,Public,3,High School,Moderate,Male,65,yes,North,Taxi,110,Anglophone
22,80,Medium,High,No,7,63,Yes,1,High,Public,3,College,Near,Male,69,no,Littoral,Walk,137,Anglophone
22,61,High,Low,Yes,6,74,Yes,1,Low,Public,3,High School,Near,Male,63,sometimes,East,Walk,173,Bilingual
23,66,Medium,Medium,No,7,76,Yes,1,High,Public,2,College,Moderate,Male,64,no,North,Taxi,154,Anglophone
22,75,Medium,Medium,Yes,10,77,Yes,2,Low,Public,2,High School,Near,Male,66,sometimes,West,Bike,169,Francophone
17,87,Medium,Medium,Yes,7,61,Yes,4,High,Public,3,High School,Near,Female,67,no,South,Taxi,106,Anglophone
17,69,High,High,Yes,9,96,Yes,2,Low,Public,3,College,Far,Male,66,sometimes,East,Private car,37,Bilingual
13,77,Low,High,No,6,85,Yes,2,Low,Public,4,Postgraduate,Near,Female,65,sometimes,North,Taxi,148,Bilingual
31,82,High,Medium,Yes,7,63,No,2,High,Private,2,Postgraduate,Moderate,Male,72,sometimes,North West,Private car,33,Francophone
20,96,High,Medium,Yes,8,65,Yes,0,Medium,Public,2,High School,Near,Female,70,sometimes,South West,Walk,110,Francophone
19,73,Medium,Medium,Yes,9,94,Yes,1,High,Public,1,College,Near,Female,67,sometimes,Centre,Walk,60,Bilingual
14,65,Medium,High,No,9,69,Yes,4,Medium,Public,3,College,Near,Male,64,yes,Centre,Bus,137,Francophone
38,80,High,Medium,No,5,78,Yes,1,Low,Public,4,College,Far,Female,72,yes,South,Bus,167,Bilingual
14,90,Medium,Medium,Yes,9,56,Yes,0,Low,Public,4,High School,Near,Female,65,sometimes,East,Bus,188,Anglophone
17,64,High,Low,Yes,10,63,Yes,0,High,Public,3,High School,Moderate,Female,62,sometimes,Littoral,Bike,110,Bilingual
22,77,Medium,High,No,6,71,Yes,3,Low,Public,4,High School,Far,Female,67,yes,East,Walk,172,Francophone
24,61,Medium,Medium,No,6,83,Yes,0,Medium,Public,3,High School,Near,Male,64,no,West,Private car,195,Bilingual
26,61,Medium,Medium,No,7,64,Yes,0,Medium,Private,3,Postgraduate,,Male,63,no,South West,Bus,175,Anglophone
31,79,Medium,High,No,7,98,Yes,1,Medium,Public,2,College,Moderate,Male,72,yes,West,Walk,101,Anglophone
23,72,Low,Medium,No,6,61,Yes,1,High,Public,5,High School,Near,Male,66,sometimes,East,Bus,163,Anglophone
14,94,High,Medium,Yes,5,89,Yes,0,Medium,Public,1,Postgraduate,Near,Female,70,sometimes,South,Walk,89,Bilingual
18,84,Medium,Low,Yes,9,68,Yes,0,Medium,Private,2,Postgraduate,Near,Female,66,yes,West,Walk,184,Francophone
22,78,High,High,No,6,92,Yes,1,High,Public,3,High School,Moderate,Male,70,no,North West,Bike,53,Bilingual
32,76,Low,Low,Yes,6,96,Yes,0,Low,Public,2,High School,Moderate,Female,67,yes,North,Private car,90,Anglophone
12,80,Medium,Medium,Yes,7,59,Yes,1,Low,Public,2,High School,Near,Female,64,no,North West,Private car,134,Bilingual
27,62,High,Medium,No,5,75,Yes,2,Medium,Public,2,,Near,Male,67,sometimes,Adamawa,Private car,140,Bilingual
21,96,High,High,Yes,5,58,Yes,0,High,Public,4,College,Far,Male,72,no,North,Bike,93,Anglophone
25,100,High,Low,No,6,85,Yes,1,Medium,Public,3,High School,Near,Male,72,sometimes,South West,Taxi,82,Francophone
19,67,High,Medium,Yes,8,92,Yes,2,High,Public,5,Postgraduate,Moderate,Female,68,no,Adamawa,Bus,198,Anglophone
15,65,Medium,Medium,Yes,7,69,Yes,1,High,Public,3,Postgraduate,Near,Female,64,yes,West,Bus,70,Francophone
25,66,High,Medium,Yes,4,70,No,1,High,Public,3,High School,Moderate,Male,66,yes,North,Taxi,100,Bilingual
24,86,Low,High,No,9,60,Yes,0,Low,Private,3,College,Far,Male,68,no,South West,Bike,21,Francophone
26,86,Low,Low,No,8,65,Yes,0,Low,Public,4,High School,Near,Female,66,yes,Centre,Walk,140,Francophone
20,94,Low,High,Yes,7,66,Yes,1,Low,Private,1,High School,Near,Female,70,no,Far North,Taxi,170,Bilingual
16,90,High,High,Yes,7,58,Yes,1,Low,Public,4,Postgraduate,Near,Female,70,no,Far North,Taxi,94,Francophone
11,78,Low,High,Yes,8,65,Yes,0,Medium,Private,2,High School,,Female,62,sometimes,Far North,Private car,196,Francophone
25,85,Low,Medium,Yes,10,95,Yes,0,Medium,Public,1,College,Near,Male,69,yes,East,Bus,163,Anglophone
23,88,Medium,Medium,Yes,8,66,Yes,2,Medium,Private,2,College,Moderate,Male,69,sometimes,East,Taxi,36,Anglophone
14,81,Medium,Medium,Yes,7,64,Yes,2,Medium,Public,4,College,Near,Male,66,sometimes,West,Bike,20,Bilingual
17,79,High,High,No,5,69,Yes,4,Low,Public,3,Postgraduate,Near,Female,68,no,East,Taxi,50,Francophone
17,86,Medium,High,No,7,98,Yes,2,Low,Public,5,Postgraduate,Moderate,Male,71,sometimes,Far North,Bike,142,Anglophone
11,82,Medium,Medium,Yes,8,88,No,1,Low,Private,2,Postgraduate,Moderate,Female,64,sometimes,South,Bike,142,Bilingual
15,86,Low,High,No,7,60,Yes,2,Medium,Public,3,College,Near,Male,67,no,East,Private car,113,Anglophone
13,85,Medium,High,Yes,6,88,Yes,2,Medium,Public,3,High School,Moderate,Female,68,yes,Adamawa,Bike,139,Bilingual
18,89,Low,High,Yes,8,88,Yes,0,High,Public,1,,Moderate,Male,67,yes,Centre,Bus,190,Francophone
16,86,Medium,Medium,No,6,98,Yes,1,Low,Public,3,Postgraduate,Near,Male,68,no,North,Walk,108,Bilingual
10,81,Medium,High,Yes,8,95,Yes,5,Low,Public,3,High School,Near,Female,69,sometimes,East,Bus,23,Francophone
32,87,Medium,High,Yes,6,55,Yes,0,Low,Public,3,High School,Near,Male,71,yes,Far North,Taxi,92,Francophone
28,78,High,Low,Yes,4,73,No,3,Low,Private,4,High School,Moderate,Female,68,yes,Littoral,Walk,114,Anglophone
15,70,High,High,No,6,85,Yes,0,Low,Private,2,College,Moderate,Male,65,yes,Far North,Walk,182,Francophone
22,60,Low,Medium,No,7,99,Yes,1,Low,Public,3,College,Moderate,Male,63,no,East,Bike,188,Francophone
23,82,Low,Medium,Yes,8,54,Yes,0,Medium,Public,1,High School,Near,Female,65,no,Far North,Private car,45,Anglophone
27,84,High,High,No,8,68,Yes,3,Low,Private,2,Postgraduate,Near,Female,72,no,North West,Bus,168,Anglophone
15,99,Low,Medium,Yes,5,75,Yes,2,Medium,Public,1,College,Moderate,Male,67,no,South West,Bus,103,Bilingual
27,74,Medium,High,No,7,71,Yes,1,Medium,Public,3,High School,Near,Female,69,sometimes,West,Private car,197,Bilingual
17,76,Medium,Medium,No,6,73,Yes,3,Low,Private,3,Postgraduate,Near,Male,67,sometimes,North West,Bike,56,Bilingual
12,68,High,Medium,Yes,6,68,Yes,2,Medium,Public,4,College,Near,Male,64,yes,North,Private car,36,Francophone
24,63,Medium,Low,No,6,99,No,0,Low,Public,3,High School,Moderate,Female,62,sometimes,East,Bus,118,Anglophone
28,91,Low,Medium,No,7,90,Yes,2,High,Private,3,High School,Near,Male,71,no,West,Walk,116,Anglophone
36,70,Low,High,No,10,87,Yes,2,Low,Public,3,,Near,Male,70,yes,East,Private car,107,Anglophone
13,84,Low,Medium,No,10,71,Yes,1,Medium,Public,3,College,Moderate,Male,64,yes,North West,Bike,75,Francophone
24,88,Medium,Medium,Yes,6,94,Yes,0,Low,Private,2,Postgraduate,Moderate,Male,69,yes,West,Bike,133,Anglophone
18,79,Medium,Medium,Yes,7,55,Yes,1,Low,Public,3,High School,Moderate,Female,65,yes,Centre,Taxi,167,Francophone
25,95,High,High,Yes,7,57,Yes,2,High,Private,2,College,Moderate,Female,73,sometimes,East,Walk,126,Bilingual
11,78,Medium,Low,Yes,7,98,Yes,2,Medium,Public,3,High School,Near,Female,64,sometimes,Centre,Taxi,45,Anglophone
12,71,Medium,High,Yes,8,78,Yes,2,Medium,Public,2,Postgraduate,Near,Female,64,sometimes,Adamawa,Bike,37,Anglophone
15,96,Medium,Medium,Yes,7,58,Yes,3,Medium,Public,4,Postgraduate,Moderate,Male,70,no,North West,Walk,156,Francophone
20,94,Low,Low,Yes,6,97,Yes,2,Medium,Public,5,College,Near,Male,70,no,South West,Walk,72,Bilingual
16,67,High,High,No,9,99,Yes,2,Medium,Public,2,High School,Moderate,Male,64,no,South,Walk,120,Francophone
24,61,Low,Medium,No,5,94,Yes,3,Medium,Private,2,College,Moderate,Female,64,yes,Far North,Bus,179,Francophone
26,64,Medium,Medium,Yes,7,62,Yes,3,Medium,Private,2,High School,Near,Male,66,sometimes,South West,Bus,119,Anglophone
24,71,Low,High,Yes,5,64,Yes,1,Medium,Public,3,College,Near,Male,66,yes,Centre,Private car,175,Francophone
30,99,Medium,Medium,Yes,5,70,Yes,2,Medium,Public,4,High School,Near,Female,74,sometimes,North West,Walk,141,Bilingual
22,82,High,High,No,8,79,No,2,Medium,Public,1,College,Near,Female,69,sometimes,Adamawa,Taxi,110,Bilingual
13,75,Low,High,Yes,6,100,Yes,1,Medium,Public,3,Postgraduate,Near,Male,67,sometimes,South West,Private car,72,Francophone
28,96,Medium,Medium,No,4,98,Yes,5,Low,Public,5,High School,Far,Male,73,no,West,Bike,80,Bilingual
16,78,Low,Medium,No,6,96,Yes,0,Medium,Public,1,Postgraduate,Near,Female,66,sometimes,East,Taxi,21,Anglophone
25,73,High,Medium,No,6,54,Yes,2,Medium,Public,4,High School,Moderate,Female,67,yes,North,Bus,70,Francophone
29,98,Medium,High,Yes,5,88,Yes,3,Low,Public,2,College,Near,Male,75,no,Littoral,Taxi,141,Anglophone
23,94,Medium,High,Yes,8,94,Yes,2,Medium,Public,2,High School,Near,Male,73,sometimes,South,Bus,80,Anglophone
11,94,Medium,Medium,No,5,67,Yes,2,High,Public,5,High School,Near,Female,67,no,Littoral,Taxi,186,Anglophone
14,80,High,Low,Yes,6,61,Yes,0,Medium,Public,4,College,Moderate,Female,65,no,Far North,Taxi,103,Francophone
28,92,Medium,Medium,Yes,7,87,Yes,1,Low,Public,1,High School,Near,Female,71,no,West,Walk,134,Anglophone
19,67,Medium,Medium,Yes,6,55,Yes,1,Medium,Public,4,High School,Near,Male,63,yes,North,Private car,160,Anglophone
20,83,Medium,Low,Yes,6,97,Yes,2,Low,Public,4,High School,Moderate,Female,68,yes,South,Taxi,75,Bilingual
25,99,Medium,High,No,6,58,Yes,0,Medium,Private,4,High School,Near,Male,72,yes,Adamawa,Bike,134,Anglophone
24,72,Low,High,Yes,5,73,Yes,2,Medium,Public,2,High School,Near,Male,67,yes,Littoral,Bike,196,Anglophone
22,92,Medium,High,No,6,99,Yes,1,Medium,Public,4,College,Near,Female,71,no,East,Private car,33,Francophone
19,80,Low,Low,No,8,99,Yes,1,Low,Public,4,Postgraduate,Near,Male,67,no,West,Walk,198,Anglophone
18,62,Medium,High,Yes,6,89,Yes,0,High,Private,3,Postgraduate,Near,Female,66,sometimes,South West,Private car,155,Bilingual
25,91,Medium,High,No,7,92,Yes,3,Low,Public,5,High School,Near,Male,72,yes,South,Walk,105,Anglophone
23,67,Low,Low,No,9,98,Yes,2,Low,Public,0,College,Near,Female,64,no,Far North,Bike,100,Bilingual
18,85,Medium,Medium,No,8,96,Yes,0,High,Public,3,College,Moderate,Male,68,no,North,Bus,182,Anglophone
26,63,High,High,No,5,81,Yes,0,Low,Public,2,High School,Moderate,Female,65,sometimes,North,Bus,138,Anglophone
19,98,Medium,High,Yes,8,87,Yes,1,Medium,Private,4,Postgraduate,Moderate,Male,74,no,Far North,Bus,195,Francophone
15,72,Medium,Low,Yes,9,80,Yes,4,Medium,Private,4,College,Moderate,Female,65,sometimes,Centre,Taxi,70,Bilingual
15,69,High,Low,Yes,6,75,No,2,Low,Public,2,High School,Near,Female,63,yes,Littoral,Walk,39,Francophone
14,65,Medium,Medium,Yes,5,94,Yes,5,Low,Private,3,Postgraduate,Moderate,Male,65,yes,South West,Private car,82,Anglophone
18,98,Low,High,Yes,6,87,Yes,0,Medium,Public,1,High School,Near,Male,70,no,East,Bike,184,Francophone
27,88,Medium,High,Yes,7,93,Yes,0,Low,Public,4,High School,Moderate,Male,71,yes,North West,Private car,105,Anglophone
15,90,Medium,Medium,Yes,8,55,Yes,1,Low,Public,1,College,Near,Female,66,no,East,Taxi,136,Francophone
21,80,Medium,Medium,Yes,6,79,Yes,2,Medium,Public,3,College,Near,Male,69,no,Centre,Taxi,93,Bilingual
16,79,Medium,High,Yes,4,66,Yes,2,Medium,Public,2,College,Moderate,Male,67,yes,Littoral,Bike,70,Bilingual
18,64,Medium,High,Yes,5,76,Yes,1,Low,Public,4,High School,Moderate,Male,64,no,Far North,Walk,25,Francophone
11,82,High,High,No,8,81,Yes,2,Low,Public,2,High School,Moderate,Female,67,sometimes,Far North,Bike,152,Anglophone
19,70,Medium,High,Yes,10,92,Yes,1,Low,Public,4,High School,Near,Male,67,no,North,Bike,33,Bilingual
19,99,High,Medium,No,7,52,Yes,1,Medium,Public,4,High School,Near,Male,70,no,South West,Walk,99,Francophone
23,92,High,High,No,9,58,Yes,2,Low,Private,1,Postgraduate,Near,Female,71,sometimes,Adamawa,Bus,114,Francophone
21,77,Medium,Low,Yes,5,96,Yes,2,Low,Private,5,High School,Near,Female,68,yes,South,Private car,90,Francophone
13,66,High,High,No,6,98,Yes,1,High,Public,2,High School,Near,Male,65,sometimes,East,Walk,140,Bilingual
27,91,Medium,Medium,No,4,53,Yes,1,Low,Private,3,Postgraduate,Near,Female,70,yes,Far North,Taxi,48,Francophone
21,65,Medium,High,Yes,8,67,No,1,Low,Public,4,High School,Near,Female,64,no,Far North,Bus,84,Francophone
21,68,High,High,Yes,6,50,Yes,3,Medium,Private,4,High School,Near,Male,67,sometimes,West,Private car,108,Bilingual
20,68,Low,Low,No,8,88,Yes,5,Low,Private,3,High School,Moderate,Male,63,sometimes,Adamawa,Bike,137,Francophone
17,82,Medium,Low,Yes,6,84,Yes,2,Low,Public,3,High School,Moderate,Female,65,sometimes,East,Bike,110,Francophone
21,91,Medium,Medium,Yes,10,78,Yes,2,Low,Public,2,High School,Near,Male,70,no,North,Private car,35,Francophone
23,73,Medium,High,No,10,85,Yes,1,Low,Public,3,College,Near,Male,67,no,North,Taxi,34,Anglophone
10,63,Medium,High,No,4,77,No,3,Low,Private,3,High School,Near,Male,60,sometimes,Littoral,Bus,122,Anglophone
17,79,Low,High,No,8,62,Yes,1,Low,Public,3,High School,Near,Female,64,no,Far North,Walk,114,Bilingual
18,90,Low,Medium,No,6,88,Yes,1,Medium,Private,1,High School,Moderate,Female,65,no,East,Private car,127,Francophone
22,69,Medium,Medium,No,8,89,No,0,Low,Public,5,High School,Moderate,Female,64,sometimes,North,Bus,29,Francophone
27,69,Medium,Low,Yes,5,93,Yes,1,Medium,Public,4,College,Moderate,Male,67,yes,Littoral,Walk,187,Bilingual
15,98,Medium,Medium,Yes,9,98,Yes,0,Medium,Private,3,High School,Near,Female,71,no,South West,Walk,133,Anglophone
17,98,Medium,Medium,No,9,87,Yes,0,High,Private,3,High School,Moderate,Female,69,no,South West,Walk,89,Francophone
17,100,Medium,High,Yes,5,53,Yes,1,Medium,Public,4,High School,Near,Male,70,sometimes,Centre,Bike,169,Bilingual
15,92,Medium,Medium,Yes,7,51,Yes,1,High,Public,3,College,Near,Female,69,sometimes,Far North,Bike,88,Anglophone
18,68,High,High,Yes,7,87,Yes,3,Medium,Public,4,High School,Near,Male,69,yes,South West,Bus,149,Bilingual
25,68,Low,Medium,Yes,8,53,Yes,2,Medium,Public,3,College,Moderate,Female,64,sometimes,North,Taxi,36,Francophone
14,74,Low,Medium,Yes,7,66,Yes,0,Medium,Private,3,Postgraduate,Near,Male,63,no,North West,Walk,60,Bilingual
23,73,High,Medium,No,8,57,Yes,3,Medium,Public,2,College,Near,Male,67,yes,West,Bike,82,Anglophone
10,98,Medium,Medium,No,7,98,No,0,Medium,Public,3,College,Moderate,Female,66,no,West,Private car,39,Anglophone
17,92,Medium,High,Yes,8,66,Yes,2,Low,Public,3,High School,Near,Female,69,sometimes,Littoral,Walk,199,Francophone
18,89,Medium,Medium,No,5,53,Yes,5,Low,Private,4,College,Near,Male,69,no,Adamawa,Private car,153,Bilingual
30,67,Medium,Medium,No,7,97,Yes,2,High,Public,3,,Near,Male,69,no,Adamawa,Private car,46,Francophone
18,96,Medium,High,Yes,9,80,Yes,1,Low,Public,3,College,Near,Male,72,sometimes,Littoral,Taxi,32,Bilingual
7,93,High,High,Yes,9,52,Yes,1,Medium,Private,3,High School,Moderate,Female,65,sometimes,Adamawa,Walk,119,Bilingual
8,67,Medium,Medium,Yes,7,92,Yes,0,High,Private,2,College,Near,Male,63,no,North,Walk,110,Anglophone
20,95,Medium,Medium,No,7,58,Yes,1,Low,Public,4,College,Near,Male,69,yes,East,Bus,43,Anglophone
24,71,High,Medium,Yes,9,90,Yes,3,Medium,Private,3,College,Near,Male,69,sometimes,Littoral,Bus,110,Bilingual
22,63,Medium,Low,Yes,7,80,Yes,2,High,Private,2,College,Moderate,Female,64,sometimes,North,Bus,63,Anglophone
21,86,Medium,Low,Yes,9,59,Yes,2,Medium,Private,3,College,Near,Male,69,yes,East,Private car,108,Bilingual
27,86,Medium,High,No,7,88,Yes,1,Medium,Private,3,Postgraduate,Moderate,Male,72,no,North,Bike,42,Bilingual
17,64,Medium,Low,No,7,73,Yes,1,Low,Public,4,College,Near,Male,62,no,North,Taxi,61,Francophone
25,73,High,Medium,Yes,5,82,No,1,Medium,Private,3,High School,Near,Male,66,yes,North,Bike,97,Bilingual
10,100,Low,Medium,No,5,93,Yes,2,Medium,Public,1,High School,Far,Female,65,yes,West,Walk,100,Francophone
15,87,High,High,Yes,8,63,Yes,0,High,Public,3,College,Near,Female,69,yes,Far North,Bike,67,Bilingual
9,89,Medium,Low,No,10,68,Yes,1,High,Public,3,High School,Near,Female,65,yes,North West,Walk,91,Francophone
18,69,High,Medium,Yes,7,100,Yes,3,Medium,Public,2,High School,Near,Male,67,yes,East,Walk,49,Francophone
20,63,Low,Medium,Yes,7,75,Yes,2,Medium,Public,2,High School,Near,Female,63,yes,Adamawa,Taxi,199,Bilingual
21,71,High,Medium,No,9,78,Yes,2,Medium,Public,4,High School,Near,Male,66,yes,South West,Taxi,162,Bilingual
20,70,Low,Medium,No,8,64,Yes,0,Low,Private,3,High School,Far,Male,61,sometimes,Centre,Bike,163,Francophone
14,69,High,Medium,Yes,4,71,Yes,1,Medium,Public,4,High School,,Female,64,sometimes,Centre,Bike,177,Bilingual
19,68,Medium,Low,Yes,8,75,Yes,1,Medium,Private,4,Postgraduate,Near,Male,64,yes,South West,Bus,126,Francophone
11,83,Medium,Medium,Yes,5,63,Yes,2,Low,Public,3,College,Near,Male,65,yes,Far North,Private car,29,Anglophone
28,73,Medium,Low,No,7,62,Yes,3,High,Public,3,Postgraduate,Moderate,Female,68,no,West,Private car,89,Anglophone
18,93,Low,High,Yes,6,80,Yes,1,Medium,Private,3,High School,Near,Male,69,sometimes,Centre,Taxi,39,Anglophone
17,67,Medium,Medium,No,6,59,Yes,0,Medium,Public,3,High School,Near,Female,61,sometimes,South,Bike,190,Anglophone
30,79,Medium,High,No,7,78,No,3,High,Private,2,Postgraduate,Moderate,Female,72,sometimes,South,Bus,186,Anglophone
13,61,Medium,Low,Yes,8,85,Yes,4,Low,Private,3,College,Moderate,Male,61,yes,East,Taxi,147,Bilingual
13,79,High,High,No,7,60,Yes,1,Low,Private,4,College,Moderate,Male,66,yes,South West,Bike,157,Bilingual
13,62,Low,Medium,Yes,9,87,Yes,1,Low,Public,1,College,Moderate,Male,60,sometimes,South West,Taxi,151,Francophone
20,99,Medium,Low,No,9,68,Yes,1,Low,Public,3,Postgraduate,Far,Male,69,yes,East,Taxi,50,Francophone
23,92,Medium,High,No,9,100,Yes,1,High,Public,2,College,Near,Male,72,sometimes,Littoral,Walk,36,Bilingual
24,80,Medium,High,Yes,7,99,Yes,2,Medium,Public,2,High School,Moderate,Female,69,no,South,Bike,36,Francophone
35,63,High,High,Yes,6,90,Yes,0,Medium,Public,3,College,Near,Male,71,yes,West,Private car,168,Anglophone
7,84,Medium,High,No,7,67,Yes,1,Medium,Private,3,College,Near,Male,64,no,South West,Private car,133,Bilingual
24,90,Low,Low,Yes,9,97,Yes,3,Low,Public,4,High School,Near,Male,71,sometimes,North West,Private car,163,Anglophone
17,68,Low,Medium,Yes,9,100,Yes,1,Medium,Public,3,High School,Moderate,Male,64,sometimes,South West,Private car,192,Bilingual
16,83,Medium,Medium,Yes,4,73,Yes,3,Low,Public,3,College,Near,Female,67,yes,North,Bus,192,Francophone
16,93,Medium,Low,Yes,7,81,Yes,2,Low,Private,3,Postgraduate,Moderate,Male,67,no,East,Taxi,40,Bilingual
15,91,Low,High,Yes,4,50,Yes,1,Medium,Public,3,High School,Moderate,Female,66,yes,Adamawa,Bike,31,Anglophone
30,92,Low,Medium,Yes,7,52,Yes,3,High,Private,4,College,Near,Male,73,yes,Adamawa,Bus,66,Bilingual
25,95,Medium,High,Yes,6,75,Yes,1,Medium,Private,4,High School,Moderate,Male,73,no,Littoral,Bike,186,Anglophone
20,98,Medium,Medium,No,6,80,Yes,0,Medium,Public,2,College,Moderate,Male,70,yes,South West,Walk,84,Francophone
28,76,Low,Medium,Yes,8,66,Yes,5,High,Public,4,College,Moderate,Male,70,yes,North West,Private car,172,Francophone
11,83,Medium,Low,Yes,6,55,Yes,0,Low,Public,4,Postgraduate,Near,Female,62,yes,East,Bus,121,Anglophone
12,92,High,Low,Yes,7,89,Yes,1,Medium,Private,2,Postgraduate,Moderate,Male,68,yes,South West,Walk,39,Francophone
7,88,High,High,Yes,6,71,Yes,0,Low,Public,3,High School,Moderate,Female,65,no,North West,Bus,59,Francophone
16,100,High,High,Yes,7,82,Yes,2,High,Public,2,High School,Near,Male,73,sometimes,West,Walk,164,Anglophone
21,61,High,Medium,Yes,8,83,No,1,Low,Private,3,College,Near,Female,65,sometimes,West,Walk,104,Bilingual
21,74,Medium,High,Yes,6,77,No,0,Medium,Public,3,College,Near,Male,66,no,South West,Private car,156,Bilingual
21,71,Low,Medium,Yes,8,59,Yes,3,Low,Public,3,College,Moderate,Male,64,sometimes,Adamawa,Taxi,55,Bilingual
12,70,Medium,High,No,7,81,Yes,0,Low,Public,3,High School,Near,Male,63,no,North,Bus,24,Francophone
25,69,Medium,Medium,No,7,66,No,0,Low,Public,3,College,Near,Male,62,sometimes,Adamawa,Bus,113,Anglophone
21,88,High,Medium,Yes,6,91,Yes,0,Low,Private,4,Postgraduate,Moderate,Female,70,no,Far North,Taxi,71,Francophone
24,63,Medium,Medium,No,8,60,Yes,3,High,Public,3,High School,Near,Male,65,sometimes,Centre,Taxi,51,Anglophone
9,90,Medium,Medium,Yes,8,65,Yes,0,Medium,Private,5,High School,Far,Male,64,yes,Adamawa,Walk,177,Francophone
22,88,Medium,Medium,No,7,72,Yes,4,High,Public,2,Postgraduate,Near,Male,70,sometimes,Littoral,Bike,159,Bilingual
13,70,Medium,Medium,No,7,87,Yes,1,Low,Public,5,High School,Near,Male,62,yes,East,Private car,103,Bilingual
18,70,Medium,Medium,No,8,86,Yes,5,High,Public,2,High School,Near,Female,67,no,West,Walk,160,Francophone
23,85,Medium,Low,No,8,67,Yes,1,Medium,Private,3,Postgraduate,Far,Female,66,no,Far North,Walk,102,Anglophone
21,90,High,High,Yes,7,76,Yes,2,High,Public,3,College,Moderate,Female,74,sometimes,North West,Taxi,105,Francophone
15,95,Medium,High,Yes,9,62,Yes,2,Medium,Public,3,High School,Far,Male,69,no,Adamawa,Bus,91,Francophone
20,94,Medium,High,Yes,8,89,Yes,0,Medium,Public,4,High School,Moderate,Female,70,no,North,Bike,89,Francophone
11,99,Medium,Medium,No,10,60,Yes,1,High,Public,1,College,Near,Female,68,no,Littoral,Bus,121,Bilingual
27,83,Medium,Low,No,5,91,Yes,3,Low,Public,2,Postgraduate,Near,Male,70,yes,North,Bus,69,Bilingual
19,96,Medium,Medium,Yes,8,97,Yes,3,Medium,Public,2,High School,Near,Male,71,yes,South,Taxi,143,Francophone
27,92,Medium,Low,Yes,9,100,Yes,2,Medium,Public,0,Postgraduate,Moderate,Female,73,yes,North,Bus,84,Francophone
17,96,Medium,Medium,No,9,93,Yes,3,Medium,Private,2,High School,Far,Male,69,yes,North,Walk,56,Francophone
17,60,Low,Low,Yes,7,61,Yes,1,Low,Public,4,Postgraduate,Near,Female,61,yes,East,Bus,81,Francophone
15,99,Medium,Medium,Yes,5,71,Yes,0,Medium,Public,2,College,Moderate,Male,68,yes,Centre,Walk,175,Anglophone
25,79,Medium,Low,Yes,9,54,Yes,1,Low,Private,2,Postgraduate,Far,Male,66,sometimes,East,Bike,112,Bilingual
16,92,High,Low,Yes,6,58,Yes,0,High,Private,4,High School,Near,Female,67,no,South West,Private car,143,Anglophone
24,65,Low,High,Yes,7,52,Yes,1,High,Public,1,Postgraduate,Moderate,Female,64,yes,South West,Taxi,189,Francophone
18,76,Low,High,Yes,10,82,Yes,1,Medium,Private,4,College,Near,Male,67,no,North West,Walk,136,Bilingual
8,71,High,Medium,Yes,5,77,No,0,High,Public,4,High School,Moderate,Female,61,yes,South West,Private car,68,Anglophone
17,72,Low,Medium,No,8,96,Yes,2,Low,Public,3,High School,Near,Male,65,yes,South West,Taxi,85,Anglophone
13,65,Low,High,Yes,6,73,Yes,0,Low,Private,3,Postgraduate,Near,Female,62,yes,South,Private car,36,Bilingual
20,92,Low,High,No,6,82,Yes,0,Medium,Public,5,High School,Near,Female,69,sometimes,East,Walk,57,Francophone
13,60,High,High,No,7,70,Yes,1,Medium,Public,3,College,Far,Female,61,sometimes,Adamawa,Walk,76,Bilingual
26,73,High,Medium,No,8,91,Yes,4,Low,Public,5,High School,Moderate,Male,69,yes,North West,Bus,168,Anglophone
19,67,Medium,Low,No,8,96,No,1,High,Public,3,College,Near,Male,64,no,North,Bike,154,Anglophone
19,84,Medium,Low,No,9,72,Yes,1,Low,Public,3,High School,Far,Female,65,yes,Littoral,Taxi,34,Bilingual
24,70,Medium,High,No,6,54,Yes,1,High,Public,1,High School,Moderate,Female,64,yes,Littoral,Bike,99,Anglophone
26,70,High,High,Yes,5,58,Yes,1,Low,Private,3,Postgraduate,Moderate,Male,68,yes,West,Walk,91,Anglophone
20,80,Low,Medium,Yes,6,86,Yes,1,Low,Private,3,High School,Near,Female,67,yes,South West,Private car,131,Francophone
15,86,High,Medium,Yes,8,66,Yes,0,Medium,Private,5,College,Near,Male,68,no,Far North,Bike,130,Francophone
9,65,Low,Medium,Yes,7,89,Yes,2,Low,Public,4,High School,Moderate,Male,61,no,Centre,Private car,32,Anglophone
16,67,Medium,High,Yes,4,87,Yes,5,High,Public,4,College,Near,Male,69,no,Adamawa,Private car,178,Anglophone
16,70,Low,High,Yes,4,85,Yes,0,Medium,Private,3,High School,Near,Male,64,yes,South West,Bike,172,Bilingual
21,99,High,Medium,Yes,7,91,No,3,Medium,Public,4,College,Near,Male,74,yes,North,Bus,195,Anglophone
18,76,Medium,Medium,No,8,88,Yes,1,Medium,Public,4,College,Near,Female,66,no,North,Taxi,173,Francophone
24,84,Medium,Medium,No,6,82,Yes,1,Medium,Public,2,High School,Near,Male,68,no,South West,Walk,85,Francophone
16,70,Medium,High,Yes,8,50,Yes,3,High,Private,3,Postgraduate,Far,Male,65,no,Littoral,Bike,43,Anglophone
20,80,Medium,High,Yes,5,76,No,0,Low,Private,3,College,Near,Female,66,yes,Adamawa,Bus,129,Bilingual
27,63,High,Low,No,7,80,No,2,Medium,Public,2,High School,Near,Female,66,sometimes,Far North,Walk,141,Anglophone
22,61,Medium,Low,No,7,98,Yes,3,High,Private,2,College,Near,Female,65,sometimes,Far North,Taxi,167,Bilingual
20,79,Medium,Medium,No,8,83,Yes,3,Low,Private,4,College,Moderate,Male,67,no,Far North,Private car,62,Bilingual
16,76,Low,Medium,Yes,5,79,Yes,0,Low,Public,4,Postgraduate,Moderate,Female,65,yes,North,Walk,77,Francophone
16,65,Medium,Medium,No,5,77,Yes,1,High,Public,3,High School,Moderate,Male,63,yes,Littoral,Taxi,95,Bilingual
15,88,High,Medium,No,8,55,Yes,1,High,Private,2,High School,Near,Male,67,yes,West,Bike,137,Anglophone
17,100,Medium,High,Yes,5,71,Yes,2,Low,Public,4,High School,Near,Male,70,sometimes,West,Walk,42,Anglophone
25,76,High,High,Yes,6,57,No,0,Medium,Public,3,Postgraduate,Moderate,Male,68,sometimes,Adamawa,Taxi,37,Anglophone
19,85,Medium,Medium,Yes,9,53,Yes,1,Medium,Public,3,College,Far,Male,66,yes,South West,Walk,36,Bilingual
12,99,Medium,Medium,Yes,7,66,Yes,3,Medium,Private,1,Postgraduate,Moderate,Female,67,no,Adamawa,Taxi,37,Anglophone
31,93,Medium,Low,No,8,82,Yes,2,High,Private,1,High School,Near,Male,72,sometimes,East,Bus,122,Francophone
22,79,High,High,Yes,8,93,Yes,0,Medium,Private,2,High School,Near,Female,68,no,South,Private car,90,Anglophone
12,89,Medium,High,No,8,91,No,1,Low,Public,2,High School,Near,Male,66,sometimes,South West,Walk,122,Francophone
17,65,Medium,Medium,No,7,65,Yes,0,High,Private,4,High School,Moderate,Male,62,yes,Littoral,Private car,198,Francophone
21,80,High,Low,Yes,6,52,Yes,1,Low,Public,4,High School,Near,Male,65,sometimes,North,Bike,74,Anglophone
30,71,High,Low,No,10,70,Yes,3,Medium,Public,4,High School,Near,Female,67,yes,Centre,Private car,84,Francophone
13,66,Medium,Medium,Yes,7,66,Yes,3,Medium,Public,2,College,Near,Female,62,sometimes,Littoral,Private car,169,Bilingual
26,77,Medium,Low,Yes,7,69,Yes,1,High,Public,3,High School,Near,Female,66,yes,West,Bike,84,Francophone
28,65,Medium,Medium,No,8,78,No,1,High,Private,3,College,Near,Female,67,no,South,Walk,103,Francophone
16,88,Medium,Medium,Yes,6,52,Yes,2,High,Public,3,High School,Near,Female,68,yes,Adamawa,Bike,49,Bilingual
18,78,Medium,Medium,Yes,6,69,Yes,1,Medium,Public,4,Postgraduate,Moderate,Female,66,sometimes,West,Private car,152,Bilingual
14,81,High,High,No,9,78,Yes,0,Medium,Private,4,College,Near,Female,68,yes,Littoral,Walk,147,Anglophone
19,66,Low,Medium,No,6,72,Yes,2,Low,Public,5,High School,Near,Male,62,no,North West,Walk,147,Bilingual
20,66,Medium,High,No,8,83,Yes,1,Low,Public,2,College,Near,Male,64,no,West,Bike,74,Francophone
24,83,High,Low,No,8,59,Yes,1,Low,Public,3,High School,Near,Male,68,yes,North West,Walk,24,Francophone
27,99,Low,Low,Yes,7,58,Yes,2,Medium,Private,2,Postgraduate,Moderate,Male,71,sometimes,Centre,Taxi,127,Francophone
16,64,Medium,Medium,No,7,65,Yes,2,Medium,Public,4,High School,Near,Male,63,no,West,Private car,174,Francophone
8,71,High,Medium,No,8,55,Yes,1,Low,Public,2,College,Moderate,Male,62,sometimes,South West,Bike,108,Anglophone
20,95,High,Low,Yes,7,62,Yes,1,Low,Private,3,College,Near,Male,69,sometimes,South West,Bus,132,Francophone
22,63,Medium,Medium,Yes,4,54,Yes,0,Medium,Private,3,High School,Moderate,Male,62,no,Far North,Bike,186,Francophone
21,95,Low,Medium,Yes,9,70,Yes,3,High,Public,3,High School,Near,Female,71,sometimes,Adamawa,Walk,76,Bilingual
18,81,Low,High,Yes,6,86,Yes,3,Low,Public,4,College,Near,Male,69,sometimes,Adamawa,Private car,168,Anglophone
21,76,Medium,Medium,Yes,7,64,Yes,1,Medium,Private,2,High School,Moderate,Male,66,yes,Littoral,Taxi,120,Bilingual
29,72,Low,Medium,No,5,50,Yes,0,Low,Public,4,High School,Near,Female,64,yes,Adamawa,Bike,55,Francophone
22,72,Low,High,No,6,78,No,1,Low,Public,3,Postgraduate,Near,Male,65,yes,East,Private car,99,Francophone
18,72,High,High,No,6,85,Yes,1,High,Private,1,High School,Moderate,Male,68,sometimes,Far North,Bike,194,Francophone
17,95,High,Medium,No,7,70,Yes,1,Low,Public,3,High School,Near,Male,69,sometimes,South,Private car,155,Francophone
19,89,High,Medium,Yes,6,65,Yes,2,Low,Public,3,Postgraduate,Near,Male,68,no,East,Bus,57,Francophone
30,87,Low,Medium,Yes,10,75,Yes,3,Low,Public,4,College,Near,Male,71,yes,Adamawa,Private car,64,Bilingual
19,92,Low,Medium,No,7,55,Yes,1,Medium,Public,5,High School,Far,Male,66,yes,Centre,Walk,83,Bilingual
20,70,High,Low,No,8,82,Yes,2,Low,Private,3,High School,Moderate,Male,65,sometimes,Far North,Private car,93,Francophone
17,85,High,Medium,Yes,7,87,Yes,1,Low,Private,1,,Near,Female,68,sometimes,Adamawa,Private car,87,Francophone
27,78,High,High,No,8,85,Yes,0,High,Public,3,College,Near,Male,72,sometimes,East,Walk,197,Anglophone
32,91,High,Medium,Yes,4,66,Yes,3,Low,Public,2,Postgraduate,Near,Female,75,yes,Adamawa,Bike,198,Bilingual
23,72,High,Low,Yes,6,92,Yes,2,High,Public,3,College,Near,Male,67,yes,East,Bike,175,Francophone
20,86,Medium,Medium,No,6,97,Yes,1,Low,Private,2,High School,Moderate,Male,67,sometimes,East,Walk,94,Bilingual
20,95,Medium,Medium,No,6,65,Yes,2,Low,Public,3,College,Near,Female,70,no,East,Private car,56,Bilingual
6,76,Medium,Medium,Yes,8,63,Yes,5,Medium,Public,3,College,Near,Male,64,yes,Far North,Private car,23,Anglophone
24,63,Medium,Medium,Yes,8,85,Yes,1,Low,Private,3,High School,Far,Female,65,no,North West,Bus,172,Anglophone
21,81,Medium,Medium,Yes,7,85,Yes,1,Low,Public,3,Postgraduate,Moderate,Male,68,yes,Far North,Bike,93,Francophone
23,74,High,High,No,7,76,Yes,1,Medium,Public,2,College,Moderate,Female,67,sometimes,Adamawa,Private car,171,Francophone
16,87,Low,Medium,Yes,10,96,No,1,Low,Public,1,College,Moderate,Male,66,sometimes,Adamawa,Bus,157,Anglophone
18,98,High,Medium,No,7,57,Yes,0,High,Private,1,Postgraduate,Moderate,Male,69,no,North West,Taxi,28,Anglophone
18,79,Low,High,No,4,74,Yes,2,Low,Public,1,High School,Near,Female,64,no,Littoral,Walk,124,Francophone
26,79,Medium,High,Yes,8,52,Yes,1,Medium,Public,3,Postgraduate,Near,Female,68,sometimes,South West,Taxi,55,Anglophone
18,86,High,Medium,No,8,53,Yes,5,Low,Private,3,High School,Near,Male,68,yes,Far North,Bike,149,Anglophone
32,64,Low,High,Yes,9,53,No,1,Low,Private,3,College,Near,Female,65,no,Adamawa,Private car,38,Anglophone
23,70,Medium,Medium,Yes,8,75,Yes,0,High,Public,2,High School,Moderate,Male,65,yes,North,Taxi,130,Francophone
12,97,Low,Medium,Yes,6,79,No,1,Medium,Public,2,High School,Near,Male,65,yes,South West,Bike,152,Francophone
19,87,High,Medium,No,8,50,Yes,0,High,Public,2,High School,Near,Female,67,no,Littoral,Taxi,149,Anglophone
16,61,High,Medium,Yes,7,82,Yes,2,Low,Public,3,High School,Near,Female,63,sometimes,West,Bike,198,Anglophone
7,68,High,Medium,No,9,74,Yes,1,Low,Public,3,High School,Near,Female,62,no,North,Taxi,110,Anglophone
30,87,High,Medium,Yes,9,61,Yes,2,Medium,Private,4,High School,Moderate,Male,73,no,Littoral,Walk,93,Anglophone
24,91,High,High,Yes,7,51,Yes,2,Medium,Public,3,High School,Moderate,Male,72,sometimes,West,Bike,192,Bilingual
23,94,Low,Medium,No,8,58,Yes,5,Low,Public,6,High School,Near,Female,71,no,Far North,Taxi,156,Bilingual
21,72,Medium,Medium,No,9,80,Yes,3,Low,Public,4,High School,Near,Male,67,yes,North,Private car,174,Francophone
12,97,Medium,Low,Yes,7,83,Yes,0,Low,Public,2,College,Moderate,Male,66,no,South West,Walk,136,Anglophone
17,82,Medium,High,Yes,10,82,Yes,1,Medium,Private,2,High School,Moderate,Male,68,no,Centre,Taxi,189,Francophone
25,88,High,High,Yes,9,58,Yes,0,Low,Public,4,Postgraduate,Near,Male,70,no,Littoral,Bike,116,Bilingual
14,84,Medium,Medium,Yes,6,96,No,2,Low,Private,2,Postgraduate,Far,Male,66,yes,North West,Bus,42,Bilingual
5,65,Low,High,No,7,71,Yes,0,Low,Private,2,College,Far,Male,56,yes,West,Bike,133,Francophone
19,99,Medium,High,Yes,8,88,No,1,Low,Public,3,High School,Far,Female,71,sometimes,South West,Bus,199,Francophone
19,65,Low,High,No,10,58,Yes,2,Medium,Private,3,Postgraduate,Moderate,Female,64,no,Adamawa,Bike,100,Francophone
21,70,Medium,Medium,No,8,74,Yes,2,Medium,Public,3,Postgraduate,Far,Male,65,yes,South,Walk,164,Anglophone
24,93,Medium,Medium,Yes,7,76,Yes,2,Low,Public,1,High School,Near,Male,70,yes,West,Private car,175,Anglophone
24,85,High,Low,Yes,9,89,Yes,1,Low,Public,2,Postgraduate,Moderate,Male,70,no,West,Taxi,64,Bilingual
22,94,Low,High,Yes,7,81,Yes,2,Medium,Public,4,High School,Far,Male,71,sometimes,Littoral,Private car,138,Anglophone
27,81,High,High,Yes,6,70,Yes,0,Low,Public,5,High School,Far,Female,70,sometimes,North West,Walk,53,Francophone
11,75,Low,High,No,8,64,Yes,3,Low,Public,3,College,Moderate,Female,62,no,North,Bus,135,Anglophone
23,97,Medium,Medium,Yes,6,99,Yes,1,Low,Private,3,High School,Near,Female,72,yes,North,Bike,167,Anglophone
24,61,Medium,Medium,No,10,64,Yes,0,Low,Private,3,High School,Near,Female,62,sometimes,Adamawa,Walk,157,Anglophone
13,94,Low,Medium,Yes,7,56,Yes,2,Low,Public,4,College,Near,Male,67,no,North West,Taxi,66,Bilingual
11,69,Low,Medium,Yes,8,65,Yes,0,Low,Public,2,College,Moderate,Male,58,sometimes,North West,Bike,170,Francophone
16,94,Low,Medium,Yes,6,66,Yes,3,Medium,Public,4,College,Near,Female,69,no,Adamawa,Walk,60,Anglophone
16,66,Medium,Low,No,9,56,Yes,0,Low,Private,4,College,Near,Female,60,sometimes,Far North,Private car,102,Francophone
25,83,High,High,Yes,7,85,Yes,2,Low,Public,4,College,Near,Male,72,sometimes,South West,Private car,56,Francophone
16,96,Medium,Medium,No,7,81,Yes,0,Low,Public,3,High School,Moderate,Male,66,sometimes,Far North,Taxi,150,Anglophone
15,79,Medium,High,Yes,7,66,Yes,2,Low,Public,3,College,Far,Female,66,no,North,Bus,181,Anglophone
16,90,Medium,High,Yes,5,100,Yes,1,High,Private,4,High School,Moderate,Male,69,yes,West,Taxi,172,Anglophone
27,92,Low,Medium,Yes,7,83,Yes,2,Low,Public,4,College,Moderate,Female,70,sometimes,South,Walk,41,Bilingual
20,89,Low,Medium,Yes,8,85,Yes,2,Medium,Public,1,Postgraduate,Near,Female,70,sometimes,South,Bus,32,Francophone
19,97,High,High,No,5,78,Yes,0,Medium,Private,3,College,Moderate,Male,70,sometimes,South West,Taxi,34,Bilingual
19,78,Low,High,Yes,9,78,Yes,2,Low,Public,2,College,Near,Female,67,no,South West,Bus,54,Francophone
28,67,High,Medium,Yes,7,51,Yes,2,Medium,Public,3,High School,Near,Female,67,no,South,Private car,138,Francophone
16,62,Low,Low,No,7,89,Yes,0,Medium,Public,3,High School,Far,Female,59,yes,Far North,Walk,182,Francophone
28,70,Medium,Medium,Yes,4,96,Yes,1,Medium,Private,2,,Moderate,Male,67,sometimes,Centre,Taxi,141,Bilingual
21,66,High,Medium,Yes,7,56,Yes,1,Low,Private,4,Postgraduate,Moderate,Male,65,no,Centre,Bike,31,Anglophone
19,82,Medium,Medium,No,5,90,Yes,1,High,Public,3,College,Near,Male,68,sometimes,North,Private car,61,Francophone
35,67,High,High,Yes,6,77,Yes,1,Low,Public,3,College,Near,Male,71,yes,Littoral,Taxi,81,Bilingual
14,62,Medium,Medium,No,5,64,Yes,2,Low,Public,3,College,Near,Male,61,yes,West,Taxi,56,Anglophone
18,61,Medium,Medium,Yes,6,96,Yes,0,Medium,Public,3,High School,Near,Male,63,sometimes,Adamawa,Private car,38,Francophone
13,93,Medium,High,Yes,7,51,Yes,1,Low,Private,3,High School,Near,Female,67,no,South West,Taxi,58,Bilingual
26,84,High,Medium,No,7,64,No,1,Medium,Public,4,College,Near,Male,69,sometimes,South,Walk,151,Francophone
30,74,Medium,High,No,8,94,Yes,0,Medium,Public,3,High School,Near,Male,70,no,South,Private car,67,Francophone
30,96,Medium,Low,Yes,4,74,No,0,Low,Public,3,High School,Moderate,Male,69,yes,Littoral,Walk,175,Bilingual
27,63,High,Medium,Yes,7,80,Yes,1,Low,Public,4,High School,Far,Female,66,sometimes,East,Private car,119,Bilingual
19,99,Medium,Low,Yes,7,87,Yes,1,Medium,Public,4,High School,Moderate,Female,70,yes,North,Bike,152,Anglophone
18,85,Medium,Medium,Yes,6,57,Yes,2,Medium,Public,2,Postgraduate,Moderate,Male,67,no,North,Private car,65,Francophone
10,67,High,High,No,6,61,Yes,0,Low,Private,2,High School,Near,Female,61,no,North,Walk,161,Bilingual
32,87,Medium,High,Yes,9,100,Yes,2,Medium,Private,2,Postgraduate,Moderate,Male,74,no,Far North,Walk,126,Francophone
23,91,Medium,High,Yes,10,62,Yes,1,Medium,Private,3,College,Near,Male,70,no,Far North,Bus,150,Francophone
17,77,High,Medium,Yes,4,77,Yes,0,Medium,Private,4,High School,Near,Female,66,sometimes,East,Private car,80,Bilingual
28,94,Medium,High,Yes,6,65,Yes,1,Low,Public,1,High School,Near,Female,73,yes,Littoral,Taxi,37,Anglophone
14,66,Medium,Medium,Yes,5,93,Yes,1,Medium,Private,2,High School,Near,Male,62,no,Adamawa,Taxi,88,Anglophone
22,71,Medium,Low,Yes,7,98,Yes,2,Low,Public,2,High School,Moderate,Female,65,yes,Far North,Bike,128,Anglophone
19,64,High,Medium,No,9,57,Yes,0,Medium,Private,3,High School,Near,Female,62,yes,North West,Walk,52,Bilingual
24,68,Low,Medium,Yes,8,80,No,1,Low,Public,4,Postgraduate,Moderate,Male,64,no,Far North,Bus,76,Francophone
20,70,Medium,Medium,Yes,7,91,Yes,1,Low,Public,2,High School,Far,Male,63,yes,Centre,Bike,133,Bilingual
11,97,Medium,Medium,No,7,91,Yes,1,Medium,Public,4,High School,Near,Male,69,sometimes,Centre,Walk,89,Bilingual
20,63,Medium,Medium,No,7,72,Yes,3,Low,Public,5,Postgraduate,Near,Male,63,yes,Adamawa,Private car,186,Francophone
26,77,Medium,Medium,Yes,8,61,Yes,1,Low,Public,4,College,Moderate,Male,67,sometimes,Centre,Bike,26,Francophone
20,81,Medium,Low,No,8,69,Yes,1,Medium,Private,2,High School,Near,Female,65,sometimes,Adamawa,Bike,24,Anglophone
25,96,Medium,High,No,8,88,Yes,0,Low,Private,1,High School,Near,Male,71,sometimes,East,Taxi,98,Bilingual
14,100,Medium,Medium,Yes,4,100,Yes,3,Low,Public,3,Postgraduate,Moderate,Female,71,yes,Adamawa,Taxi,56,Anglophone
20,90,Medium,Medium,No,7,78,Yes,0,Medium,Public,4,Postgraduate,Far,Male,69,yes,North West,Bike,65,Bilingual
16,99,Medium,High,Yes,7,60,Yes,2,Low,Private,3,Postgraduate,Moderate,Male,71,no,Adamawa,Taxi,117,Bilingual
24,91,Low,Medium,Yes,8,52,Yes,1,Low,Public,5,High School,Near,Male,68,sometimes,North,Bus,103,Bilingual
20,99,Low,Medium,Yes,7,97,Yes,2,Low,Public,0,High School,Near,Male,70,no,Adamawa,Private car,35,Francophone
24,88,Medium,High,Yes,8,74,Yes,0,Low,Private,3,Postgraduate,Near,Male,71,no,Far North,Taxi,199,Bilingual
27,63,Medium,Medium,Yes,6,86,Yes,1,Medium,Public,4,Postgraduate,Near,Female,68,yes,Centre,Bus,35,Bilingual
24,76,Low,High,No,8,83,Yes,1,High,Private,4,High School,Near,Female,69,yes,North West,Private car,171,Francophone
22,86,Medium,Medium,Yes,9,95,Yes,4,Medium,Private,2,College,Near,Male,71,yes,North West,Taxi,119,Anglophone
14,74,High,Medium,No,5,63,No,2,Low,Private,3,College,Far,Female,63,sometimes,North,Walk,32,Anglophone
20,71,Low,Medium,No,5,72,Yes,4,Medium,Public,4,Postgraduate,Moderate,Male,66,yes,Centre,Private car,164,Anglophone
17,83,Medium,Medium,No,8,96,Yes,1,Low,Public,3,College,Moderate,Male,67,yes,North West,Private car,180,Bilingual
18,97,High,Low,Yes,7,79,Yes,3,High,Private,3,High School,Far,Male,71,yes,South,Walk,138,Bilingual
18,61,Low,Low,No,9,54,Yes,0,Medium,Public,2,College,Near,Female,59,no,North,Bike,171,Bilingual
14,91,High,Medium,Yes,7,60,Yes,0,High,Public,2,High School,Near,Male,67,yes,South,Taxi,172,Anglophone
8,89,High,High,No,8,62,Yes,2,Medium,Public,4,High School,Moderate,Male,66,no,Centre,Taxi,107,Francophone
16,99,Low,High,Yes,6,100,Yes,1,High,Public,3,High School,Far,Female,72,sometimes,East,Walk,171,Bilingual
21,97,High,High,No,8,61,Yes,0,Low,Public,3,Postgraduate,Near,Female,70,yes,South,Bike,107,Bilingual
12,90,Medium,Medium,Yes,8,93,Yes,3,High,Public,3,High School,Near,Female,68,no,Far North,Bike,48,Francophone
20,81,Low,Medium,No,6,54,Yes,0,Low,Public,2,College,Moderate,Female,63,yes,Littoral,Private car,167,Francophone
31,68,Medium,Medium,No,9,59,Yes,3,High,Public,2,Postgraduate,Near,Female,69,no,Adamawa,Walk,165,Bilingual
26,82,Low,Medium,No,4,94,Yes,0,Low,Private,3,High School,Near,Male,67,yes,West,Private car,151,Bilingual
30,91,Medium,High,Yes,7,95,Yes,1,Medium,Public,3,College,Near,Female,75,yes,South,Walk,110,Bilingual
22,96,Low,Low,Yes,5,59,Yes,0,Medium,Private,2,High School,Far,Female,67,sometimes,North,Walk,81,Francophone
27,92,High,High,Yes,5,61,Yes,0,Medium,Private,3,Postgraduate,Near,Male,74,sometimes,Far North,Bike,41,Anglophone
16,68,Medium,High,Yes,8,77,Yes,1,Medium,Public,4,Postgraduate,Moderate,Male,66,sometimes,Adamawa,Walk,135,Francophone
16,84,Medium,High,Yes,5,53,No,2,Low,Public,1,High School,Near,Male,65,no,Adamawa,Bus,46,Anglophone
4,73,Low,Medium,Yes,5,97,Yes,1,Low,Public,1,High School,Near,Male,60,no,North,Bike,116,Anglophone
27,60,Medium,High,No,8,68,Yes,1,Medium,Private,4,High School,Far,Female,63,sometimes,South West,Bus,161,Bilingual
29,68,Low,High,Yes,5,74,Yes,3,High,Public,2,Postgraduate,Near,Male,69,no,Far North,Bus,96,Anglophone
17,65,High,High,No,9,55,Yes,1,Medium,Public,2,High School,Near,Male,64,yes,North West,Walk,94,Anglophone
18,94,Low,Medium,Yes,8,52,Yes,1,Medium,Private,4,College,Near,Female,68,yes,East,Bike,191,Francophone
15,70,Medium,Medium,No,6,73,Yes,2,Medium,Public,4,,Moderate,Male,63,yes,Centre,Taxi,128,Bilingual
22,71,Medium,Medium,Yes,8,56,Yes,0,Medium,Public,2,Postgraduate,Near,Male,65,no,South West,Bus,152,Francophone
27,98,Medium,High,No,4,82,Yes,0,High,Public,3,High School,Near,Female,74,yes,South,Taxi,64,Anglophone
10,75,Medium,High,Yes,8,90,Yes,2,Low,Public,2,Postgraduate,Moderate,Male,65,sometimes,Centre,Taxi,90,Francophone
22,60,Medium,Medium,Yes,5,52,Yes,0,Low,Public,2,High School,Near,Female,61,sometimes,South,Taxi,25,Bilingual
18,71,Medium,High,Yes,6,81,Yes,1,Low,Public,3,High School,Near,Male,66,sometimes,North,Bus,63,Bilingual
21,65,Medium,High,Yes,6,91,Yes,1,Medium,Public,3,High School,Moderate,Male,67,no,North,Bus,104,Bilingual
23,64,High,Medium,Yes,9,72,Yes,0,Low,Public,3,College,Near,Male,66,yes,Littoral,Bus,30,Bilingual
19,63,High,Medium,No,6,98,Yes,4,High,Private,2,Postgraduate,Near,Male,69,sometimes,South West,Bike,44,Bilingual
19,84,Medium,Medium,Yes,7,56,Yes,2,Low,Public,3,High School,Moderate,Female,65,no,West,Walk,195,Bilingual
19,68,High,High,No,6,66,Yes,2,Medium,Public,3,High School,Far,Female,65,no,Adamawa,Bus,99,Bilingual
26,74,High,Medium,No,6,62,Yes,0,Low,Private,3,High School,Near,Female,66,sometimes,East,Bus,94,Francophone
23,94,Medium,High,No,5,100,Yes,2,Medium,Public,2,Postgraduate,Near,Male,73,no,South,Bus,71,Francophone
21,77,Low,Medium,Yes,7,65,Yes,2,Low,Public,2,High School,Moderate,Female,64,no,South,Bike,154,Francophone
12,97,Medium,Low,Yes,7,69,Yes,0,Low,Public,5,High School,Near,Female,67,yes,Centre,Private car,89,Anglophone
18,80,Medium,Low,Yes,8,92,Yes,0,Medium,Private,1,College,Near,Male,67,yes,Adamawa,Bus,163,Francophone
25,76,Medium,Low,Yes,7,96,Yes,3,Medium,Public,4,High School,Near,Female,68,yes,South,Bus,171,Bilingual
20,90,Medium,Low,Yes,7,97,Yes,2,High,Public,3,College,Moderate,Male,71,sometimes,North,Walk,149,Bilingual
24,63,Medium,Medium,Yes,8,78,Yes,0,Low,Private,3,High School,Near,Male,64,no,South,Bike,30,Anglophone
31,64,Medium,Medium,Yes,6,83,Yes,1,Medium,Public,2,High School,Moderate,Female,67,yes,Littoral,Taxi,180,Francophone
26,86,Medium,Low,No,5,67,Yes,2,Low,Private,1,High School,Moderate,Female,68,sometimes,Centre,Private car,109,Francophone
21,79,Low,Medium,Yes,8,80,Yes,1,Low,Private,3,College,Near,Male,67,sometimes,Far North,Private car,126,Bilingual
17,92,Low,Medium,Yes,6,65,Yes,3,Medium,Public,2,College,Near,Male,70,yes,North West,Private car,161,Francophone
5,97,Medium,Low,Yes,7,87,Yes,2,Medium,Private,3,High School,Far,Female,64,yes,South West,Private car,105,Anglophone
19,76,Medium,Medium,Yes,6,65,Yes,0,Low,Public,4,High School,Near,Female,63,yes,Adamawa,Bus,172,Anglophone
18,84,High,High,No,6,94,Yes,3,High,Public,4,High School,Near,Male,71,no,North,Private car,170,Francophone
22,80,Low,Low,No,4,57,Yes,1,Low,Public,3,Postgraduate,Moderate,Male,64,yes,West,Bike,81,Bilingual
19,99,Low,Low,No,8,79,Yes,3,Medium,Private,4,High School,Near,Male,70,sometimes,Littoral,Private car,79,Anglophone
18,93,Medium,High,No,4,76,Yes,3,Low,Public,3,College,Near,Female,70,yes,Littoral,Walk,22,Francophone
9,96,Medium,High,Yes,9,63,Yes,1,High,Private,1,High School,Near,Male,67,sometimes,South,Bike,88,Anglophone
14,70,Medium,Medium,Yes,9,51,Yes,1,Low,Public,4,College,Near,Male,62,yes,Centre,Taxi,101,Francophone
23,91,Medium,Medium,No,6,57,Yes,2,Low,Private,2,High School,Near,Male,69,no,South,Bike,108,Francophone
30,71,Low,High,No,9,98,Yes,2,High,Public,1,High School,Moderate,Female,69,yes,West,Bus,105,Anglophone
19,68,Low,High,No,10,97,No,0,Low,Public,3,College,Far,Female,62,yes,North West,Taxi,68,Bilingual
22,98,Low,Medium,No,7,56,Yes,1,High,Private,1,College,Near,Female,70,no,North West,Walk,137,Francophone
26,61,Medium,Medium,Yes,8,69,Yes,2,Medium,Public,3,High School,Near,Male,66,sometimes,Adamawa,Private car,134,Anglophone
15,99,High,Medium,No,7,73,Yes,1,Low,Public,3,High School,Near,Male,69,sometimes,East,Private car,21,Bilingual
22,66,Medium,Low,Yes,9,74,Yes,3,Low,Public,3,Postgraduate,Near,Female,65,no,Centre,Bus,22,Francophone
16,93,Low,High,Yes,5,65,Yes,0,Medium,Public,3,High School,Near,Female,66,yes,North West,Bus,43,Anglophone
25,71,High,Medium,Yes,7,96,Yes,2,Low,Public,3,High School,Near,Female,69,no,Centre,Taxi,33,Francophone
21,74,High,Medium,Yes,8,95,Yes,1,Medium,Private,5,High School,Far,Female,66,no,West,Taxi,50,Bilingual
22,69,Low,High,Yes,8,51,Yes,1,Low,Public,3,High School,Near,Female,65,no,South,Taxi,80,Bilingual
15,83,Medium,Low,Yes,7,83,Yes,1,High,Public,2,Postgraduate,Near,Female,66,no,North,Taxi,170,Bilingual
24,74,Low,Low,Yes,9,54,Yes,1,Low,Public,3,,Near,Female,63,yes,Littoral,Taxi,64,Francophone
33,86,Low,Medium,Yes,7,80,Yes,0,Low,Public,3,Postgraduate,Near,Female,72,yes,Littoral,Bus,124,Bilingual
14,61,Medium,Medium,Yes,7,93,Yes,3,Medium,Public,2,High School,Moderate,Male,62,no,Far North,Taxi,44,Francophone
18,63,High,High,No,8,82,Yes,1,High,Private,1,High School,Near,Male,64,no,Adamawa,Walk,82,Bilingual
21,64,Medium,Low,No,7,73,Yes,2,Low,Public,2,College,Far,Female,61,sometimes,North,Taxi,122,Bilingual
25,77,High,Medium,Yes,7,98,Yes,0,High,Public,2,High School,Near,Male,70,yes,South West,Private car,78,Bilingual
17,93,Medium,Medium,No,6,87,Yes,1,Low,Private,2,High School,Moderate,Female,67,sometimes,North West,Bus,175,Francophone
3,96,High,High,Yes,10,62,Yes,3,Low,Private,4,High School,Far,Male,66,sometimes,Littoral,Walk,59,Anglophone
28,70,Medium,Medium,Yes,6,69,Yes,2,Low,Public,4,High School,Near,Male,66,sometimes,South,Walk,28,Bilingual
25,83,Low,Medium,Yes,8,88,Yes,1,Medium,Public,3,College,Near,Male,68,yes,North,Bus,153,Bilingual
10,91,High,High,Yes,10,51,Yes,0,Low,Public,3,Postgraduate,Moderate,Male,67,yes,South,Walk,126,Anglophone
16,72,Medium,High,No,5,53,Yes,1,High,Public,3,College,Near,Male,65,yes,Centre,Walk,162,Anglophone
29,76,Medium,High,Yes,8,93,No,0,Medium,Public,4,College,Moderate,Male,70,yes,Far North,Bus,172,Francophone
29,81,Medium,Medium,Yes,7,52,No,1,High,Public,4,College,Near,Female,69,no,South,Private car,175,Francophone
26,65,Medium,Medium,Yes,10,84,Yes,1,Low,Public,4,Postgraduate,Near,Male,68,sometimes,East,Taxi,55,Anglophone
19,61,Medium,Medium,No,6,66,Yes,0,High,Public,1,High School,Near,Male,61,yes,South West,Taxi,161,Bilingual
20,66,Medium,High,Yes,6,91,Yes,0,Medium,Public,5,High School,Far,Male,65,no,Littoral,Private car,166,Bilingual
19,85,High,High,No,7,92,Yes,3,Medium,Public,2,College,Near,Female,71,sometimes,South West,Walk,197,Anglophone
27,63,Medium,High,No,6,98,Yes,0,Medium,Private,3,High School,Near,Female,66,no,North,Private car,96,Francophone
15,68,Medium,High,No,6,55,No,0,High,Private,3,High School,Near,Female,62,yes,North West,Private car,26,Francophone
15,74,Low,Low,No,10,71,Yes,0,Low,Public,2,Postgraduate,Near,Male,61,no,South,Bike,172,Anglophone
26,63,High,High,Yes,7,79,Yes,1,Low,Public,2,High School,Near,Male,67,no,Adamawa,Bike,42,Anglophone
20,68,Medium,High,Yes,6,96,Yes,0,Low,Public,3,High School,Near,Female,66,sometimes,Far North,Bike,161,Francophone
28,96,Low,High,No,6,63,No,1,High,Public,2,High School,Moderate,Female,71,yes,Littoral,Walk,156,Bilingual
16,61,Medium,High,Yes,8,54,Yes,0,Low,Private,3,College,Moderate,Male,62,yes,South West,Walk,175,Francophone
20,86,Medium,Medium,Yes,8,60,Yes,1,High,Public,3,Postgraduate,Near,Male,67,yes,South West,Walk,180,Francophone
14,75,Medium,Medium,Yes,6,75,Yes,0,Low,Public,2,High School,Near,Male,64,yes,South West,Bike,100,Anglophone
20,87,Medium,Low,No,5,84,Yes,2,Medium,Private,3,High School,Near,Male,68,yes,Adamawa,Walk,140,Anglophone
11,84,Medium,Medium,Yes,7,85,Yes,3,Medium,Public,4,College,Moderate,Female,67,yes,East,Bike,177,Bilingual
17,69,Medium,Medium,Yes,7,54,Yes,1,High,Public,2,High School,Near,Male,63,no,Far North,Taxi,33,Francophone
11,94,High,High,No,6,88,Yes,2,Medium,Public,4,High School,Near,Male,70,sometimes,East,Private car,103,Francophone
24,80,Low,High,Yes,9,83,Yes,1,Low,Public,1,High School,Near,Male,67,no,East,Bus,99,Bilingual
24,93,Medium,High,Yes,8,70,Yes,1,Medium,Private,3,High School,Moderate,Female,71,sometimes,Centre,Walk,157,Bilingual
10,76,Medium,Low,Yes,7,79,Yes,3,Medium,Private,4,High School,Far,Female,62,sometimes,North West,Bike,114,Bilingual
28,99,Medium,Medium,Yes,6,88,Yes,3,Low,Public,4,High School,Near,Female,75,no,West,Bus,109,Francophone
35,91,Low,Medium,Yes,10,63,Yes,1,Medium,Public,5,High School,Near,Male,72,sometimes,South,Bus,66,Anglophone
20,99,Medium,Low,Yes,5,97,Yes,4,High,Public,3,College,Near,Female,73,no,Littoral,Private car,30,Bilingual
16,81,Low,Medium,No,6,57,Yes,3,Low,Private,3,High School,Near,Male,64,no,North West,Walk,72,Bilingual
37,79,Medium,High,No,6,95,Yes,1,High,Public,1,High School,Near,Male,73,yes,Centre,Bus,99,Bilingual
12,90,Medium,Low,Yes,7,87,Yes,2,Low,Public,2,Postgraduate,Far,Male,66,sometimes,North,Taxi,51,Anglophone
20,95,Low,Low,No,8,83,Yes,1,Medium,Private,3,High School,Near,Female,69,no,North West,Bike,97,Anglophone
21,99,Medium,Medium,Yes,5,54,Yes,1,Low,Public,4,College,Moderate,Male,70,sometimes,West,Bus,186,Bilingual
28,73,Medium,High,Yes,6,96,Yes,1,Medium,Public,0,Postgraduate,Near,Female,70,yes,Littoral,Bike,67,Anglophone
22,92,High,High,No,8,65,Yes,0,Medium,Private,2,High School,Moderate,Male,71,yes,Adamawa,Taxi,123,Francophone
17,68,Low,High,Yes,6,87,Yes,0,Low,Private,4,College,Near,Male,64,no,Far North,Taxi,50,Francophone
14,82,Medium,High,No,6,94,Yes,7,Medium,Private,4,Postgraduate,Near,Male,71,no,South,Bike,124,Bilingual
18,67,High,Medium,Yes,7,62,Yes,1,Low,Private,2,High School,Far,Male,63,no,South West,Private car,138,Francophone
14,74,High,High,Yes,6,96,Yes,2,Low,Public,4,College,Near,Male,68,sometimes,North,Walk,88,Anglophone
20,97,Medium,Medium,No,7,81,Yes,3,Medium,Public,3,College,Near,Male,71,no,Centre,Bus,163,Anglophone
17,66,Medium,Medium,Yes,8,83,Yes,4,Medium,Private,5,High School,Moderate,Male,65,sometimes,Adamawa,Taxi,166,Bilingual
11,85,High,Medium,Yes,7,96,No,1,Low,Public,3,High School,Near,Male,66,yes,South,Bike,28,Bilingual
28,84,High,High,Yes,9,76,Yes,0,High,Private,3,High School,Near,Male,72,no,North,Taxi,187,Francophone
17,65,High,High,Yes,8,72,Yes,1,Low,Public,4,College,Moderate,Male,65,yes,South,Bike,124,Bilingual
12,73,Low,Medium,No,7,82,No,1,Low,Public,3,High School,Far,Male,60,no,North,Walk,129,Francophone
19,83,Low,Medium,No,7,78,No,2,Low,Public,4,Postgraduate,Moderate,Male,67,no,East,Bike,144,Anglophone
20,67,Medium,High,No,10,53,Yes,1,Low,Private,2,Postgraduate,Near,Male,65,no,East,Bus,25,Francophone
10,92,High,Low,Yes,6,59,Yes,0,Low,Public,2,High School,Moderate,Female,64,yes,South,Private car,93,Anglophone
22,99,High,High,Yes,7,51,Yes,2,High,Public,4,High School,Moderate,Male,72,sometimes,South West,Bus,129,Bilingual
14,69,High,Medium,No,6,55,Yes,3,Low,Private,2,High School,Moderate,Male,62,yes,Centre,Bus,90,Bilingual
30,67,Medium,Medium,Yes,8,86,Yes,0,Low,Public,4,High School,Moderate,Female,67,sometimes,Far North,Walk,83,Anglophone
23,78,Medium,Medium,Yes,10,50,Yes,1,Medium,Private,3,Postgraduate,Near,Female,67,yes,Littoral,Private car,148,Anglophone
18,90,Medium,Medium,No,7,65,Yes,4,Medium,Public,3,College,Near,Female,69,no,Centre,Bus,77,Anglophone
16,71,High,High,Yes,7,72,Yes,1,Medium,Private,4,College,Moderate,Female,65,yes,East,Taxi,110,Francophone
19,61,Medium,High,No,7,97,Yes,0,Medium,Public,3,College,Far,Male,62,yes,West,Private car,168,Bilingual
24,82,High,Medium,Yes,5,66,Yes,0,Medium,Private,3,Postgraduate,Near,Male,69,no,North West,Walk,177,Anglophone
20,98,Medium,High,No,7,89,Yes,1,High,Public,3,College,Far,Female,72,yes,Littoral,Taxi,189,Bilingual
19,76,Low,High,Yes,10,70,Yes,1,Low,Public,3,College,Far,Female,63,sometimes,South West,Private car,117,Bilingual
20,77,High,Medium,No,8,55,Yes,1,Medium,Public,3,College,Far,Female,64,yes,South West,Private car,176,Francophone
16,99,Low,Medium,Yes,9,55,Yes,1,High,Public,3,College,Far,Female,67,no,West,Walk,158,Anglophone
18,88,Medium,Medium,No,9,72,Yes,2,High,Public,4,Postgraduate,Moderate,Male,70,sometimes,West,Bike,148,Francophone
7,89,High,Low,Yes,6,53,Yes,3,Low,Private,2,High School,Moderate,Male,64,yes,South West,Bus,37,Anglophone
26,83,Medium,Medium,No,10,79,Yes,1,High,Public,2,High School,Moderate,Female,69,sometimes,West,Bus,197,Anglophone
22,99,High,High,No,4,75,Yes,2,Medium,Private,4,High School,Near,Female,72,no,Littoral,Walk,185,Francophone
15,88,Medium,Medium,Yes,7,85,Yes,4,Medium,Private,2,Postgraduate,Near,Female,69,no,South West,Bus,102,Anglophone
31,96,High,Medium,Yes,4,59,Yes,3,Low,Private,5,High School,Near,Female,75,no,South,Bike,91,Bilingual
21,88,Low,Medium,No,4,80,Yes,1,Medium,Public,2,Postgraduate,Near,Male,67,no,West,Walk,196,Bilingual
14,89,Medium,Medium,Yes,8,59,Yes,1,Low,Private,3,College,Near,Male,67,sometimes,Far North,Walk,122,Francophone
25,72,Medium,Medium,No,6,86,Yes,0,Medium,Public,2,High School,Far,Female,66,yes,North West,Bike,47,Bilingual
22,72,Medium,Low,Yes,9,65,Yes,0,Medium,Public,3,High School,Moderate,Male,64,yes,Adamawa,Taxi,24,Bilingual
22,91,Medium,Low,No,4,81,Yes,2,Low,Private,3,High School,Near,Male,68,no,Littoral,Walk,148,Anglophone
17,72,High,Medium,Yes,7,94,Yes,1,Low,Public,5,High School,Moderate,Male,66,yes,West,Taxi,166,Francophone
23,83,High,Medium,No,5,74,Yes,3,Low,Public,2,Postgraduate,Near,Male,69,yes,East,Private car,20,Francophone
18,70,High,Low,Yes,7,60,Yes,1,Medium,Public,3,College,Near,Male,65,no,East,Walk,61,Anglophone
23,93,Medium,Low,Yes,9,94,Yes,2,Medium,Private,3,High School,Moderate,Female,70,yes,Adamawa,Walk,153,Anglophone
9,64,Medium,Low,Yes,10,68,Yes,0,Medium,Private,3,High School,Near,Male,57,yes,Far North,Taxi,27,Francophone
17,93,Medium,Medium,No,8,87,Yes,2,High,Private,3,College,Moderate,Male,69,no,East,Private car,91,Bilingual
30,84,High,Low,Yes,5,66,Yes,0,Medium,Public,2,Postgraduate,Near,Female,70,no,South West,Private car,23,Anglophone
15,67,Low,Medium,Yes,5,65,Yes,4,Medium,Private,2,College,Near,Male,63,yes,Centre,Private car,111,Francophone
16,82,Medium,Medium,No,7,82,Yes,1,Medium,Public,3,Postgraduate,Moderate,Female,66,yes,Far North,Private car,122,Bilingual
17,71,Medium,Medium,Yes,6,58,Yes,3,Medium,Private,3,High School,,Male,64,no,North West,Taxi,189,Bilingual
13,73,Medium,High,No,8,93,Yes,0,High,Public,3,Postgraduate,,Female,65,no,South West,Bus,25,Francophone
7,74,High,Medium,No,10,69,Yes,1,High,Public,4,High School,Near,Male,64,no,North,Bike,74,Anglophone
19,63,Medium,Low,Yes,6,51,Yes,2,Medium,Public,4,High School,Near,Male,62,sometimes,South,Taxi,102,Anglophone
21,99,High,Medium,Yes,6,65,Yes,1,Medium,Private,2,College,Far,Female,71,yes,Adamawa,Taxi,56,Francophone
20,61,Medium,High,No,5,89,Yes,1,Medium,Public,2,Postgraduate,Far,Female,64,yes,West,Bike,170,Francophone
19,86,High,High,Yes,7,93,Yes,1,Medium,Public,2,High School,Near,Male,72,no,Centre,Taxi,91,Francophone
20,75,Medium,Medium,No,7,78,Yes,0,Low,Public,2,College,Near,Female,64,no,Littoral,Walk,33,Bilingual
26,86,Medium,Low,Yes,7,65,Yes,2,High,Private,4,Postgraduate,Moderate,Male,71,sometimes,East,Taxi,118,Bilingual
19,74,Medium,Medium,Yes,8,76,Yes,5,Medium,Public,4,College,Near,Female,68,yes,Centre,Walk,82,Francophone
17,87,Medium,Medium,Yes,8,92,No,3,High,Public,2,College,Near,Male,68,sometimes,East,Bus,148,Francophone
18,89,Medium,Medium,No,7,66,Yes,2,Medium,Public,3,College,Moderate,Male,68,sometimes,North West,Bus,191,Francophone
23,88,Medium,Medium,No,7,69,Yes,3,Low,Public,3,High School,Near,Male,69,yes,South,Walk,145,Anglophone
28,65,Low,Medium,Yes,7,77,Yes,1,Low,Public,3,College,Near,Male,67,sometimes,Centre,Taxi,101,Francophone
16,86,Medium,Low,No,7,94,Yes,0,Low,Private,4,High School,Near,Male,66,yes,Littoral,Bus,137,Francophone
21,71,Medium,Medium,Yes,6,79,Yes,1,Low,Private,4,Postgraduate,Far,Male,65,no,South West,Taxi,69,Francophone
22,61,Medium,High,No,5,60,Yes,0,High,Private,2,High School,Moderate,Male,63,no,East,Taxi,189,Bilingual
14,77,High,Low,No,7,54,Yes,1,Medium,Public,2,High School,Moderate,Male,62,no,Adamawa,Bus,160,Bilingual
20,77,High,High,No,6,55,Yes,1,High,Private,1,College,Near,Male,67,no,East,Bus,112,Anglophone
11,79,Medium,Medium,Yes,8,98,Yes,2,Low,Public,4,High School,Near,Female,65,no,South West,Walk,139,Francophone
9,88,Medium,Medium,Yes,7,91,Yes,1,Low,Public,3,College,Near,Female,66,yes,Littoral,Private car,156,Francophone
22,72,Low,High,No,7,88,No,2,Medium,Public,4,High School,Near,Female,66,yes,Far North,Walk,156,Anglophone
18,73,Medium,Medium,Yes,8,75,Yes,0,High,Public,1,College,Near,Female,64,yes,West,Private car,116,Anglophone
21,62,High,Medium,Yes,5,84,Yes,5,Low,Public,4,High School,Near,Female,67,yes,South,Walk,182,Bilingual
20,87,Medium,Medium,No,10,56,Yes,2,Medium,Public,2,College,Moderate,Female,67,sometimes,Centre,Bike,166,Anglophone
14,83,Low,Low,No,4,81,Yes,1,Low,Public,4,High School,Moderate,Male,61,yes,South,Walk,139,Francophone
20,74,Medium,Medium,Yes,9,91,Yes,1,Low,Public,5,High School,Near,Male,66,no,South,Bike,191,Bilingual
13,88,High,Medium,Yes,7,53,Yes,2,Medium,Private,4,College,Moderate,Male,66,no,West,Walk,116,Bilingual
28,81,Medium,Low,Yes,6,65,Yes,1,Low,Public,2,High School,Moderate,Male,67,yes,East,Walk,188,Bilingual
12,79,High,Medium,No,5,56,Yes,1,Low,Public,5,High School,Near,Female,64,sometimes,West,Bike,158,Anglophone
19,80,High,Low,No,6,63,Yes,1,Low,Public,3,High School,Near,Male,64,yes,Centre,Taxi,67,Bilingual
14,85,Low,Medium,No,7,89,Yes,2,Medium,Public,2,College,Moderate,Male,67,sometimes,Far North,Private car,165,Francophone
23,86,Low,High,No,7,67,Yes,2,Medium,Private,3,College,Near,Female,68,sometimes,North,Taxi,108,Anglophone
18,72,Medium,Low,No,9,84,Yes,2,Medium,Public,4,High School,Near,Male,64,sometimes,North,Bike,179,Francophone
17,66,Medium,Medium,Yes,7,89,Yes,0,Medium,Private,3,College,Near,Male,63,no,Centre,Bike,129,Bilingual
25,66,Medium,High,Yes,7,91,Yes,2,Low,Public,3,College,Near,Male,68,yes,North,Bike,161,Anglophone
20,86,Low,Low,No,8,94,Yes,2,Low,Private,2,High School,Far,Female,64,no,East,Walk,167,Bilingual
23,95,Low,Medium,Yes,7,80,Yes,2,Low,Public,4,High School,Moderate,Female,70,yes,North,Walk,175,Anglophone
14,76,Low,Medium,No,7,64,Yes,3,Medium,Private,3,College,Near,Male,64,no,Littoral,Bus,70,Anglophone
12,67,High,Medium,No,7,58,Yes,0,High,Public,2,High School,Far,Male,59,no,Adamawa,Private car,86,Anglophone
21,90,High,Medium,Yes,8,75,Yes,4,Low,Public,2,High School,Moderate,Male,71,no,Far North,Taxi,114,Bilingual
18,93,Low,Medium,Yes,6,55,Yes,3,Low,Public,5,High School,Moderate,Male,67,sometimes,North,Taxi,69,Bilingual
24,95,Medium,Low,Yes,6,96,Yes,3,Low,Private,3,Postgraduate,Near,Female,73,yes,Littoral,Taxi,38,Bilingual
20,84,Low,Low,No,8,72,Yes,3,High,Public,3,High School,Near,Male,66,no,North West,Private car,145,Anglophone
21,94,High,High,No,5,94,Yes,2,Low,Private,2,College,Near,Male,73,yes,South West,Bus,56,Anglophone
10,61,High,Medium,Yes,7,85,Yes,1,Medium,Public,4,High School,Near,Female,62,no,Far North,Bike,164,Francophone
31,64,Medium,High,No,6,93,Yes,1,Low,Public,3,High School,Near,Female,69,yes,West,Private car,43,Bilingual
19,64,Medium,High,No,8,94,Yes,3,Medium,Private,3,Postgraduate,Near,Female,66,no,Adamawa,Bus,171,Bilingual
24,89,Medium,Low,Yes,9,53,Yes,1,Low,Private,3,High School,Near,Male,68,no,Littoral,Taxi,132,Francophone
15,63,Medium,Medium,Yes,6,86,Yes,4,High,Public,5,High School,Near,Male,65,no,Far North,Bike,74,Anglophone
22,80,Medium,Medium,Yes,8,61,Yes,1,Low,Public,2,College,Moderate,Male,67,no,Far North,Bike,190,Anglophone
12,79,Medium,Medium,Yes,7,99,Yes,2,Medium,Public,2,High School,Near,Female,64,yes,Adamawa,Taxi,24,Bilingual
23,72,High,High,Yes,6,89,No,0,Medium,Private,3,High School,Moderate,Male,67,no,East,Taxi,164,Francophone
18,95,Low,Low,Yes,7,50,Yes,3,Medium,Private,3,High School,Moderate,Female,66,no,North West,Bus,44,Francophone
20,67,High,Medium,No,9,96,Yes,1,High,Public,3,High School,Near,Female,68,sometimes,Adamawa,Private car,196,Francophone
24,74,Medium,Medium,Yes,7,65,Yes,3,Medium,Public,2,College,Near,Male,68,no,Littoral,Private car,49,Anglophone
13,91,Medium,Low,Yes,9,71,Yes,1,Low,Public,2,College,Far,Male,64,yes,South,Bus,61,Francophone
16,61,High,Medium,Yes,7,81,Yes,2,Medium,Public,1,High School,Near,Female,63,sometimes,North West,Walk,96,Francophone
23,87,High,Medium,No,5,96,Yes,2,Medium,Public,3,College,Moderate,Female,72,sometimes,West,Taxi,66,Francophone
33,93,High,Medium,No,7,96,Yes,1,Low,Public,1,Postgraduate,Moderate,Female,75,sometimes,East,Private car,80,Anglophone
19,97,High,Medium,No,5,78,Yes,2,Low,Public,3,High School,Near,Male,71,sometimes,South West,Walk,103,Anglophone
24,95,High,Medium,No,7,66,Yes,2,High,Public,3,High School,Near,Male,71,yes,Littoral,Bus,111,Bilingual
19,73,Medium,Medium,Yes,6,64,Yes,4,Medium,Public,5,College,Near,Female,66,yes,Centre,Walk,121,Francophone
32,83,High,Medium,Yes,10,68,No,3,Low,Private,4,High School,Moderate,Female,71,yes,South West,Walk,87,Anglophone
10,63,High,Medium,No,9,59,Yes,0,Medium,Public,5,Postgraduate,Moderate,Male,61,sometimes,West,Taxi,187,Bilingual
21,70,Medium,Medium,Yes,7,83,Yes,1,Medium,Public,3,High School,Far,Male,65,no,South West,Bike,130,Francophone
10,64,Medium,Low,No,9,76,Yes,1,Low,Private,1,High School,Near,Female,58,no,East,Bus,189,Francophone
5,73,High,Low,Yes,6,89,Yes,1,Medium,Public,2,High School,Near,Male,62,sometimes,Centre,Private car,69,Francophone
22,95,High,Low,No,5,55,Yes,2,High,Public,0,College,Near,Female,69,yes,South West,Private car,171,Francophone
21,74,Medium,Low,Yes,8,70,Yes,1,Medium,Public,3,Postgraduate,Far,Male,65,no,Littoral,Taxi,77,Francophone
18,82,High,Medium,Yes,8,62,Yes,3,Low,Private,4,High School,Near,Female,69,no,Far North,Taxi,118,Bilingual
19,77,High,Medium,Yes,6,77,Yes,1,Low,Private,3,College,Near,Female,68,sometimes,Littoral,Taxi,107,Francophone
39,78,Medium,Medium,No,6,73,Yes,0,Low,Public,2,College,Far,Male,70,sometimes,South West,Private car,110,Francophone
18,99,High,Medium,Yes,8,72,Yes,4,Low,Public,4,High School,Near,Female,72,no,South West,Bike,134,Anglophone
23,72,Low,Medium,Yes,4,66,No,3,Low,Private,4,Postgraduate,Near,Female,66,no,South,Bus,27,Francophone
16,85,Low,High,Yes,8,86,Yes,2,High,Private,4,High School,Near,Female,68,no,Far North,Bike,82,Bilingual
22,77,Medium,Medium,Yes,7,74,Yes,2,Low,Private,4,College,Near,Male,67,sometimes,North,Bus,58,Anglophone
19,62,High,Low,Yes,8,60,Yes,1,Low,Public,2,College,Far,Female,61,no,Centre,Taxi,42,Francophone
18,80,Low,Low,Yes,8,77,Yes,1,Low,Public,2,College,Near,Female,64,sometimes,Centre,Bus,124,Anglophone
31,93,High,Medium,No,6,80,Yes,3,Medium,Public,2,High School,Near,Male,74,sometimes,West,Bus,116,Francophone
27,64,Medium,Medium,No,5,51,Yes,1,Low,Public,3,High School,Near,Female,64,no,East,Private car,23,Anglophone
21,63,High,Low,Yes,9,60,Yes,2,Medium,Public,2,Postgraduate,Near,Male,64,sometimes,Centre,Taxi,118,Bilingual
6,66,High,Medium,Yes,7,62,Yes,2,Low,Public,4,Postgraduate,Near,Male,61,no,North West,Bus,181,Bilingual
18,91,High,High,Yes,7,62,Yes,3,Low,Private,3,High School,Near,Male,71,yes,North,Private car,158,Francophone
36,89,High,Low,Yes,8,62,Yes,2,Low,Private,3,College,Moderate,Male,72,sometimes,Adamawa,Walk,108,Bilingual
19,83,High,High,No,6,64,Yes,0,Medium,Private,5,Postgraduate,Near,Female,68,sometimes,Far North,Bus,145,Bilingual
27,79,Low,High,Yes,8,63,Yes,2,Low,Public,5,College,Moderate,Female,69,yes,South West,Taxi,54,Francophone
29,96,Medium,High,No,8,94,No,2,Low,Public,4,High School,Near,Male,74,sometimes,West,Bus,68,Anglophone
21,91,Medium,High,Yes,9,66,Yes,3,Low,Public,4,College,Moderate,Female,70,sometimes,East,Private car,96,Anglophone
15,92,High,Low,Yes,9,67,Yes,1,High,Public,2,Postgraduate,Near,Male,69,sometimes,West,Walk,95,Anglophone
5,93,Low,Low,No,7,63,Yes,2,Medium,Public,3,Postgraduate,Near,Male,64,no,South,Bike,49,Bilingual
24,86,Low,Low,Yes,8,98,Yes,2,High,Public,5,Postgraduate,Far,Male,71,sometimes,North West,Private car,153,Bilingual
15,78,High,Low,Yes,7,77,Yes,0,High,Public,3,College,Near,Male,65,sometimes,Adamawa,Walk,158,Bilingual
21,95,High,Medium,Yes,7,81,Yes,0,Medium,Public,3,High School,Near,Male,71,yes,West,Bike,153,Bilingual
13,97,High,High,Yes,5,87,Yes,1,Medium,Public,2,Postgraduate,,Female,71,yes,West,Walk,49,Anglophone
18,61,Low,Medium,Yes,7,67,Yes,5,High,Public,2,Postgraduate,Near,Male,66,yes,Adamawa,Private car,86,Francophone
20,62,Medium,Medium,No,4,98,Yes,1,High,Public,4,High School,Near,Male,64,yes,South West,Taxi,42,Bilingual
22,98,Medium,Medium,No,7,58,Yes,0,Medium,Private,3,,Near,Male,70,yes,West,Bus,22,Francophone
13,71,Low,Low,No,9,73,Yes,1,High,Private,3,High School,Moderate,Male,61,no,Littoral,Bus,185,Bilingual
27,95,Medium,Medium,Yes,8,57,Yes,1,Medium,Private,3,High School,Moderate,Female,71,no,Littoral,Bus,30,Bilingual
16,76,Medium,Medium,No,7,90,Yes,0,Low,Public,3,Postgraduate,Moderate,Male,65,no,North West,Bike,193,Anglophone
10,65,Low,High,No,7,55,Yes,0,Low,Public,3,High School,Near,Female,59,no,Far North,Bus,141,Francophone
19,63,Medium,Medium,Yes,6,78,Yes,3,Medium,Public,2,College,Near,Male,63,sometimes,Centre,Private car,140,Bilingual
20,66,Medium,Medium,Yes,6,55,Yes,1,High,Public,3,Postgraduate,Moderate,Female,64,sometimes,West,Taxi,139,Francophone
21,70,Low,Low,No,8,73,Yes,0,High,Public,4,College,Near,Male,63,sometimes,North West,Taxi,196,Francophone
28,80,High,High,No,5,64,Yes,1,Low,Private,2,Postgraduate,Moderate,Female,70,no,North West,Bus,91,Anglophone
19,88,High,Medium,Yes,5,95,Yes,1,Medium,Public,3,High School,Near,Male,70,no,Centre,Bus,30,Bilingual
19,99,High,High,Yes,8,53,Yes,1,Medium,Private,4,College,Near,Male,72,yes,East,Bike,139,Bilingual
13,78,Medium,High,No,7,82,Yes,0,Low,Public,2,College,Moderate,Female,65,no,West,Private car,160,Francophone
25,81,High,Medium,Yes,7,85,Yes,3,Medium,Public,1,Postgraduate,Moderate,Female,71,sometimes,Centre,Bus,22,Francophone
21,81,High,Medium,Yes,7,94,Yes,3,Medium,Public,1,Postgraduate,Moderate,Male,70,sometimes,East,Bike,90,Anglophone
17,82,Medium,Low,No,10,94,Yes,1,High,Private,3,High School,Moderate,Female,66,yes,Centre,Bus,117,Bilingual
9,81,Medium,Medium,Yes,7,99,Yes,2,Low,Public,3,High School,Moderate,Female,64,no,North West,Bike,190,Anglophone
29,60,Low,High,No,7,63,Yes,0,Low,Public,4,Postgraduate,Near,Male,64,sometimes,West,Bike,130,Francophone
13,60,High,Low,No,10,64,Yes,1,Medium,Public,4,College,Far,Male,59,yes,Centre,Private car,33,Bilingual
16,64,Medium,High,Yes,7,70,Yes,5,Low,Public,4,High School,Moderate,Male,65,no,North,Private car,127,Anglophone
22,64,High,Medium,Yes,10,77,Yes,1,Low,Public,3,High School,Moderate,Male,66,sometimes,Far North,Bike,99,Bilingual
13,88,Medium,Medium,Yes,4,68,Yes,1,High,Public,2,High School,Near,Female,67,yes,Littoral,Walk,108,Bilingual
11,68,High,Medium,Yes,5,87,Yes,1,Low,Public,4,High School,Far,Male,62,yes,North,Bus,179,Bilingual
7,96,High,Low,No,6,50,Yes,1,High,Private,3,College,Near,Male,65,sometimes,North,Walk,44,Francophone
24,97,High,Medium,Yes,8,51,Yes,3,Low,Public,2,Postgraduate,Near,Female,73,yes,Littoral,Walk,151,Anglophone
17,99,Medium,Medium,No,10,86,Yes,1,Medium,Private,2,College,Near,Male,70,sometimes,Adamawa,Private car,118,Bilingual
38,98,Low,Medium,No,6,94,Yes,2,Low,Public,4,Postgraduate,Near,Female,75,yes,South,Bike,113,Anglophone
14,71,High,High,Yes,8,89,Yes,0,Medium,Public,3,Postgraduate,Near,Female,66,sometimes,South West,Bike,164,Bilingual
14,80,High,Medium,No,10,56,Yes,1,Low,Public,3,Postgraduate,Moderate,Female,65,sometimes,West,Walk,114,Anglophone
17,67,Medium,Medium,No,9,97,Yes,1,Medium,Public,3,Postgraduate,Moderate,Female,64,sometimes,Centre,Walk,151,Bilingual
21,92,High,Low,No,6,76,Yes,2,Low,Public,5,College,Near,Male,70,yes,East,Walk,78,Bilingual
17,96,Medium,High,Yes,8,87,Yes,0,Medium,Private,5,High School,Moderate,Male,71,yes,South,Taxi,153,Bilingual
24,94,Low,Medium,No,8,60,Yes,0,Medium,Public,3,High School,Near,Male,68,yes,South West,Taxi,151,Bilingual
14,77,Medium,Medium,Yes,6,77,Yes,1,Low,Private,2,College,Near,Male,64,sometimes,North,Bus,74,Anglophone
12,90,High,High,No,8,67,Yes,2,Low,Public,3,High School,Near,Female,67,yes,South West,Taxi,139,Anglophone
9,64,Medium,High,Yes,6,99,Yes,6,Low,Public,6,High School,Moderate,Male,65,no,West,Taxi,165,Anglophone
7,62,High,Medium,Yes,7,74,Yes,3,Medium,Public,3,Postgraduate,Near,Female,62,yes,North West,Bike,35,Bilingual
17,90,Low,High,Yes,5,88,Yes,1,Medium,Public,1,College,Near,Female,68,no,West,Bus,52,Francophone
18,77,High,Medium,Yes,4,80,Yes,1,Medium,Private,2,College,Near,Male,66,yes,North West,Taxi,102,Anglophone
16,100,High,High,Yes,7,55,Yes,1,Low,Public,2,College,Moderate,Male,69,yes,Centre,Walk,121,Bilingual
27,64,Medium,Medium,Yes,7,77,Yes,3,High,Public,4,High School,Moderate,Male,68,sometimes,Far North,Bus,177,Bilingual
27,94,Medium,Low,No,5,77,Yes,0,Medium,Public,2,College,Near,Female,71,sometimes,North,Walk,190,Bilingual
18,79,Medium,High,Yes,8,86,Yes,3,Low,Public,4,College,Near,Female,68,no,West,Walk,79,Francophone
9,93,High,Low,Yes,7,66,Yes,0,Low,Private,2,College,Moderate,Male,64,sometimes,Far North,Bus,35,Bilingual
17,93,Low,Medium,No,8,93,Yes,0,Low,Public,3,College,Moderate,Male,66,no,East,Bike,145,Anglophone
16,97,Medium,Low,Yes,8,81,Yes,0,High,Private,2,High School,Near,Male,70,no,Far North,Private car,105,Francophone
16,72,Low,Medium,No,9,52,Yes,1,Medium,Public,1,College,Moderate,Female,60,sometimes,East,Taxi,43,Bilingual
16,98,Medium,Medium,Yes,8,85,Yes,0,Low,Public,2,College,Far,Male,69,sometimes,South,Taxi,128,Anglophone
16,66,Medium,Medium,Yes,7,95,Yes,1,Medium,Public,4,College,Near,Male,65,no,South West,Bike,169,Francophone
18,63,High,High,Yes,7,84,Yes,1,Medium,Public,2,High School,Near,Female,66,sometimes,Centre,Private car,76,Bilingual
16,77,Medium,Low,No,10,69,Yes,1,Medium,Private,3,High School,Near,Female,64,no,Adamawa,Bus,108,Francophone
21,93,Medium,High,No,8,80,Yes,0,High,Public,1,College,Moderate,Female,71,yes,North,Walk,134,Bilingual
22,79,High,Low,No,7,59,Yes,0,Medium,Public,3,College,Near,Male,66,sometimes,East,Bike,161,Anglophone
15,93,Medium,Low,Yes,7,80,Yes,0,Low,Public,3,High School,Near,Female,66,no,South West,Bike,165,Bilingual
28,89,Medium,Medium,No,6,75,Yes,1,Low,Private,3,High School,Moderate,Male,68,sometimes,Centre,Bike,87,Bilingual
14,68,High,High,No,5,51,Yes,1,High,Public,5,High School,Moderate,Male,63,sometimes,North,Private car,143,Anglophone
10,98,Medium,Low,Yes,10,66,Yes,1,Low,Public,2,College,Near,Female,66,sometimes,North West,Taxi,58,Francophone
22,62,Low,Medium,No,8,60,No,0,Medium,Public,2,College,Near,Male,61,sometimes,South,Bus,104,Francophone
15,96,Medium,Low,No,5,70,Yes,4,Low,Private,3,College,Near,Male,70,no,Far North,Bus,180,Bilingual
22,72,Medium,High,Yes,7,62,Yes,5,High,Private,2,College,Moderate,Female,68,sometimes,South West,Walk,179,Anglophone
6,80,Medium,Medium,Yes,9,92,Yes,5,Low,Public,2,Postgraduate,Moderate,Male,65,yes,West,Walk,139,Bilingual
28,77,High,Medium,No,6,85,Yes,0,Low,Public,1,Postgraduate,Near,Female,69,yes,Adamawa,Bus,87,Bilingual
24,67,Medium,High,Yes,6,87,Yes,0,Medium,Public,4,College,Near,Male,67,no,Adamawa,Private car,191,Anglophone
11,74,High,Medium,No,8,68,Yes,0,Medium,Public,3,High School,Moderate,Male,62,yes,Centre,Bike,190,Francophone
11,68,Low,High,Yes,8,50,Yes,2,Low,Private,4,High School,Near,Female,61,sometimes,West,Taxi,162,Francophone
30,68,High,High,Yes,6,61,Yes,1,Medium,Public,3,Postgraduate,,Female,70,yes,East,Walk,26,Bilingual
16,67,High,Medium,Yes,6,88,Yes,0,High,Public,3,College,Near,Male,65,no,Adamawa,Bus,37,Anglophone
15,80,High,Medium,No,8,80,Yes,1,Low,Public,4,High School,Moderate,Female,65,yes,South,Walk,190,Anglophone
6,92,Medium,Medium,Yes,5,77,Yes,1,Low,Public,4,High School,Near,Male,66,yes,West,Bus,110,Anglophone
18,83,Medium,High,Yes,6,64,No,1,Medium,Private,3,High School,Near,Female,66,yes,East,Private car,89,Bilingual
19,96,Medium,Medium,Yes,7,54,Yes,1,Low,Public,3,College,Near,Male,69,yes,Littoral,Bike,99,Anglophone
24,85,High,High,No,8,89,Yes,1,Low,Public,3,High School,Moderate,Female,70,sometimes,Far North,Private car,35,Francophone
12,88,High,Medium,No,6,52,No,1,Medium,Public,1,High School,Near,Male,63,no,North West,Walk,152,Francophone
11,87,Low,Medium,No,8,53,Yes,1,Medium,Public,3,High School,Near,Female,64,sometimes,Far North,Private car,92,Anglophone
23,78,High,Low,No,9,65,Yes,1,Low,Public,2,College,Far,Female,65,sometimes,North West,Bike,127,Francophone
26,88,High,Medium,Yes,6,79,Yes,1,Low,Public,4,High School,Far,Male,71,no,South,Private car,60,Anglophone
11,63,Medium,Medium,Yes,10,100,Yes,0,Medium,Public,3,High School,Far,Female,61,sometimes,West,Taxi,99,Anglophone
26,94,Low,Low,Yes,9,55,Yes,2,High,Public,3,High School,Near,Male,69,no,Littoral,Walk,61,Bilingual
20,91,High,Medium,No,7,74,Yes,1,Medium,Public,4,High School,Moderate,Male,69,yes,North,Bus,190,Anglophone
27,70,Medium,Medium,No,7,80,Yes,1,Low,Public,3,High School,Near,Female,66,yes,North West,Taxi,96,Francophone
20,91,High,Medium,No,6,91,Yes,3,High,Public,2,High School,Near,Male,72,sometimes,Centre,Private car,117,Francophone
5,61,High,Medium,No,9,84,Yes,1,Medium,Public,3,College,Near,Male,60,no,North West,Bike,27,Bilingual
19,69,Low,Low,No,7,90,Yes,0,Low,Public,1,College,Near,Male,62,no,South,Taxi,49,Anglophone
26,63,Medium,Medium,Yes,5,76,Yes,3,Medium,Public,5,High School,Near,Female,66,yes,South,Bike,112,Francophone
15,91,Medium,High,Yes,4,72,Yes,1,High,Private,2,High School,Near,Male,69,sometimes,South West,Bike,122,Bilingual
18,90,High,Medium,No,7,81,Yes,2,Medium,Public,3,Postgraduate,Moderate,Male,69,no,North West,Private car,135,Bilingual
19,93,Medium,High,No,7,95,Yes,3,Medium,Private,3,High School,Near,Female,71,yes,Adamawa,Taxi,151,Bilingual
3,60,Medium,Low,Yes,6,78,Yes,1,Low,Public,1,Postgraduate,Near,Female,57,sometimes,Centre,Private car,35,Francophone
30,80,High,High,No,5,80,Yes,0,Low,Private,4,Postgraduate,Near,Female,72,sometimes,South West,Taxi,111,Bilingual
15,88,Low,Medium,Yes,4,67,Yes,1,Medium,Private,4,High School,Far,Female,66,yes,Far North,Walk,58,Bilingual
23,66,Medium,Medium,Yes,6,80,Yes,1,Medium,Public,3,College,Near,Female,66,no,Adamawa,Private car,95,Bilingual
19,86,Medium,Medium,No,6,81,Yes,3,Medium,Public,3,College,Near,Male,70,sometimes,Centre,Bike,164,Anglophone
28,63,Medium,Medium,No,8,88,Yes,2,Low,Public,2,High School,Near,Male,67,no,Far North,Walk,147,Bilingual
22,67,Medium,Medium,Yes,7,79,Yes,1,Medium,Private,3,College,Moderate,Female,65,no,West,Bus,134,Bilingual
19,79,Medium,Medium,Yes,9,60,Yes,1,Low,Public,3,High School,Near,Female,63,no,Far North,Bus,199,Francophone
15,86,High,Low,No,8,79,Yes,3,Low,Public,3,College,Near,Female,68,yes,Adamawa,Walk,159,Anglophone
25,66,Low,Medium,Yes,8,65,Yes,0,Medium,Public,3,High School,Near,Male,63,no,Adamawa,Walk,34,Bilingual
9,67,Medium,High,Yes,8,54,Yes,3,Medium,Private,5,College,Moderate,Male,63,yes,South West,Bus,118,Francophone
24,68,Medium,Medium,Yes,5,91,Yes,1,High,Public,4,College,Near,Female,68,yes,East,Bus,88,Francophone
13,70,Medium,Medium,Yes,6,53,Yes,2,Low,Public,0,College,Moderate,Female,60,sometimes,Littoral,Taxi,36,Bilingual
28,69,Medium,Medium,No,10,82,Yes,0,Medium,Private,2,High School,Near,Female,67,no,Centre,Bus,103,Francophone
21,76,Low,Low,Yes,4,99,Yes,0,Low,Public,3,College,Far,Male,65,no,Far North,Bike,89,Bilingual
24,86,High,Low,Yes,7,54,Yes,0,Low,Public,2,College,Near,Male,68,sometimes,West,Bus,44,Bilingual
20,78,Medium,Low,No,8,61,Yes,0,Medium,Public,2,High School,Moderate,Female,62,sometimes,South West,Private car,59,Francophone
9,91,Medium,Low,No,4,88,Yes,2,Medium,Public,4,Postgraduate,Near,Female,65,sometimes,South West,Taxi,31,Bilingual
15,89,Medium,Medium,Yes,6,55,Yes,1,Low,Private,3,High School,Near,Male,66,yes,Littoral,Bus,177,Bilingual
24,65,Medium,Medium,Yes,10,92,Yes,3,Medium,Public,4,High School,Near,Male,67,sometimes,East,Taxi,139,Francophone
21,62,Low,High,Yes,7,50,No,1,High,Public,2,High School,Moderate,Female,60,sometimes,North,Bus,44,Bilingual
27,95,Low,High,Yes,6,94,Yes,2,Medium,Public,4,Postgraduate,Far,Female,74,sometimes,North West,Taxi,198,Francophone
22,63,Low,Low,Yes,7,53,Yes,1,High,Public,4,High School,Near,Male,62,sometimes,Far North,Taxi,42,Francophone
14,66,Low,Medium,Yes,6,96,Yes,0,High,Public,3,College,Moderate,Male,61,sometimes,West,Taxi,133,Francophone
15,61,Medium,Medium,No,10,93,Yes,0,Medium,Public,4,High School,Near,Male,63,yes,South,Taxi,38,Bilingual
21,85,Medium,Low,No,6,77,Yes,2,Low,Public,3,College,Far,Male,66,sometimes,South,Bus,55,Francophone
6,83,Medium,Medium,No,6,89,Yes,1,Low,Public,4,Postgraduate,Near,Female,65,no,West,Walk,89,Bilingual
30,99,Low,Medium,No,5,54,Yes,0,Medium,Private,3,Postgraduate,Near,Male,72,sometimes,Centre,Private car,143,Francophone
23,95,High,Medium,No,7,57,Yes,1,Low,Private,2,High School,Near,Female,70,yes,Adamawa,Bus,134,Bilingual
27,76,High,High,Yes,7,68,Yes,1,Medium,Public,3,Postgraduate,Moderate,Female,71,yes,Far North,Private car,143,Francophone
11,75,High,High,Yes,9,77,No,1,High,Private,2,College,Moderate,Male,64,yes,South,Bike,103,Francophone
27,72,Medium,High,No,5,93,Yes,1,High,Public,2,College,Near,Male,70,no,Littoral,Bike,136,Francophone
33,66,Medium,Medium,No,8,77,Yes,2,Medium,Public,3,High School,Near,Male,68,no,West,Bike,76,Francophone
12,66,Low,High,Yes,7,83,No,1,Medium,Public,3,High School,Near,Male,61,sometimes,South West,Bus,135,Anglophone
25,65,High,Medium,Yes,4,84,Yes,1,High,Public,2,High School,Near,Male,68,no,North,Walk,45,Anglophone
20,65,Low,Medium,No,6,94,Yes,1,Low,Public,2,Postgraduate,Near,Female,64,no,South West,Walk,166,Francophone
11,70,Medium,High,Yes,6,89,Yes,2,Medium,Public,4,High School,Near,Female,64,no,Littoral,Bus,82,Bilingual
23,72,Medium,High,Yes,10,99,Yes,2,Medium,Private,4,Postgraduate,Near,Female,71,sometimes,Littoral,Bike,110,Anglophone
25,98,Medium,High,Yes,8,51,Yes,0,Medium,Private,2,College,Moderate,Female,72,yes,South West,Walk,183,Anglophone
16,83,Medium,Medium,Yes,7,60,Yes,0,High,Public,1,College,Moderate,Female,66,yes,Centre,Bus,28,Francophone
27,100,Low,Medium,Yes,4,97,Yes,4,Low,Public,3,High School,Near,Female,74,no,South West,Bus,29,Francophone
10,75,Medium,Medium,Yes,4,90,Yes,3,Medium,Public,3,Postgraduate,Moderate,Male,65,yes,North,Private car,126,Bilingual
11,78,High,High,No,8,63,Yes,1,Low,Public,3,High School,Near,Female,64,yes,North West,Bus,87,Bilingual
21,73,High,Medium,Yes,8,99,Yes,1,Medium,Public,4,College,Moderate,Male,69,sometimes,South,Private car,84,Francophone
20,67,Medium,Medium,No,6,93,No,1,Low,Public,3,College,Near,Male,62,no,East,Bus,71,Francophone
16,66,Medium,Medium,Yes,7,53,Yes,2,Medium,Public,2,Postgraduate,Moderate,Male,62,no,South West,Taxi,179,Bilingual
25,98,Low,Low,Yes,7,91,Yes,2,Low,Public,3,Postgraduate,Near,Female,72,sometimes,South West,Bike,40,Francophone
23,99,Medium,High,No,7,89,Yes,1,Medium,Public,3,High School,Near,Female,73,sometimes,North,Bike,176,Bilingual
25,62,Medium,Low,No,6,61,Yes,1,Medium,Public,4,Postgraduate,Moderate,Female,64,yes,South West,Bike,159,Bilingual
19,66,Medium,Medium,No,8,83,Yes,2,Medium,Public,3,High School,Near,Female,65,sometimes,South,Bike,27,Francophone
24,77,High,High,Yes,9,99,Yes,1,Low,Public,1,High School,Near,Male,70,no,Centre,Walk,90,Anglophone
17,67,Medium,Medium,Yes,6,84,Yes,1,High,Public,3,Postgraduate,Moderate,Female,66,sometimes,North West,Bus,146,Anglophone
32,75,Low,High,No,5,91,Yes,1,High,Public,2,College,Moderate,Female,70,yes,Far North,Bike,140,Bilingual
15,65,Medium,High,Yes,6,55,Yes,2,Medium,Private,3,High School,Near,Female,63,yes,Littoral,Walk,175,Bilingual
33,78,Low,Low,No,7,86,Yes,1,Low,Public,4,High School,Near,Male,69,sometimes,West,Bus,99,Bilingual
20,71,High,Medium,Yes,8,60,Yes,0,Medium,Public,2,High School,Near,Male,64,sometimes,North,Taxi,151,Bilingual
12,74,Low,Medium,No,8,54,Yes,2,Medium,Private,5,Postgraduate,Moderate,Female,63,no,East,Private car,87,Bilingual
28,64,Medium,Medium,No,8,78,Yes,2,Medium,Private,3,Postgraduate,Near,Male,66,yes,North West,Walk,119,Francophone
21,77,Medium,Medium,Yes,8,88,Yes,2,High,Private,1,College,Moderate,Female,68,sometimes,South West,Bus,125,Francophone
25,99,Medium,Medium,Yes,7,77,Yes,0,High,Public,3,High School,Near,Male,97,no,East,Bus,168,Francophone
27,73,Low,Low,No,9,97,Yes,2,Medium,Public,1,High School,Near,Female,67,sometimes,East,Private car,86,Bilingual
22,95,Medium,Medium,No,7,85,Yes,0,Medium,Private,4,College,Near,Male,71,sometimes,South West,Bike,171,Bilingual
16,94,Low,Low,Yes,8,56,Yes,2,Low,Public,2,College,Near,Female,66,sometimes,South West,Private car,38,Bilingual
26,98,Medium,Low,Yes,7,97,Yes,2,Low,Public,2,Postgraduate,Moderate,Male,72,sometimes,Centre,Walk,185,Anglophone
20,92,High,Medium,Yes,7,58,Yes,2,Low,Public,4,Postgraduate,Near,Female,70,no,North West,Private car,187,Anglophone
24,86,Medium,Medium,Yes,7,88,Yes,1,Low,Public,3,High School,Far,Male,69,yes,Centre,Bike,129,Francophone
7,94,Medium,Low,Yes,9,57,Yes,2,Medium,Public,3,Postgraduate,Near,Female,66,sometimes,Littoral,Bus,72,Anglophone
23,63,High,High,No,7,100,Yes,2,Medium,Private,3,Postgraduate,Near,Female,69,sometimes,North,Bike,42,Anglophone
16,79,Medium,Medium,Yes,6,67,No,2,Medium,Private,3,College,Near,Male,65,sometimes,North West,Walk,80,Francophone
30,100,High,High,No,6,75,Yes,0,Low,Public,4,College,Moderate,Female,75,sometimes,West,Walk,137,Bilingual
24,91,Low,Medium,No,8,73,Yes,2,Low,Private,2,Postgraduate,Moderate,Male,70,yes,North,Walk,98,Bilingual
21,98,High,Low,Yes,6,55,Yes,1,Medium,Public,3,High School,Near,Male,70,sometimes,Adamawa,Walk,136,Anglophone
23,91,Medium,High,Yes,7,75,Yes,2,Low,Public,2,High School,Far,Male,69,no,North,Bike,182,Bilingual
14,95,High,Medium,No,7,57,Yes,2,Low,Public,2,College,Near,Female,68,yes,Adamawa,Taxi,38,Francophone
30,88,Low,Medium,Yes,6,90,Yes,4,High,Private,2,College,Moderate,Male,73,no,Centre,Private car,163,Anglophone
32,90,Medium,Medium,Yes,5,98,Yes,0,Medium,Public,3,College,Moderate,Male,74,no,Centre,Bus,52,Bilingual
22,81,Low,Low,No,5,90,Yes,0,High,Public,2,College,Moderate,Female,66,no,North West,Bike,79,Francophone
30,97,High,Medium,Yes,6,72,Yes,1,Low,Public,2,High School,Far,Female,74,yes,Far North,Walk,58,Francophone
17,93,Medium,Low,Yes,5,50,Yes,3,High,Public,2,High School,Moderate,Male,67,yes,West,Bike,44,Anglophone
15,94,High,Medium,Yes,8,52,Yes,1,Medium,Private,2,College,Far,Female,67,sometimes,Centre,Taxi,41,Francophone
20,87,Medium,High,No,10,75,Yes,3,Medium,Private,2,College,Near,Female,70,no,Far North,Bike,21,Francophone
23,72,Low,High,Yes,6,84,Yes,1,High,Public,2,High School,Near,Male,67,sometimes,South,Private car,74,Anglophone
18,61,Medium,Low,Yes,6,91,Yes,3,Medium,Public,3,College,Moderate,Female,80,sometimes,North,Walk,49,Francophone
23,97,Medium,High,Yes,6,80,Yes,1,Low,Public,2,College,Moderate,Male,70,yes,South West,Taxi,110,Bilingual
22,83,High,Medium,No,8,99,Yes,4,High,Public,4,High School,Near,Female,71,sometimes,Centre,Taxi,38,Anglophone
14,72,Medium,Low,No,8,75,Yes,4,High,Private,2,College,Near,Male,64,no,North,Private car,49,Francophone
23,66,High,High,Yes,7,80,Yes,1,Medium,Public,3,College,Moderate,Female,68,no,North West,Taxi,141,Anglophone
25,93,Medium,Medium,No,5,62,Yes,0,Low,Public,3,High School,Far,Male,68,no,Far North,Bike,69,Anglophone
21,93,Medium,Medium,Yes,6,67,No,1,High,Public,3,High School,Near,Female,69,sometimes,Centre,Taxi,148,Bilingual
27,93,High,Low,Yes,7,84,Yes,1,Medium,Private,2,Postgraduate,Near,Male,72,sometimes,North West,Taxi,171,Bilingual
13,86,Medium,Medium,No,7,80,Yes,0,Low,Private,5,College,Near,Male,65,sometimes,Centre,Taxi,169,Anglophone
23,75,Low,Low,Yes,7,68,Yes,1,High,Private,4,High School,Near,Male,64,no,East,Private car,91,Bilingual
13,72,Medium,High,No,8,56,Yes,1,Low,Public,4,Postgraduate,Moderate,Female,64,sometimes,North,Bike,185,Francophone
13,60,Low,Medium,No,5,67,Yes,1,Low,Public,4,High School,Far,Male,58,no,Littoral,Bike,30,Bilingual
16,93,High,Medium,Yes,7,52,Yes,2,Medium,Public,3,High School,Near,Male,69,sometimes,South West,Private car,50,Bilingual
14,63,High,Low,No,7,79,Yes,1,Low,Public,3,High School,Near,Male,61,yes,Far North,Walk,70,Anglophone
17,85,High,High,Yes,6,66,Yes,0,Medium,Public,2,College,Moderate,Female,68,sometimes,South,Private car,154,Bilingual
19,80,High,Medium,Yes,6,69,Yes,1,Low,Private,4,College,Near,Male,66,sometimes,South,Private car,113,Anglophone
25,81,Medium,Medium,No,8,79,Yes,1,Medium,Public,4,College,Near,Female,68,sometimes,North West,Private car,140,Francophone
18,97,Low,High,No,5,79,Yes,2,Low,Public,3,College,Moderate,Male,70,no,Littoral,Walk,60,Bilingual
10,61,High,Low,Yes,10,79,Yes,4,High,Public,2,College,Moderate,Male,62,sometimes,Far North,Private car,104,Bilingual
27,91,Medium,Medium,No,8,75,Yes,2,Medium,Private,3,High School,Near,Male,71,no,Far North,Private car,117,Bilingual
15,62,Medium,Medium,No,7,74,Yes,0,Low,Public,3,Postgraduate,Moderate,Female,61,no,West,Walk,132,Anglophone
20,62,High,Medium,Yes,7,91,Yes,1,Medium,Public,3,College,Near,Male,64,yes,Adamawa,Bus,192,Anglophone
23,77,Medium,Low,No,8,73,Yes,1,Low,Public,2,College,Near,Male,65,no,North West,Private car,68,Bilingual
21,63,Low,Medium,Yes,6,77,Yes,3,Medium,Public,1,High School,Near,Male,63,no,West,Walk,188,Francophone
27,92,High,Medium,Yes,6,99,Yes,4,Low,Private,3,High School,Near,Female,74,no,Far North,Bus,104,Anglophone
23,81,Medium,High,No,9,59,Yes,2,Medium,Public,2,College,Near,Male,68,yes,East,Private car,45,Anglophone
15,61,High,Medium,Yes,6,86,Yes,2,High,Public,3,High School,Near,Female,65,yes,Littoral,Private car,40,Anglophone
33,62,Medium,Medium,No,7,74,Yes,2,Medium,Public,2,College,Moderate,Male,66,no,East,Walk,27,Bilingual
21,85,Medium,High,Yes,6,92,Yes,1,Medium,Public,2,High School,Moderate,Male,69,no,East,Bike,135,Bilingual
19,92,Low,Medium,Yes,7,70,Yes,2,High,Private,2,College,Near,Male,69,sometimes,East,Bus,183,Francophone
26,78,High,Medium,No,8,65,Yes,3,Medium,Public,3,College,Near,Female,70,yes,South West,Taxi,178,Bilingual
21,82,Medium,Medium,Yes,10,60,Yes,3,High,Public,4,High School,Near,Female,70,no,South West,Taxi,184,Bilingual
22,92,Medium,Medium,Yes,6,94,Yes,1,Medium,Public,3,High School,Near,Male,71,no,Littoral,Bike,98,Bilingual
35,84,Medium,Medium,No,5,86,Yes,1,Medium,Public,3,High School,Near,Female,72,sometimes,South West,Bike,151,Bilingual
18,69,Medium,Low,No,7,54,Yes,1,Low,Public,4,High School,Moderate,Male,61,sometimes,South,Taxi,34,Anglophone
18,85,Medium,High,Yes,6,86,No,1,Medium,Private,3,High School,Near,Female,68,no,Littoral,Walk,125,Francophone
21,85,Medium,Low,Yes,7,52,Yes,3,Low,Private,3,High School,Near,Male,66,no,South West,Walk,93,Bilingual
26,89,Medium,Medium,Yes,8,59,Yes,1,Low,Public,4,High School,Near,Male,70,sometimes,Far North,Private car,31,Anglophone
11,85,Medium,Low,No,10,80,No,0,Low,Public,3,College,Near,Female,63,yes,Far North,Bus,76,Anglophone
8,99,Medium,High,Yes,6,73,Yes,1,Medium,Public,3,High School,Far,Female,68,yes,Adamawa,Private car,135,Bilingual
16,68,Low,Medium,Yes,4,92,No,1,Medium,Public,4,College,Near,Male,62,yes,Centre,Bus,189,Francophone
10,98,Medium,High,No,7,80,Yes,3,Medium,Private,3,College,Near,Male,69,sometimes,North,Bus,156,Bilingual
17,82,Medium,Medium,Yes,8,98,Yes,3,Medium,Public,4,High School,Moderate,Male,69,yes,North West,Taxi,128,Anglophone
23,87,Medium,Low,Yes,6,93,Yes,1,High,Private,4,Postgraduate,Near,Female,72,yes,West,Bike,136,Bilingual
15,64,High,Medium,Yes,7,67,Yes,2,Low,Public,3,High School,Near,Male,64,yes,South,Taxi,177,Francophone
11,75,Low,Medium,No,7,92,No,2,Low,Public,4,College,Moderate,Female,63,sometimes,Centre,Taxi,158,Anglophone
20,91,Medium,Medium,Yes,7,93,Yes,1,Low,Public,3,Postgraduate,Moderate,Male,70,sometimes,Adamawa,Taxi,90,Bilingual
25,88,Low,Medium,Yes,8,98,No,1,Low,Private,4,Postgraduate,Near,Male,69,yes,South West,Private car,120,Francophone
10,62,High,High,No,7,51,Yes,1,Medium,Private,2,High School,Near,Male,61,sometimes,West,Walk,126,Anglophone
25,82,High,High,No,8,94,Yes,2,Low,Public,3,High School,Moderate,Male,70,no,North West,Taxi,99,Bilingual
25,64,Medium,Medium,Yes,4,53,Yes,1,Medium,Public,2,College,Near,Male,64,sometimes,North West,Private car,152,Bilingual
26,100,High,High,Yes,6,76,Yes,0,Medium,Public,4,Postgraduate,Near,Male,76,no,South,Taxi,119,Anglophone
27,96,Medium,Medium,Yes,6,71,Yes,2,Medium,Public,2,College,Near,Female,73,sometimes,South West,Walk,96,Francophone
33,61,Low,Low,Yes,5,96,Yes,2,Medium,Public,3,High School,Near,Male,67,sometimes,Littoral,Private car,66,Bilingual
18,94,Medium,Medium,Yes,7,70,No,2,Medium,Public,3,College,Near,Female,69,sometimes,Adamawa,Bike,127,Bilingual
21,97,Medium,Medium,Yes,6,80,Yes,2,Medium,Private,4,College,Near,Male,72,no,East,Private car,124,Bilingual
18,74,Medium,Medium,No,6,85,Yes,4,Medium,Private,3,College,Moderate,Female,66,yes,Adamawa,Private car,198,Francophone
20,89,Medium,Medium,Yes,8,51,Yes,3,Medium,Public,3,Postgraduate,Near,Female,70,yes,South,Bike,46,Francophone
29,78,Medium,High,Yes,7,80,Yes,2,Medium,Public,4,Postgraduate,Near,Female,73,sometimes,Adamawa,Private car,151,Anglophone
12,86,High,Medium,Yes,5,76,No,2,High,Public,3,Postgraduate,Near,Female,68,yes,Centre,Private car,102,Bilingual
15,74,Medium,High,No,6,80,Yes,2,High,Public,3,Postgraduate,Moderate,Male,66,no,South West,Private car,42,Bilingual
28,73,Low,Medium,Yes,8,54,Yes,4,Medium,Private,1,High School,Near,Female,67,sometimes,South,Bus,55,Francophone
26,77,Medium,Low,No,7,53,No,3,Medium,Private,3,High School,Near,Female,67,no,West,Bike,67,Francophone
18,66,Medium,High,Yes,9,59,No,0,Low,Private,3,High School,Near,Male,62,yes,Centre,Private car,196,Anglophone
25,93,Low,Medium,No,8,93,Yes,2,Medium,Public,3,College,Near,Male,72,yes,Far North,Bus,39,Anglophone
22,74,Low,High,Yes,6,68,Yes,0,Medium,Public,4,High School,Far,Male,65,sometimes,South,Taxi,27,Francophone
29,76,Medium,Low,Yes,9,72,Yes,1,High,Public,3,High School,Near,Male,69,sometimes,East,Bus,150,Francophone
20,96,Medium,High,No,9,70,Yes,2,Low,Public,2,High School,Near,Male,69,sometimes,Far North,Bus,145,Bilingual
26,80,High,Medium,Yes,4,86,No,0,Low,Public,4,College,Moderate,Male,69,no,South West,Walk,157,Bilingual
36,82,Low,Low,Yes,7,63,Yes,0,Medium,Private,3,High School,Near,Male,69,no,South West,Private car,158,Francophone
24,98,Low,Medium,Yes,6,53,Yes,1,Medium,Public,2,High School,Near,Female,69,yes,West,Bike,109,Anglophone
20,95,Medium,High,Yes,7,69,Yes,0,Medium,Public,3,High School,Near,Male,70,yes,South,Bike,126,Bilingual
24,67,High,Low,No,6,86,Yes,6,Low,Private,3,Postgraduate,Moderate,Female,67,sometimes,North,Taxi,41,Bilingual
18,79,Medium,High,Yes,6,96,Yes,3,Medium,Public,3,Postgraduate,Near,Male,69,sometimes,Littoral,Taxi,39,Francophone
34,99,Medium,Medium,Yes,8,53,Yes,0,Medium,Public,5,College,Near,Male,75,no,South,Bike,101,Anglophone
21,75,Low,Medium,Yes,5,91,Yes,2,Low,Public,3,High School,Near,Male,66,sometimes,Centre,Walk,33,Francophone
18,75,Medium,Low,Yes,7,53,Yes,0,High,Public,2,High School,Near,Male,63,sometimes,West,Bus,69,Francophone
15,68,Medium,Medium,Yes,5,67,Yes,3,Medium,Private,4,Postgraduate,Moderate,Male,64,no,South West,Bike,164,Francophone
27,65,Medium,Medium,Yes,9,51,Yes,2,High,Private,2,Postgraduate,Moderate,Female,66,sometimes,Adamawa,Taxi,82,Francophone
25,90,Medium,Medium,Yes,7,96,Yes,1,Medium,Public,4,College,Moderate,Male,72,sometimes,North,Taxi,28,Anglophone
17,91,Medium,High,No,8,85,Yes,3,Medium,Public,4,College,Moderate,Female,71,sometimes,South West,Bike,80,Anglophone
23,99,Low,Medium,Yes,7,68,Yes,0,High,Private,2,High School,Far,Male,70,no,Littoral,Bus,177,Anglophone
11,91,High,Medium,No,7,69,Yes,2,Low,Private,2,College,Near,Male,67,sometimes,East,Bus,119,Francophone
21,70,Medium,Low,No,7,82,Yes,0,High,Public,3,High School,Near,Female,65,no,North,Bike,167,Francophone
23,62,High,High,Yes,9,54,Yes,3,Low,Private,4,High School,Near,Male,65,sometimes,Adamawa,Taxi,40,Francophone
30,99,Medium,Medium,Yes,6,57,Yes,0,Low,Public,4,Postgraduate,Near,Male,73,no,North,Private car,118,Francophone
15,74,Medium,Medium,Yes,4,92,Yes,1,Medium,Private,3,Postgraduate,Near,Male,66,yes,Littoral,Private car,32,Francophone
12,72,Low,Medium,Yes,6,60,Yes,0,Low,Public,4,Postgraduate,Near,Male,62,no,South West,Taxi,67,Bilingual
15,96,Medium,High,No,5,86,Yes,2,High,Private,2,High School,Near,Male,71,no,Adamawa,Private car,129,Anglophone
12,83,Medium,High,No,8,61,Yes,3,High,Public,5,High School,Near,Male,66,sometimes,South,Private car,178,Bilingual
28,69,High,High,Yes,7,54,No,1,Low,Public,2,College,Far,Male,65,yes,West,Bus,116,Bilingual
29,96,Medium,High,Yes,8,95,Yes,0,High,Private,2,High School,Near,Female,75,sometimes,Far North,Private car,166,Bilingual
22,100,High,Medium,No,7,95,Yes,2,Low,Public,4,College,Near,Male,74,no,West,Bike,179,Anglophone
27,63,Medium,Low,Yes,7,80,Yes,1,Medium,Private,3,High School,Moderate,Male,65,yes,East,Walk,196,Bilingual
21,94,Medium,Medium,No,7,73,Yes,2,Low,Private,3,Postgraduate,Near,Female,71,yes,Centre,Private car,164,Francophone
19,76,High,Low,Yes,9,78,Yes,1,Low,Public,1,Postgraduate,Near,Female,65,no,Littoral,Bike,117,Bilingual
18,81,Medium,Low,Yes,7,70,Yes,0,Low,Private,2,College,Near,Male,65,yes,East,Bus,24,Francophone
18,97,Medium,Low,No,9,88,Yes,0,Low,Public,4,High School,Moderate,Female,67,sometimes,East,Walk,189,Anglophone
11,99,Medium,Low,Yes,9,88,Yes,2,Low,Public,2,High School,Moderate,Male,67,yes,East,Private car,91,Bilingual
22,70,Medium,Medium,No,7,91,Yes,2,Medium,Public,1,High School,Near,Male,66,yes,North West,Bike,145,Bilingual
20,69,High,Medium,Yes,7,76,Yes,1,Medium,Public,3,High School,Near,Female,67,sometimes,Littoral,Bus,69,Bilingual
24,63,Medium,Medium,No,6,90,No,2,Low,Private,5,Postgraduate,Near,Female,66,sometimes,South,Private car,148,Anglophone
21,82,Low,High,No,9,58,Yes,0,Medium,Public,2,High School,Near,Male,65,sometimes,South West,Private car,165,Francophone
19,61,High,Medium,Yes,6,52,No,1,Low,Public,3,High School,Far,Female,59,yes,South,Private car,99,Bilingual
15,76,High,High,Yes,6,82,Yes,4,Low,Private,4,High School,Moderate,Female,69,no,North,Taxi,84,Anglophone
20,63,Medium,Medium,No,7,55,Yes,2,Low,Public,3,High School,Near,Male,63,yes,Far North,Bike,175,Bilingual
24,76,Low,Medium,No,5,78,Yes,1,Medium,Private,4,High School,Moderate,Male,65,yes,Centre,Walk,198,Bilingual
13,62,Medium,Low,No,6,86,Yes,2,Low,Public,4,High School,Near,Male,61,sometimes,North,Bike,55,Bilingual
21,93,Low,Medium,No,9,70,Yes,0,Medium,Public,1,Postgraduate,Far,Female,68,no,North,Taxi,132,Bilingual
21,68,Medium,High,Yes,8,52,Yes,3,Low,Public,2,College,Moderate,Male,65,no,Far North,Taxi,178,Bilingual
16,73,Low,Low,No,6,94,No,1,Low,Private,2,College,,Female,61,sometimes,Far North,Private car,24,Anglophone
16,95,Medium,High,Yes,8,52,Yes,0,Low,Private,3,Postgraduate,Moderate,Male,69,yes,South West,Bus,57,Francophone
21,90,Low,Medium,Yes,10,95,Yes,2,High,Private,4,College,Near,Male,72,yes,Littoral,Taxi,141,Bilingual
13,69,Medium,Low,Yes,7,53,No,2,Medium,Private,3,High School,Near,Female,59,no,North West,Taxi,113,Anglophone
22,63,Medium,Medium,No,9,87,Yes,0,High,Public,2,College,Moderate,Female,63,no,Littoral,Walk,63,Bilingual
15,89,Medium,Medium,Yes,8,96,Yes,3,Low,Public,3,High School,Near,Male,69,yes,North,Private car,45,Anglophone
26,76,Low,Low,No,7,95,Yes,1,Low,Public,1,Postgraduate,Near,Male,67,yes,East,Private car,86,Bilingual
34,91,Low,Medium,No,7,95,No,1,Medium,Public,3,College,Moderate,Male,70,no,East,Taxi,154,Francophone
15,78,Medium,High,No,8,94,Yes,0,Low,Private,4,Postgraduate,Moderate,Male,67,sometimes,West,Walk,138,Anglophone
23,74,Medium,Medium,Yes,6,76,No,1,Low,Public,2,College,Near,Male,66,yes,West,Bike,177,Anglophone
16,78,Medium,Medium,Yes,4,78,Yes,5,High,Public,3,High School,Near,Female,68,no,Centre,Bike,42,Anglophone
26,90,Low,High,Yes,6,81,Yes,1,Low,Private,3,Postgraduate,Near,Male,71,yes,Adamawa,Private car,175,Anglophone
12,96,High,Medium,No,4,95,Yes,3,Medium,Private,0,High School,Near,Male,69,yes,North West,Taxi,63,Anglophone
23,62,High,Medium,Yes,6,92,Yes,0,High,Public,2,,Moderate,Male,65,yes,Adamawa,Taxi,38,Anglophone
15,81,Medium,Medium,No,4,89,Yes,0,Low,Private,3,Postgraduate,Near,Female,66,yes,South West,Bus,126,Anglophone
19,61,Medium,High,Yes,8,84,Yes,2,Medium,Public,4,High School,Near,Male,66,sometimes,Littoral,Walk,128,Anglophone
14,79,High,Medium,No,5,81,Yes,3,High,Public,3,High School,Near,Female,67,sometimes,South,Taxi,160,Bilingual
25,95,High,Medium,Yes,8,96,Yes,1,Medium,Public,4,Postgraduate,Near,Male,74,no,Adamawa,Bike,155,Francophone
15,74,High,High,No,8,60,Yes,3,Low,Public,5,High School,Moderate,Male,66,sometimes,Far North,Private car,108,Anglophone
23,97,Medium,High,Yes,8,60,Yes,1,Medium,Public,3,College,Near,Male,72,yes,North West,Bike,104,Bilingual
18,85,High,Low,Yes,4,99,Yes,0,Low,Private,4,College,Near,Male,69,yes,West,Bike,150,Bilingual
19,97,Low,High,No,9,78,Yes,0,Medium,Private,4,High School,Moderate,Female,68,no,East,Bike,50,Anglophone
21,90,Medium,High,Yes,8,74,Yes,4,Low,Private,3,High School,Near,Male,71,no,South West,Taxi,153,Bilingual
15,64,Medium,Medium,No,8,93,Yes,0,Low,Public,2,High School,Near,Female,61,no,North West,Walk,69,Bilingual
21,69,Medium,Medium,Yes,10,92,Yes,2,Low,Private,3,High School,Near,Male,65,yes,Centre,Bike,172,Francophone
29,76,Medium,High,Yes,8,59,Yes,4,Low,Public,2,Postgraduate,Near,Male,71,no,North West,Private car,119,Bilingual
15,67,Low,Medium,Yes,5,59,Yes,0,Low,Private,3,High School,Near,Male,59,yes,South West,Bus,135,Anglophone
27,80,High,Medium,No,8,90,Yes,1,Medium,Public,3,Postgraduate,Near,Female,71,sometimes,North West,Taxi,152,Bilingual
29,79,Medium,High,No,5,89,Yes,0,High,Public,3,Postgraduate,Near,Female,72,sometimes,Littoral,Taxi,120,Anglophone
15,98,High,High,Yes,7,61,Yes,1,Low,Private,3,College,Moderate,Female,71,sometimes,South West,Bike,172,Bilingual
11,77,Low,Low,Yes,6,92,Yes,0,Low,Public,5,High School,Near,Male,61,yes,Far North,Private car,171,Anglophone
22,91,Medium,Medium,No,7,74,Yes,1,Medium,Private,2,College,Moderate,Female,67,yes,North,Walk,60,Anglophone
17,98,Medium,Medium,No,5,73,Yes,0,Low,Public,2,College,Moderate,Male,67,yes,South West,Bike,74,Bilingual
31,95,Medium,Medium,No,5,99,Yes,1,Medium,Private,4,High School,Near,Female,74,sometimes,Adamawa,Bus,50,Bilingual
20,68,High,High,No,6,76,Yes,2,Medium,Public,3,High School,Near,Female,66,yes,Littoral,Taxi,86,Francophone
15,80,Medium,Medium,Yes,7,57,Yes,1,Low,Private,4,High School,Near,Male,63,sometimes,South,Walk,44,Anglophone
13,74,Medium,Medium,No,6,64,Yes,4,High,Private,3,High School,Near,Male,63,no,South,Bus,74,Bilingual
27,76,High,High,No,9,67,Yes,1,Low,Public,4,High School,Far,Female,68,yes,Littoral,Bike,183,Francophone
17,74,Medium,Low,Yes,8,98,Yes,1,High,Public,3,High School,Near,Female,65,yes,West,Bike,142,Anglophone
20,93,Medium,Low,No,8,63,Yes,0,Low,Public,3,High School,Moderate,Male,66,sometimes,South,Walk,97,Anglophone
26,78,Medium,Medium,No,6,72,Yes,1,Low,Private,3,High School,Moderate,Female,67,no,Centre,Taxi,162,Anglophone
17,81,Medium,Medium,No,5,87,Yes,0,Low,Private,2,College,Near,Female,67,yes,Littoral,Private car,45,Francophone
20,99,Medium,Low,Yes,7,64,Yes,0,Medium,Public,4,High School,Near,Male,70,no,Far North,Bike,187,Anglophone
20,62,Low,Medium,Yes,10,85,Yes,5,Low,Private,4,High School,Near,Male,65,no,Far North,Bike,69,Francophone
24,80,Medium,Medium,Yes,7,60,Yes,1,High,Public,3,High School,Moderate,Female,68,sometimes,West,Bus,87,Anglophone
24,91,Medium,High,Yes,9,62,Yes,3,Low,Public,4,College,Moderate,Male,70,sometimes,Centre,Bike,141,Francophone
19,66,High,Low,No,9,99,Yes,1,Medium,Public,3,College,Near,Male,66,yes,West,Taxi,156,Anglophone
20,84,High,Medium,Yes,8,68,Yes,0,Low,Private,4,Postgraduate,Near,Male,69,yes,Far North,Private car,108,Francophone
18,70,Medium,Medium,No,7,86,Yes,1,High,Public,2,High School,Near,Female,65,sometimes,North West,Walk,128,Anglophone
11,95,Medium,Medium,Yes,6,92,No,2,Medium,Public,3,Postgraduate,Moderate,Female,68,yes,South,Walk,163,Bilingual
22,73,Low,Medium,Yes,7,67,Yes,3,High,Private,2,High School,Far,Male,65,no,North,Private car,72,Francophone
31,73,Medium,High,Yes,6,68,Yes,1,Medium,Public,3,High School,Near,Female,70,no,North,Taxi,48,Anglophone
15,84,Low,Low,Yes,7,89,Yes,1,Low,Public,3,High School,Near,Female,65,yes,West,Taxi,183,Anglophone
15,67,High,Medium,Yes,5,80,Yes,3,Medium,Public,4,College,Near,Male,67,yes,North West,Private car,37,Anglophone
15,71,High,Low,No,6,68,No,5,Low,Public,4,College,Near,Female,64,yes,Centre,Walk,83,Anglophone
24,77,Medium,Medium,No,8,87,Yes,2,Low,Public,1,Postgraduate,Moderate,Female,68,yes,North West,Bus,20,Francophone
23,74,Medium,High,Yes,6,93,Yes,4,High,Private,3,High School,Near,Female,70,yes,Littoral,Private car,186,Francophone
19,81,Low,High,Yes,6,62,No,1,Medium,Public,3,High School,Moderate,Female,64,no,Littoral,Private car,110,Bilingual
14,84,High,Medium,No,6,51,Yes,4,High,Public,3,High School,Near,Male,67,no,South West,Private car,33,Anglophone
21,83,High,High,No,7,64,Yes,2,Medium,Private,2,High School,Near,Male,68,sometimes,Centre,Private car,64,Anglophone
11,86,Medium,Medium,Yes,4,84,Yes,5,Low,Public,4,High School,Near,Male,67,yes,Far North,Walk,106,Bilingual
21,72,Medium,Low,Yes,6,96,Yes,4,High,Public,2,College,Moderate,Female,66,yes,Centre,Taxi,188,Francophone
25,65,Medium,High,Yes,8,93,No,2,Medium,Public,3,College,Moderate,Female,66,no,South West,Private car,179,Francophone
12,90,Medium,Low,Yes,7,61,Yes,2,Low,Private,2,High School,Near,Male,66,no,Centre,Taxi,143,Francophone
11,94,Low,Low,Yes,8,94,Yes,2,Low,Public,2,College,Near,Male,67,sometimes,Far North,Private car,97,Bilingual
29,70,Medium,Medium,Yes,4,91,Yes,2,Low,Public,3,College,Near,Male,69,sometimes,Adamawa,Walk,45,Francophone
16,76,Low,Medium,No,6,87,Yes,3,Low,Private,4,College,Near,Female,65,no,South,Private car,168,Anglophone
27,80,Low,Low,Yes,7,84,Yes,4,Low,Public,3,College,Moderate,Male,68,no,Adamawa,Taxi,135,Bilingual
19,81,Low,High,No,8,90,Yes,2,Low,Private,3,High School,Near,Female,67,yes,North West,Walk,70,Bilingual
19,86,Medium,Medium,Yes,9,93,Yes,1,Low,Public,3,College,Near,Male,69,no,South West,Taxi,58,Bilingual
23,62,Medium,Medium,No,8,91,No,3,High,Public,3,High School,Moderate,Male,64,yes,Littoral,Bus,52,Francophone
15,89,Medium,Medium,No,6,56,Yes,2,Medium,Public,4,College,Near,Male,67,yes,South,Bike,63,Bilingual
21,62,High,Medium,No,6,86,Yes,2,Medium,Private,4,High School,Near,Female,67,yes,North West,Bike,73,Bilingual
18,79,Medium,High,No,9,92,Yes,1,Low,Private,3,College,Near,Male,67,sometimes,South West,Private car,82,Francophone
12,93,Medium,High,No,6,59,Yes,2,Low,Private,3,High School,Moderate,Female,67,no,South West,Taxi,129,Bilingual
22,78,Medium,High,Yes,5,61,Yes,2,Low,Public,4,College,Near,Male,68,sometimes,Adamawa,Bus,185,Anglophone
18,66,Medium,Medium,Yes,7,89,Yes,4,Low,Public,3,High School,Near,Male,65,yes,South,Bike,28,Francophone
19,99,Low,High,No,9,67,Yes,3,High,Public,1,College,Moderate,Male,70,sometimes,Littoral,Taxi,155,Bilingual
13,96,Medium,Medium,No,6,70,Yes,1,Low,Public,3,College,Near,Female,68,no,South,Private car,50,Francophone
30,91,High,Low,Yes,6,69,Yes,2,Medium,Public,4,High School,Moderate,Female,72,no,Littoral,Bus,72,Anglophone
25,76,Medium,High,No,6,61,Yes,1,Medium,Public,3,Postgraduate,Far,Male,67,yes,Littoral,Bus,168,Bilingual
26,67,High,Low,Yes,8,97,Yes,2,Medium,Public,0,High School,Moderate,Female,66,yes,South West,Taxi,124,Francophone
18,98,Low,Low,Yes,7,90,Yes,0,High,Private,1,High School,Moderate,Male,68,sometimes,South West,Private car,188,Bilingual
10,81,Medium,High,No,8,63,Yes,1,Low,Public,2,,Near,Male,64,yes,Centre,Bike,172,Anglophone
32,94,Medium,High,Yes,9,55,Yes,4,Medium,Private,2,High School,Near,Male,75,no,South West,Bike,23,Bilingual
20,74,High,Low,Yes,5,69,Yes,1,Medium,Public,4,College,Moderate,Female,66,no,Littoral,Bike,65,Anglophone
16,73,High,High,Yes,6,71,Yes,0,Low,Public,4,Postgraduate,Near,Male,67,sometimes,North,Walk,188,Francophone
23,99,High,High,No,6,50,No,1,High,Private,5,High School,Near,Male,71,yes,Far North,Bus,129,Bilingual
27,81,Low,High,No,7,94,Yes,0,Low,Public,4,College,Moderate,Male,68,sometimes,South West,Walk,88,Francophone
20,66,Medium,Medium,Yes,8,93,Yes,2,Low,Public,3,High School,Near,Male,65,no,South West,Walk,127,Bilingual
28,69,Low,High,Yes,6,93,Yes,0,High,Public,3,College,Near,Male,67,no,North West,Walk,198,Francophone
26,79,Low,High,Yes,6,90,No,0,High,Private,2,College,Moderate,Male,66,sometimes,Adamawa,Bus,93,Bilingual
14,62,Low,Medium,No,8,87,Yes,1,Medium,Public,1,High School,Moderate,Male,60,yes,South West,Private car,112,Francophone
16,79,Medium,Medium,No,8,82,Yes,2,Low,Private,3,Postgraduate,Moderate,Female,64,yes,Adamawa,Bike,71,Anglophone
26,77,Medium,Medium,Yes,7,98,Yes,0,High,Public,1,Postgraduate,,Male,69,no,North,Bike,107,Anglophone
4,91,Medium,Medium,No,4,86,Yes,3,Low,Private,4,College,Moderate,Male,64,no,North West,Walk,41,Bilingual
19,74,Medium,High,No,9,82,Yes,2,Low,Private,3,High School,Moderate,Male,66,sometimes,Adamawa,Bus,142,Francophone
11,99,High,Medium,Yes,7,89,Yes,3,Low,Public,3,College,Near,Male,72,no,Far North,Bike,63,Bilingual
17,67,Low,Low,Yes,7,62,Yes,0,Low,Public,4,High School,Moderate,Female,60,no,East,Private car,71,Anglophone
18,84,Low,High,Yes,6,98,Yes,3,Medium,Public,3,High School,Near,Male,69,yes,North,Taxi,44,Francophone
18,64,Medium,Medium,Yes,6,51,Yes,2,Low,Public,1,High School,Near,Female,62,sometimes,East,Taxi,20,Bilingual
17,89,Medium,Medium,Yes,6,82,Yes,3,Medium,Private,3,College,Near,Female,70,no,North West,Private car,195,Bilingual
13,100,Low,Low,Yes,4,54,Yes,3,Low,Public,2,High School,Near,Female,65,yes,North,Bus,125,Francophone
34,93,High,Medium,Yes,6,93,Yes,2,Low,Public,4,High School,Near,Male,77,yes,Littoral,Bus,65,Bilingual
31,82,Medium,High,Yes,5,98,Yes,0,Low,Public,3,High School,Near,Male,71,sometimes,Far North,Taxi,114,Francophone
13,79,Medium,High,No,7,70,Yes,4,Low,Public,3,High School,Near,Female,66,no,Littoral,Private car,56,Francophone
29,93,Medium,Medium,No,5,93,Yes,2,Low,Public,3,Postgraduate,Near,Female,74,no,Far North,Walk,88,Bilingual
18,97,Medium,High,No,8,67,Yes,1,Medium,Public,3,High School,Near,Male,70,no,South,Taxi,92,Bilingual
21,100,Medium,Medium,No,5,58,Yes,2,Medium,Private,2,High School,Moderate,Male,69,no,Centre,Private car,49,Anglophone
20,76,Medium,Medium,No,9,64,Yes,2,Low,Public,2,College,Moderate,Male,64,sometimes,North,Walk,73,Francophone
16,100,Medium,Medium,Yes,8,65,Yes,1,High,Public,2,College,Moderate,Female,69,sometimes,Littoral,Private car,138,Francophone
26,66,High,High,Yes,5,82,Yes,1,Low,Public,3,High School,Near,Female,68,sometimes,Far North,Walk,128,Francophone
21,70,Medium,Low,Yes,7,90,No,1,Low,Public,4,High School,Moderate,Male,63,no,Centre,Taxi,178,Bilingual
17,64,Medium,Medium,Yes,6,60,Yes,1,Medium,Private,2,High School,Near,Male,61,no,East,Taxi,60,Anglophone
12,71,Medium,Medium,No,8,54,Yes,0,Low,Public,5,College,Near,Male,61,no,North,Private car,102,Francophone
15,91,Medium,Low,Yes,10,61,Yes,0,Low,Public,4,High School,Moderate,Male,65,yes,North,Bike,85,Francophone
10,94,Medium,High,No,9,65,Yes,3,Low,Private,2,High School,Moderate,Female,65,sometimes,Centre,Taxi,22,Francophone
20,91,High,Medium,Yes,6,64,Yes,0,High,Private,3,High School,Moderate,Female,69,yes,North West,Walk,184,Anglophone
13,85,High,High,Yes,7,61,Yes,3,Medium,Public,2,High School,Moderate,Female,69,yes,Centre,Taxi,129,Bilingual
18,81,Low,Medium,No,9,73,Yes,1,High,Public,2,High School,Near,Male,65,sometimes,West,Private car,70,Bilingual
28,88,Low,High,Yes,8,93,Yes,3,Low,Public,1,Postgraduate,Moderate,Female,72,no,Centre,Private car,54,Bilingual
27,76,High,High,Yes,9,55,Yes,3,Low,Private,0,High School,Moderate,Female,69,yes,Centre,Walk,104,Bilingual
20,94,High,Medium,Yes,8,93,Yes,1,Medium,Public,3,College,Moderate,Female,71,yes,Far North,Taxi,64,Francophone
19,87,Medium,Medium,Yes,7,75,Yes,2,Low,Public,3,High School,Moderate,Female,67,sometimes,Adamawa,Bike,125,Francophone
31,88,Medium,High,No,7,83,Yes,0,Low,Private,2,High School,Near,Male,72,no,South,Walk,142,Bilingual
23,81,High,High,No,5,91,Yes,0,High,Public,3,High School,Near,Female,70,yes,Adamawa,Taxi,32,Francophone
18,95,Low,Medium,Yes,6,65,Yes,1,Low,Public,3,High School,Near,Female,68,sometimes,Far North,Bike,26,Bilingual
11,70,Medium,Medium,No,6,98,Yes,3,High,Private,4,Postgraduate,Near,Female,66,sometimes,North,Taxi,102,Francophone
22,75,Medium,High,No,6,54,Yes,4,Low,Public,4,High School,Near,Male,68,yes,East,Taxi,126,Bilingual
25,91,High,Low,Yes,7,76,Yes,1,Low,Private,3,College,Near,Female,71,sometimes,North,Bike,160,Bilingual
16,80,Low,Medium,Yes,7,63,Yes,2,Low,Private,3,,Far,Male,63,no,Far North,Taxi,123,Francophone
22,96,Medium,High,No,7,70,No,2,Medium,Private,4,College,Moderate,Male,70,yes,Adamawa,Bike,134,Anglophone
18,74,Medium,High,No,8,72,Yes,1,Low,Public,2,College,Moderate,Male,65,yes,North West,Private car,160,Bilingual
19,75,High,High,Yes,6,96,Yes,2,Medium,Public,4,High School,Near,Female,70,sometimes,North West,Private car,20,Francophone
5,96,Medium,Low,Yes,8,72,Yes,3,Medium,Public,5,High School,Near,Male,65,sometimes,North West,Taxi,37,Francophone
19,79,High,High,Yes,9,85,Yes,0,Medium,Public,2,High School,Moderate,Male,68,sometimes,South,Walk,80,Francophone
26,81,High,Medium,Yes,8,98,Yes,1,Medium,Private,2,High School,Near,Female,69,no,West,Walk,196,Bilingual
16,73,Medium,Medium,Yes,6,75,Yes,3,Medium,Public,3,High School,Moderate,Female,66,yes,Littoral,Walk,141,Anglophone
20,71,Low,Medium,No,8,70,Yes,0,Medium,Private,3,High School,Far,Female,62,yes,Littoral,Walk,127,Bilingual
15,86,Medium,High,No,8,99,Yes,2,Medium,Public,5,High School,Near,Male,70,no,East,Bus,187,Francophone
22,65,High,Low,No,8,91,Yes,2,High,Public,2,College,Moderate,Female,65,no,North West,Private car,178,Bilingual
19,95,Low,High,Yes,9,97,Yes,0,Medium,Public,2,Postgraduate,Near,Male,71,no,East,Private car,132,Bilingual
14,91,Medium,High,Yes,8,70,Yes,2,Low,Private,0,Postgraduate,Moderate,Male,68,sometimes,Centre,Bus,31,Anglophone
28,68,Low,Low,Yes,9,85,Yes,0,Medium,Public,3,Postgraduate,Near,Male,65,yes,South West,Walk,110,Bilingual
26,88,Low,High,Yes,7,62,No,1,High,Private,2,High School,Near,Female,70,sometimes,Far North,Bus,111,Francophone
16,84,Medium,High,Yes,6,93,Yes,0,High,Public,3,High School,Moderate,Male,69,no,South,Walk,33,Anglophone
23,67,Medium,Low,Yes,9,97,Yes,1,Medium,Private,3,College,Moderate,Male,66,no,Centre,Bus,136,Francophone
23,71,Medium,Medium,Yes,6,63,Yes,1,Low,Public,5,,Moderate,Male,66,yes,South,Walk,138,Bilingual
24,76,High,Medium,No,10,55,Yes,2,Low,Public,4,High School,Near,Male,67,no,West,Bike,55,Francophone
10,88,Low,Medium,No,9,60,Yes,1,Low,Public,3,High School,Moderate,Female,63,no,Adamawa,Taxi,126,Anglophone
26,86,Low,High,Yes,7,82,Yes,2,Low,Private,3,High School,Moderate,Female,70,no,Adamawa,Private car,178,Bilingual
17,81,High,Medium,No,9,64,Yes,0,High,Public,3,High School,Far,Male,65,no,South,Bike,47,Bilingual
18,91,Medium,High,No,8,82,Yes,3,Medium,Private,2,High School,Moderate,Male,70,yes,North West,Bus,54,Bilingual
36,90,Medium,High,Yes,5,68,Yes,1,Low,Public,2,High School,Moderate,Male,74,yes,North,Walk,127,Anglophone
22,85,High,Medium,Yes,6,96,Yes,0,Low,Public,3,,Moderate,Female,69,yes,Far North,Private car,54,Bilingual
18,91,High,Medium,No,7,73,Yes,0,Low,Public,4,College,Near,Male,68,no,Littoral,Bus,89,Anglophone
7,73,Medium,Medium,Yes,7,75,Yes,1,High,Private,3,College,Near,Male,64,no,Centre,Taxi,120,Bilingual
28,95,High,Medium,No,9,67,Yes,2,Medium,Public,3,High School,Near,Male,73,sometimes,East,Private car,164,Bilingual
12,85,Medium,Medium,Yes,7,54,Yes,4,Low,Public,3,College,Moderate,Male,66,sometimes,North West,Bike,30,Anglophone
14,93,Medium,Low,Yes,5,75,Yes,0,Medium,Public,3,High School,Moderate,Male,65,no,Adamawa,Private car,161,Anglophone
18,82,High,Low,Yes,6,89,Yes,0,Medium,Private,1,College,Moderate,Male,66,no,North,Private car,150,Anglophone
28,69,Medium,Low,No,8,98,Yes,0,Medium,Public,5,High School,Near,Male,67,yes,North,Bike,172,Anglophone
25,82,Medium,High,No,4,54,Yes,0,Medium,Public,3,High School,Near,Male,67,yes,Adamawa,Bus,151,Francophone
19,75,Medium,Medium,Yes,5,90,Yes,0,Medium,Private,3,Postgraduate,Near,Female,66,sometimes,Centre,Taxi,35,Francophone
22,88,Medium,Low,Yes,6,63,Yes,3,Low,Public,3,Postgraduate,Near,Male,69,sometimes,South West,Bike,96,Bilingual
16,79,Medium,Medium,Yes,8,91,Yes,4,High,Private,1,Postgraduate,Near,Male,69,no,Littoral,Private car,122,Anglophone
21,93,Medium,Low,No,7,67,Yes,2,Low,Public,3,College,Far,Female,68,sometimes,North West,Private car,35,Francophone
20,87,Low,Low,No,8,56,No,1,High,Public,1,College,Near,Female,64,yes,North West,Taxi,104,Anglophone
26,87,Medium,Medium,Yes,7,81,Yes,1,High,Public,2,High School,Near,Male,70,yes,West,Taxi,123,Francophone
26,69,Medium,Medium,No,7,95,Yes,1,Low,Public,4,Postgraduate,Near,Female,67,yes,North,Walk,119,Bilingual
23,99,Low,Low,No,6,59,Yes,1,Medium,Public,3,High School,Far,Male,68,no,South,Bus,36,Anglophone
18,94,Medium,Medium,Yes,8,51,Yes,0,High,Public,3,College,Moderate,Female,67,no,North,Walk,75,Anglophone
24,92,High,Medium,Yes,5,94,Yes,1,Medium,Public,2,Postgraduate,Near,Female,73,no,South,Bike,175,Bilingual
19,73,Medium,Medium,Yes,7,85,Yes,1,Medium,Public,3,High School,Far,Male,65,sometimes,South,Bus,156,Bilingual
14,81,Medium,High,No,9,90,Yes,3,High,Public,3,Postgraduate,Near,Male,69,no,Far North,Private car,159,Bilingual
18,65,Medium,Medium,Yes,6,53,Yes,1,Medium,Private,3,Postgraduate,Near,Male,63,no,South,Bus,61,Anglophone
21,82,Medium,Medium,No,5,95,Yes,3,Low,Public,4,High School,Near,Female,68,sometimes,Far North,Bike,191,Francophone
25,66,Medium,High,No,4,71,Yes,0,Medium,Public,3,High School,Near,Female,64,sometimes,East,Walk,71,Francophone
19,82,Low,High,No,8,95,Yes,2,Low,Public,4,Postgraduate,Moderate,Female,68,sometimes,Adamawa,Bike,87,Anglophone
13,86,Medium,High,Yes,8,53,Yes,2,Low,Public,4,High School,Far,Male,66,no,Littoral,Private car,185,Anglophone
20,76,Medium,Medium,No,6,94,Yes,2,Low,Public,3,High School,Moderate,Male,65,sometimes,Far North,Bus,49,Anglophone
21,80,Medium,Medium,Yes,5,84,Yes,4,Low,Private,2,Postgraduate,Near,Female,69,yes,Littoral,Bike,151,Francophone
21,95,Low,Medium,No,7,78,Yes,2,Low,Public,2,High School,Near,Male,69,no,East,Private car,61,Francophone
26,64,Low,High,Yes,9,53,No,2,Low,Public,4,College,Near,Male,64,sometimes,South,Bus,139,Anglophone
26,92,High,High,No,5,84,Yes,0,Medium,Public,2,Postgraduate,Near,Male,74,sometimes,East,Bus,199,Anglophone
16,67,High,Medium,No,9,80,Yes,1,Low,Public,3,High School,Near,Female,64,sometimes,West,Bike,107,Francophone
16,61,Medium,Low,No,4,86,Yes,3,Medium,Public,4,High School,Near,Female,63,sometimes,North West,Bus,111,Francophone
14,67,High,Medium,Yes,5,86,No,0,High,Public,4,College,Moderate,Female,64,yes,North,Bike,117,Bilingual
24,91,Medium,Medium,Yes,7,72,Yes,3,Medium,Public,3,High School,Moderate,Male,71,yes,South West,Bike,176,Bilingual
29,76,Low,High,Yes,8,60,Yes,2,Medium,Public,3,High School,Near,Female,68,no,North,Bus,25,Anglophone
18,95,Medium,Medium,Yes,9,96,Yes,4,Medium,Public,4,College,Near,Female,72,yes,Littoral,Taxi,195,Bilingual
19,81,Medium,Low,Yes,8,96,Yes,1,Low,Private,4,Postgraduate,Near,Male,67,no,Centre,Bike,152,Bilingual
29,61,Medium,High,No,9,61,Yes,0,Low,Private,3,High School,Near,Male,64,no,West,Walk,22,Francophone
23,89,Medium,Low,No,7,82,Yes,2,High,Public,1,College,Near,Male,70,yes,North West,Private car,99,Anglophone
23,64,High,Medium,Yes,6,60,Yes,2,Medium,Public,3,College,Near,Female,65,sometimes,North West,Bus,134,Francophone
13,92,High,Medium,No,9,93,Yes,2,High,Public,2,College,Moderate,Male,69,yes,North West,Bike,115,Bilingual
24,67,High,Medium,No,9,55,Yes,2,Low,Public,2,College,Moderate,Male,65,yes,North,Bike,50,Anglophone
14,74,High,Medium,No,8,100,Yes,1,Low,Public,3,College,Near,Male,66,yes,East,Bus,70,Bilingual
13,90,High,Medium,No,8,81,Yes,0,Medium,Public,3,High School,Moderate,Female,67,no,South West,Private car,20,Francophone
18,98,Medium,Low,No,9,51,Yes,1,High,Public,4,College,Near,Male,68,sometimes,South,Bus,135,Bilingual
16,75,Medium,Medium,Yes,8,94,Yes,0,Medium,Private,3,High School,Moderate,Male,65,no,South,Private car,126,Francophone
19,93,Medium,Medium,No,7,84,No,0,Medium,Public,2,College,Near,Male,68,yes,West,Bike,106,Bilingual
11,68,Medium,High,Yes,8,85,No,2,Medium,Public,2,College,Near,Male,63,sometimes,Far North,Walk,168,Bilingual
26,92,Medium,Medium,No,8,64,Yes,1,Medium,Private,5,High School,Near,Male,71,no,South,Taxi,187,Francophone
27,86,High,Medium,No,8,67,Yes,1,Low,Public,4,College,Near,Male,71,no,South West,Walk,99,Bilingual
8,68,High,Medium,Yes,7,96,Yes,2,Low,Public,3,Postgraduate,Near,Female,65,sometimes,South,Walk,190,Francophone
26,72,Medium,Low,No,8,82,Yes,2,Medium,Public,2,Postgraduate,Far,Female,65,sometimes,East,Bike,180,Bilingual
15,65,Medium,Low,Yes,8,51,Yes,1,High,Public,3,High School,Moderate,Female,61,yes,Centre,Walk,184,Bilingual
25,75,High,High,Yes,7,66,Yes,0,Low,Public,4,High School,Near,Male,68,no,North,Bus,186,Anglophone
20,68,Low,Medium,Yes,6,80,Yes,4,Low,Private,4,College,Near,Female,65,sometimes,Centre,Private car,166,Francophone
20,86,Low,Medium,No,9,57,Yes,0,Medium,Public,4,High School,Moderate,Male,66,no,South West,Bike,23,Bilingual
19,100,High,Low,Yes,5,55,Yes,2,Low,Public,4,High School,Moderate,Male,69,no,Centre,Private car,94,Bilingual
27,60,High,High,No,6,53,Yes,3,Low,Private,2,High School,Moderate,Female,65,no,North West,Taxi,180,Bilingual
13,82,Medium,High,No,7,82,Yes,1,Low,Public,3,High School,Near,Female,65,no,Adamawa,Bike,128,Anglophone
24,83,High,Medium,No,4,66,Yes,2,Medium,Private,4,Postgraduate,Moderate,Male,70,yes,East,Bus,149,Bilingual
27,97,Medium,Medium,No,9,69,Yes,1,Low,Private,2,High School,Moderate,Female,70,sometimes,East,Bike,98,Francophone
24,80,Medium,Medium,Yes,7,53,Yes,2,Low,Public,4,High School,Near,Female,67,yes,North West,Bike,167,Francophone
34,82,Medium,High,Yes,9,87,Yes,3,Low,Public,4,High School,Near,Female,75,no,North West,Taxi,59,Francophone
17,79,Low,Low,Yes,10,88,Yes,3,Medium,Private,3,High School,Moderate,Female,65,no,West,Taxi,71,Bilingual
26,71,Medium,Medium,Yes,7,91,No,2,Low,Private,3,High School,Moderate,Female,66,sometimes,Littoral,Taxi,109,Anglophone
19,62,High,Medium,Yes,9,83,Yes,2,Medium,Public,3,College,,Male,67,no,South West,Bus,162,Bilingual
27,76,Low,Medium,Yes,5,89,Yes,0,Low,Private,4,Postgraduate,Far,Male,67,yes,Far North,Private car,163,Anglophone
20,62,Low,Medium,No,8,79,Yes,2,Low,Public,1,High School,Near,Female,62,sometimes,East,Taxi,88,Bilingual
18,82,Medium,Medium,Yes,6,75,Yes,0,Low,Private,4,College,Near,Male,66,sometimes,North,Walk,71,Bilingual
28,72,Low,High,No,8,63,Yes,1,Low,Public,2,,Near,Male,66,no,Centre,Bus,93,Bilingual
17,81,High,Low,Yes,8,53,Yes,0,Medium,Public,2,High School,Far,Male,64,sometimes,North,Taxi,192,Francophone
12,65,Low,Medium,No,7,65,Yes,2,Medium,Public,2,High School,Near,Male,60,yes,North West,Bike,87,Anglophone
17,97,Medium,Medium,Yes,8,84,No,3,Low,Private,3,Postgraduate,Near,Female,70,yes,Adamawa,Bus,115,Anglophone
24,96,Medium,Medium,No,8,96,Yes,2,Low,Public,3,College,Near,Female,72,sometimes,Centre,Bus,199,Bilingual
28,68,High,Medium,Yes,7,63,Yes,0,Low,Public,2,College,Near,Male,67,no,South,Private car,137,Francophone
21,74,Medium,High,Yes,10,83,Yes,1,High,Public,3,High School,Moderate,Female,67,yes,North West,Private car,133,Francophone
28,85,Medium,Medium,Yes,7,74,Yes,1,Medium,Public,3,Postgraduate,Near,Female,72,yes,South,Bus,188,Anglophone
12,64,High,High,Yes,9,81,No,1,High,Public,3,High School,Moderate,Male,63,no,South West,Private car,147,Anglophone
17,74,Low,Medium,No,9,50,Yes,0,Low,Public,2,High School,Far,Female,60,no,West,Private car,165,Anglophone
18,70,Medium,Medium,Yes,4,56,Yes,1,High,Public,4,High School,Near,Male,65,sometimes,South West,Private car,195,Bilingual
19,97,High,Medium,Yes,9,61,Yes,2,Medium,Public,1,Postgraduate,Moderate,Male,72,yes,South,Bus,114,Anglophone
21,94,Medium,High,No,9,95,Yes,0,Medium,Private,3,High School,Near,Male,70,yes,Far North,Walk,164,Francophone
24,83,High,Medium,Yes,7,52,Yes,1,Medium,Public,4,College,Near,Female,71,sometimes,North,Walk,127,Anglophone
17,81,Low,Medium,Yes,8,78,Yes,1,Low,Private,4,College,Moderate,Male,66,yes,North West,Bus,35,Anglophone
21,97,Low,Medium,Yes,8,96,Yes,2,Low,Public,4,College,Moderate,Female,72,yes,Adamawa,Walk,116,Francophone
20,97,Low,Medium,Yes,9,83,Yes,3,Medium,Public,3,Postgraduate,Near,Female,73,yes,Littoral,Bike,76,Francophone
14,99,High,Medium,Yes,6,74,Yes,2,Medium,Public,3,College,Near,Male,71,yes,North West,Bike,74,Anglophone
19,65,High,Low,No,9,69,Yes,4,Low,Public,2,College,Far,Male,64,sometimes,West,Private car,141,Francophone
19,66,Medium,High,Yes,5,81,Yes,1,High,Private,3,College,Moderate,Male,66,no,South West,Walk,111,Francophone
19,87,Medium,Medium,No,4,74,Yes,1,High,Public,3,College,Near,Male,69,yes,Far North,Bus,101,Anglophone
20,82,Low,Medium,No,8,85,Yes,1,Medium,Private,3,Postgraduate,Near,Female,66,yes,Littoral,Bus,186,Bilingual
20,61,Medium,High,No,9,81,Yes,0,High,Public,2,High School,Near,Male,63,yes,North,Bike,100,Bilingual
17,62,Medium,Medium,Yes,7,78,Yes,0,Medium,Public,3,High School,Near,Male,62,yes,North West,Bike,117,Bilingual
28,96,High,Low,Yes,4,98,Yes,1,High,Public,3,High School,Near,Male,98,yes,North West,Walk,74,Bilingual
13,95,High,High,Yes,5,92,Yes,1,Medium,Private,2,College,Near,Female,71,sometimes,West,Bike,195,Anglophone
16,74,High,Medium,No,8,80,Yes,0,Low,Public,4,Postgraduate,Near,Female,66,no,Adamawa,Walk,22,Anglophone
37,96,Medium,Medium,No,7,77,Yes,2,Medium,Public,3,High School,Moderate,Female,75,sometimes,Adamawa,Walk,160,Bilingual
14,84,High,Medium,Yes,9,86,Yes,1,Low,Private,4,High School,Near,Female,68,sometimes,West,Bike,112,Francophone
12,92,High,Medium,No,7,90,Yes,2,Medium,Public,5,High School,Near,Male,69,no,Far North,Taxi,62,Francophone
24,77,Medium,Low,Yes,6,65,Yes,2,Medium,Private,3,High School,Near,Male,68,no,South,Walk,28,Anglophone
8,65,Medium,Medium,No,7,83,Yes,3,Medium,Public,4,High School,Near,Female,60,sometimes,South West,Private car,63,Francophone
19,77,Medium,Low,No,9,57,Yes,4,Medium,Public,3,High School,Near,Female,64,yes,Far North,Bike,71,Bilingual
33,78,Medium,Medium,No,9,72,Yes,4,Medium,Public,3,High School,Moderate,Male,71,no,Centre,Bus,73,Anglophone
11,82,High,High,No,7,97,Yes,2,High,Public,3,College,Near,Male,69,yes,North,Private car,67,Anglophone
8,64,Medium,Medium,Yes,7,66,Yes,1,Low,Private,3,College,Near,Male,60,sometimes,East,Private car,175,Francophone
11,100,High,High,Yes,8,58,Yes,1,Low,Private,3,College,Near,Female,70,no,Far North,Taxi,152,Bilingual
25,70,Low,Medium,Yes,6,57,Yes,4,Medium,Private,3,High School,Near,Male,66,yes,West,Walk,44,Anglophone
27,68,High,Medium,No,8,70,Yes,0,Medium,Private,3,Postgraduate,Near,Male,68,no,East,Private car,95,Francophone
17,81,High,Low,No,7,61,Yes,2,High,Public,2,College,Near,Female,67,sometimes,North,Private car,155,Francophone
24,81,Medium,Medium,Yes,7,71,Yes,1,Medium,Public,3,College,Near,Male,70,no,Far North,Taxi,100,Bilingual
28,78,High,Medium,Yes,7,86,Yes,0,Low,Public,2,College,Moderate,Male,69,yes,South West,Private car,124,Francophone
31,91,Medium,High,Yes,7,94,Yes,2,High,Public,3,High School,Far,Male,75,yes,Littoral,Taxi,129,Anglophone
19,81,Medium,Low,Yes,10,56,Yes,1,Medium,Public,3,High School,Near,Male,65,no,North West,Taxi,122,Anglophone
6,84,Medium,Medium,Yes,6,88,Yes,1,Low,Private,5,Postgraduate,Moderate,Male,65,no,South,Bike,96,Anglophone
15,89,Medium,Low,No,6,55,Yes,1,Medium,Public,4,Postgraduate,Moderate,Male,66,yes,Centre,Bike,136,Bilingual
17,61,High,Medium,Yes,9,69,Yes,1,Medium,Public,3,High School,Far,Male,64,yes,North,Taxi,67,Anglophone
18,83,Low,Medium,No,8,100,Yes,1,Low,Private,2,High School,Near,Female,66,no,North West,Bus,35,Anglophone
19,95,Medium,High,Yes,8,53,Yes,3,Low,Public,1,High School,Moderate,Female,70,no,Adamawa,Private car,171,Bilingual
27,61,High,Low,No,5,51,Yes,1,Low,Private,1,College,Far,Male,63,yes,North,Walk,67,Anglophone
28,76,Low,Low,No,7,67,Yes,1,High,Public,4,College,Near,Male,66,yes,South,Taxi,140,Bilingual
19,97,Low,Medium,Yes,8,98,Yes,1,Medium,Public,3,College,Near,Female,71,yes,West,Private car,126,Anglophone
27,74,Medium,High,No,6,51,Yes,2,Medium,Private,4,High School,Far,Male,68,no,Littoral,Bike,75,Anglophone
22,78,Medium,Medium,Yes,8,61,Yes,2,High,Public,5,High School,Moderate,Male,68,no,Centre,Walk,140,Francophone
20,99,Low,Medium,No,7,80,Yes,0,Medium,Public,3,Postgraduate,Near,Male,71,no,South,Walk,115,Francophone
25,68,Low,Medium,No,6,62,Yes,1,Low,Private,4,College,Moderate,Female,63,yes,Adamawa,Bus,156,Anglophone
20,63,Low,Low,No,9,53,Yes,1,Medium,Public,4,High School,Near,Male,60,no,Littoral,Walk,28,Anglophone
32,94,Medium,High,Yes,9,53,Yes,1,Medium,Public,3,High School,Near,Female,73,no,North West,Private car,111,Bilingual
11,95,Medium,Medium,Yes,7,78,Yes,4,Medium,Private,4,High School,Near,Female,68,yes,Far North,Private car,56,Francophone
17,79,High,High,Yes,8,78,Yes,2,High,Public,5,High School,Near,Female,70,sometimes,North West,Bus,119,Bilingual
19,81,Medium,Medium,Yes,9,85,Yes,1,Low,Public,1,High School,Moderate,Male,66,yes,Far North,Bike,56,Francophone
23,93,High,Medium,No,6,57,Yes,1,High,Public,2,Postgraduate,Near,Female,72,no,South,Bike,39,Anglophone
28,90,High,Low,Yes,8,75,Yes,1,Low,Public,3,High School,Moderate,Male,70,yes,North West,Bus,124,Bilingual
20,71,High,High,Yes,6,80,Yes,2,High,Public,3,High School,Near,Male,68,sometimes,North,Bike,21,Anglophone
11,61,Medium,Medium,Yes,5,61,Yes,3,Medium,Public,0,Postgraduate,Near,Male,60,yes,Adamawa,Taxi,115,Bilingual
25,79,High,Medium,No,6,77,No,2,Low,Public,3,High School,Near,Male,68,yes,Adamawa,Walk,172,Francophone
25,94,High,High,No,5,85,Yes,1,Medium,Public,2,College,Near,Female,74,yes,East,Bus,85,Bilingual
8,96,Medium,Medium,Yes,8,100,Yes,1,High,Public,4,High School,Moderate,Male,68,no,Littoral,Bike,132,Francophone
20,98,Low,Medium,Yes,6,80,Yes,4,Medium,Public,4,College,Near,Male,72,sometimes,South,Taxi,27,Anglophone
10,95,Medium,High,Yes,5,93,Yes,0,Low,Public,3,High School,Moderate,Male,69,sometimes,South West,Walk,143,Bilingual
16,83,Low,Medium,Yes,8,92,Yes,2,High,Public,4,Postgraduate,Near,Female,98,yes,Centre,Bike,98,Anglophone
15,78,Medium,High,No,8,97,Yes,1,Medium,Public,4,Postgraduate,Near,Male,68,no,West,Walk,187,Bilingual
25,91,Medium,Low,No,7,86,Yes,0,Medium,Public,5,High School,Near,Female,70,sometimes,Far North,Taxi,141,Francophone
21,90,Medium,Medium,No,8,61,Yes,1,High,Public,4,Postgraduate,Moderate,Female,69,no,Littoral,Private car,113,Francophone
12,82,High,Low,No,6,65,Yes,3,Medium,Private,3,High School,Near,Female,64,no,South,Bike,131,Francophone
25,63,Medium,Low,No,6,89,Yes,1,Medium,Private,4,High School,Moderate,Male,65,yes,Centre,Bus,152,Bilingual
11,97,Medium,Medium,No,8,76,Yes,2,Medium,Public,2,High School,Moderate,Female,69,no,South,Bike,170,Bilingual
22,78,Medium,Low,No,9,63,Yes,2,Medium,Public,4,High School,Near,Male,67,sometimes,Littoral,Bus,152,Francophone
15,75,Medium,High,No,6,83,Yes,1,High,Private,2,High School,Near,Female,65,yes,West,Taxi,158,Francophone
18,85,Medium,High,Yes,6,95,Yes,2,Low,Private,4,College,Near,Female,70,yes,Far North,Taxi,58,Bilingual
23,87,High,Low,No,8,68,Yes,0,High,Private,3,College,Far,Male,68,sometimes,West,Taxi,33,Bilingual
23,68,Medium,Medium,Yes,8,80,Yes,1,Medium,Public,1,High School,Near,Female,65,no,Adamawa,Walk,44,Francophone
28,93,Medium,Medium,No,7,79,Yes,0,Medium,Public,4,Postgraduate,Near,Male,74,sometimes,North,Bike,108,Anglophone
20,72,Medium,Medium,Yes,9,56,Yes,4,High,Public,2,High School,Near,Male,65,sometimes,North,Private car,157,Bilingual
22,67,High,High,Yes,10,55,Yes,1,Low,Public,2,High School,Moderate,Male,65,sometimes,West,Bike,161,Anglophone
17,76,High,Medium,Yes,8,94,Yes,3,Medium,Public,4,High School,Moderate,Female,68,sometimes,South,Bike,30,Francophone
21,89,Medium,Medium,No,6,97,No,1,Low,Private,3,Postgraduate,Far,Female,68,yes,Centre,Walk,192,Bilingual
23,99,Medium,Medium,No,8,95,Yes,5,Medium,Public,4,High School,Moderate,Female,74,yes,Adamawa,Taxi,159,Bilingual
19,92,High,Medium,No,6,70,Yes,2,Medium,Private,3,,Near,Female,71,sometimes,North West,Walk,41,Bilingual
9,98,High,Medium,Yes,9,64,Yes,1,Low,Private,3,High School,Near,Male,67,no,North,Private car,190,Francophone
22,66,Medium,Medium,Yes,6,97,Yes,0,High,Public,3,High School,Moderate,Female,64,yes,East,Private car,28,Francophone
22,63,Low,Low,Yes,7,94,Yes,0,Medium,Public,3,High School,Far,Male,61,yes,Centre,Walk,149,Anglophone
16,82,Medium,Medium,No,6,91,Yes,0,Low,Public,3,High School,Near,Female,66,yes,North,Private car,31,Anglophone
12,72,Medium,Medium,No,7,67,Yes,0,Low,Public,2,High School,Near,Female,61,yes,Far North,Taxi,51,Francophone
29,93,Medium,High,No,7,82,Yes,5,Low,Public,3,High School,Moderate,Male,73,sometimes,East,Walk,137,Bilingual
23,87,Low,Medium,No,8,88,Yes,2,Medium,Public,3,High School,Near,Male,70,sometimes,East,Private car,55,Bilingual
19,99,Low,Medium,No,7,79,Yes,2,Low,Private,2,Postgraduate,Near,Male,70,no,Centre,Bus,48,Anglophone
13,70,Medium,Low,Yes,7,80,Yes,1,High,Public,4,College,Far,Female,63,no,East,Taxi,106,Anglophone
15,79,High,Medium,Yes,6,88,Yes,3,High,Public,3,Postgraduate,Moderate,Male,69,sometimes,Littoral,Private car,129,Bilingual
28,80,High,High,No,7,88,Yes,2,High,Public,2,High School,Near,Male,72,yes,North,Bike,40,Bilingual
21,70,Medium,High,Yes,5,62,Yes,2,Low,Public,2,,Near,Female,66,no,Centre,Taxi,84,Anglophone
17,84,High,High,No,9,70,Yes,1,High,Public,4,High School,Near,Male,68,no,West,Bike,148,Francophone
23,78,Medium,High,No,7,89,Yes,1,Medium,Public,3,High School,Far,Male,67,yes,North,Bus,78,Anglophone
15,78,Medium,High,Yes,9,63,No,2,Medium,Private,3,Postgraduate,Far,Female,65,yes,Littoral,Private car,39,Bilingual
29,75,Low,Medium,Yes,7,96,Yes,2,Low,Public,3,High School,Moderate,Male,68,no,North,Walk,41,Bilingual
28,61,High,Medium,Yes,4,92,Yes,1,Medium,Private,4,College,Near,Female,68,sometimes,North,Walk,127,Bilingual
17,81,High,Medium,No,6,95,Yes,2,Medium,Private,3,High School,Near,Male,69,yes,North West,Private car,23,Bilingual
16,73,High,High,Yes,7,65,Yes,1,Medium,Private,4,College,Moderate,Male,66,no,Littoral,Bike,168,Bilingual
4,60,Medium,Medium,Yes,7,55,Yes,2,Low,Private,2,Postgraduate,Near,Male,58,no,East,Bike,185,Anglophone
11,72,High,Low,No,8,55,Yes,0,Medium,Public,3,College,,Male,60,sometimes,North,Bus,66,Bilingual
12,71,High,High,Yes,7,78,Yes,3,Low,Public,4,College,Moderate,Female,67,no,Littoral,Taxi,137,Francophone
21,76,Medium,Medium,Yes,6,65,Yes,2,Low,Public,2,High School,Near,Female,65,sometimes,Centre,Bus,189,Francophone
18,65,High,Medium,Yes,6,63,Yes,1,Low,Public,2,High School,Far,Male,62,yes,South,Walk,129,Anglophone
12,80,Medium,High,Yes,6,61,Yes,0,High,Private,2,High School,Near,Male,65,sometimes,Littoral,Taxi,23,Bilingual
18,88,High,High,No,8,78,Yes,0,Medium,Public,2,College,Moderate,Male,69,sometimes,South,Bus,167,Bilingual
23,85,Low,High,No,8,77,Yes,0,High,Public,4,College,Near,Male,70,yes,Littoral,Taxi,162,Anglophone
23,92,Low,High,Yes,6,71,Yes,2,Low,Public,2,High School,Moderate,Male,70,no,East,Bike,168,Anglophone
9,78,High,Medium,No,9,57,Yes,1,Low,Public,5,High School,Moderate,Female,63,yes,South,Private car,100,Bilingual
19,81,Low,Medium,Yes,8,96,Yes,0,Medium,Public,4,Postgraduate,Near,Male,69,sometimes,West,Taxi,89,Bilingual
12,92,Low,Medium,No,6,71,Yes,0,Medium,Private,4,High School,Near,Male,64,yes,Centre,Bus,80,Anglophone
25,77,Medium,High,No,7,56,Yes,1,Low,Public,3,Postgraduate,Near,Male,69,no,Adamawa,Taxi,154,Francophone
25,88,High,Medium,Yes,8,52,Yes,1,Medium,Public,2,High School,Near,Male,70,yes,Littoral,Private car,99,Francophone
15,77,Medium,Medium,Yes,5,58,Yes,1,Low,Public,3,College,Moderate,Female,64,no,Centre,Taxi,113,Francophone
15,77,High,Medium,Yes,5,65,No,2,Low,Public,4,Postgraduate,Near,Male,65,yes,Adamawa,Bus,121,Anglophone
17,90,High,Medium,No,8,82,Yes,0,Medium,Public,4,College,Near,Male,70,yes,Far North,Private car,86,Anglophone
6,67,Medium,Low,Yes,6,99,Yes,0,Medium,Private,2,College,Near,Male,60,no,West,Bus,44,Francophone
22,74,Medium,High,Yes,9,64,Yes,3,Medium,Public,3,High School,Near,Female,68,yes,North West,Bus,149,Anglophone
18,69,Low,Low,Yes,10,89,Yes,2,Low,Public,1,High School,Moderate,Male,61,no,East,Bike,139,Anglophone
26,74,Medium,Low,Yes,8,96,Yes,2,Medium,Private,3,High School,Near,Female,68,no,Centre,Walk,159,Bilingual
13,69,Medium,Low,No,8,70,Yes,1,High,Private,3,High School,Moderate,Male,61,yes,Adamawa,Walk,51,Anglophone
16,83,Low,Medium,No,5,63,Yes,2,High,Private,3,High School,Moderate,Female,64,no,Adamawa,Taxi,67,Bilingual
11,92,Medium,Medium,No,5,75,Yes,2,Medium,Public,3,High School,Near,Female,66,yes,Far North,Private car,185,Francophone
14,91,Medium,Medium,Yes,7,95,Yes,2,High,Public,2,High School,Moderate,Male,70,yes,Adamawa,Bus,106,Bilingual
13,75,High,High,Yes,5,51,Yes,3,Medium,Private,3,High School,Near,Female,65,sometimes,Adamawa,Private car,157,Anglophone
26,100,Medium,High,Yes,7,74,Yes,1,Medium,Public,2,High School,Near,Female,74,sometimes,West,Bike,162,Francophone
16,84,High,High,No,6,88,Yes,1,Medium,Private,1,High School,Near,Male,66,sometimes,Littoral,Bike,194,Anglophone
21,76,Low,Medium,Yes,7,80,Yes,3,Low,Public,2,College,Near,Male,65,no,South,Bike,114,Francophone
18,93,Low,High,No,7,75,Yes,1,High,Private,1,College,Moderate,Female,69,no,Far North,Bike,182,Anglophone
12,89,Medium,High,Yes,8,78,Yes,4,Low,Public,5,Postgraduate,Near,Female,69,sometimes,East,Private car,44,Francophone
19,90,Low,High,No,7,81,Yes,2,Medium,Private,2,High School,Near,Female,69,yes,Centre,Private car,35,Bilingual
24,68,High,Low,No,6,84,Yes,1,Low,Public,4,High School,Near,Female,66,yes,North West,Private car,20,Anglophone
13,79,Medium,Low,No,5,68,No,2,High,Private,3,High School,Near,Female,63,yes,West,Bike,141,Bilingual
25,94,Medium,Low,Yes,7,76,Yes,1,Low,Private,2,High School,Moderate,Female,69,no,North West,Walk,149,Bilingual
15,80,Medium,High,Yes,4,64,Yes,1,Medium,Public,1,High School,Near,Male,65,yes,East,Bike,165,Bilingual
17,87,Medium,Medium,No,9,99,Yes,1,Medium,Private,3,High School,Moderate,Male,67,sometimes,West,Walk,86,Francophone
23,84,Medium,Medium,No,8,59,Yes,1,Low,Public,4,Postgraduate,Far,Female,66,sometimes,West,Bus,75,Bilingual
16,94,Low,Medium,Yes,8,58,Yes,2,Low,Public,3,College,Near,Male,67,sometimes,East,Bus,128,Francophone
20,71,Low,High,Yes,6,63,Yes,1,Low,Public,2,College,Moderate,Male,65,yes,South West,Walk,101,Francophone
18,83,Medium,High,No,8,96,Yes,0,Medium,Public,4,Postgraduate,Near,Female,69,sometimes,Centre,Bike,64,Francophone
21,65,Low,High,No,6,83,Yes,3,Low,Public,5,High School,Near,Male,65,sometimes,Centre,Bike,72,Bilingual
6,88,High,High,Yes,7,73,Yes,3,Low,Private,3,College,Near,Male,67,sometimes,North,Walk,96,Bilingual
9,89,Medium,Medium,Yes,6,96,Yes,0,High,Public,4,High School,Near,Male,66,yes,Adamawa,Taxi,77,Bilingual
24,62,Low,Medium,No,7,95,Yes,1,High,Public,3,College,Far,Female,64,no,Littoral,Bike,61,Anglophone
26,87,Medium,High,No,5,70,Yes,1,Low,Private,2,High School,Near,Female,70,sometimes,Littoral,Walk,23,Bilingual
15,77,Medium,High,Yes,7,78,Yes,0,Low,Public,3,High School,Moderate,Male,65,no,Adamawa,Walk,185,Anglophone
19,65,Low,Medium,Yes,5,95,Yes,2,Medium,Private,4,College,Near,Male,65,no,South West,Bus,124,Francophone
22,77,Low,Low,No,10,66,Yes,2,Low,Public,3,College,Moderate,Male,64,no,Far North,Bus,48,Francophone
24,68,Medium,Low,Yes,7,70,Yes,1,Low,Public,3,College,Near,Male,64,sometimes,West,Bike,185,Anglophone
8,77,Medium,Low,Yes,7,90,Yes,1,Medium,Public,0,High School,Moderate,Male,61,yes,Adamawa,Private car,125,Bilingual
15,75,High,Medium,No,8,85,Yes,1,Low,Public,3,High School,Near,Male,65,no,South,Bus,119,Anglophone
18,90,High,Medium,Yes,5,52,Yes,5,Medium,Private,3,High School,Moderate,Male,68,no,Far North,Bike,49,Anglophone
24,91,Low,High,Yes,6,56,Yes,1,Low,Public,2,College,Moderate,Male,70,no,West,Private car,34,Bilingual
35,84,Low,Medium,Yes,8,92,Yes,6,Low,Public,4,High School,Moderate,Male,74,sometimes,Littoral,Bike,151,Francophone
19,61,Medium,Medium,No,7,51,Yes,1,Low,Public,1,High School,Near,Female,60,sometimes,South West,Taxi,84,Francophone
12,97,High,Low,Yes,6,96,Yes,2,Low,Public,2,Postgraduate,Near,Female,71,yes,Far North,Bus,139,Anglophone
22,87,High,High,Yes,8,64,No,2,Medium,Public,3,High School,Moderate,Female,70,no,North,Private car,64,Bilingual
28,61,Low,Medium,Yes,7,80,Yes,2,Medium,Public,4,Postgraduate,Near,Female,67,sometimes,Littoral,Taxi,27,Anglophone
21,93,Medium,Medium,Yes,8,78,No,0,Low,Private,3,High School,Near,Male,68,sometimes,North West,Taxi,179,Anglophone
15,68,High,Medium,No,8,70,Yes,3,Medium,Public,3,High School,Near,Female,64,yes,Centre,Taxi,109,Francophone
26,83,High,Low,No,6,52,Yes,0,Low,Public,3,High School,Near,Male,67,sometimes,West,Bus,157,Bilingual
24,79,Low,Low,No,7,60,Yes,0,Low,Public,3,Postgraduate,Near,Female,65,sometimes,East,Bike,36,Bilingual
14,77,Medium,Medium,Yes,4,81,Yes,3,Medium,Private,3,College,,Female,66,yes,West,Walk,63,Bilingual
22,96,Medium,Medium,Yes,6,72,Yes,1,High,Public,4,College,Near,Female,72,sometimes,Far North,Private car,139,Bilingual
26,77,Low,Medium,Yes,7,71,Yes,3,High,Public,3,High School,,Female,69,yes,North,Private car,178,Anglophone
27,63,Medium,Medium,Yes,8,55,Yes,1,Medium,Private,3,Postgraduate,Near,Female,65,yes,Littoral,Bike,31,Francophone
20,98,Low,High,Yes,8,67,Yes,0,High,Public,3,High School,Near,Female,71,no,Adamawa,Private car,100,Francophone
18,97,High,High,Yes,6,76,Yes,0,Medium,Public,5,High School,Moderate,Male,72,sometimes,North West,Walk,190,Francophone
27,87,High,Medium,No,6,54,Yes,0,Medium,Private,2,High School,Near,Female,70,sometimes,East,Walk,159,Francophone
13,79,High,Medium,No,9,53,No,1,Medium,Private,2,College,Moderate,Male,63,no,South,Private car,159,Anglophone
23,64,Medium,Medium,No,7,75,Yes,2,Medium,Public,2,,Near,Female,66,sometimes,Far North,Bus,188,Bilingual
12,92,Low,Low,Yes,7,78,Yes,3,Medium,Public,2,College,Near,Male,67,no,East,Taxi,188,Francophone
26,63,Medium,High,No,8,63,Yes,1,High,Public,3,Postgraduate,Near,Male,67,yes,South West,Bike,76,Anglophone
18,63,Medium,Medium,Yes,7,66,Yes,2,Medium,Private,2,College,Near,Female,62,sometimes,South,Private car,76,Francophone
28,81,Medium,High,Yes,7,90,Yes,3,Medium,Private,3,High School,Moderate,Male,72,no,Adamawa,Bus,169,Anglophone
23,66,Medium,High,Yes,7,93,Yes,1,High,Public,1,High School,Near,Female,69,sometimes,South,Private car,126,Anglophone
13,60,Medium,Medium,Yes,6,66,Yes,1,Medium,Public,5,College,Moderate,Male,61,sometimes,Littoral,Bike,147,Francophone
29,77,Medium,Low,Yes,7,68,Yes,1,Medium,Public,3,High School,Far,Female,67,yes,Adamawa,Bike,31,Francophone
29,65,Low,Medium,Yes,4,92,No,0,Medium,Private,4,High School,Near,Female,66,no,West,Bus,171,Francophone
25,66,Medium,Medium,Yes,6,99,Yes,2,Medium,Public,3,College,Near,Female,68,no,Littoral,Private car,141,Bilingual
15,63,Medium,High,No,8,66,Yes,1,Low,Private,4,College,Near,Male,62,no,South West,Private car,59,Francophone
18,68,High,Low,Yes,8,89,Yes,0,Medium,Public,3,College,Far,Male,63,no,North,Taxi,47,Francophone
21,89,Medium,Medium,Yes,9,74,Yes,3,Low,Private,4,High School,Moderate,Female,70,no,North,Bus,171,Francophone
16,92,Low,High,Yes,8,63,Yes,2,Low,Public,4,College,Moderate,Male,68,no,North,Taxi,45,Anglophone
30,78,Medium,High,Yes,8,84,Yes,1,High,Private,1,College,Near,Male,71,no,North West,Bike,145,Bilingual
21,80,High,Low,No,7,73,Yes,0,Medium,Private,2,High School,Moderate,Female,65,no,South West,Private car,100,Bilingual
4,61,Low,High,Yes,6,63,Yes,4,Medium,Public,3,High School,Moderate,Male,59,no,East,Walk,167,Anglophone
22,63,High,Low,Yes,8,55,Yes,2,Medium,Private,4,High School,Near,Male,64,sometimes,Far North,Taxi,53,Bilingual
18,70,Medium,High,No,7,93,Yes,0,Medium,Public,3,College,Near,Male,67,yes,South West,Private car,58,Anglophone
20,82,Medium,Medium,No,6,94,Yes,3,Low,Private,2,High School,Near,Male,68,sometimes,Centre,Walk,39,Bilingual
18,90,High,High,Yes,6,54,Yes,1,Medium,Public,3,High School,Near,Female,95,yes,West,Private car,110,Francophone
25,84,Medium,Medium,Yes,7,83,Yes,1,Low,Public,3,High School,Moderate,Male,70,no,Centre,Private car,48,Bilingual
27,76,Medium,Medium,No,9,58,Yes,1,Medium,Public,3,College,Near,Female,68,yes,Centre,Bike,59,Francophone
22,65,Low,Medium,No,7,82,Yes,2,Medium,Public,4,College,Near,Male,65,no,South West,Bus,154,Francophone
18,91,Low,Medium,No,7,95,Yes,2,Low,Public,2,Postgraduate,Near,Male,70,yes,North,Walk,111,Bilingual
20,75,Medium,Medium,No,8,63,Yes,4,Medium,Public,3,Postgraduate,Near,Male,67,sometimes,West,Walk,196,Francophone
20,89,Medium,High,No,8,67,Yes,2,Low,Public,2,College,Near,Male,69,no,North West,Private car,88,Bilingual
15,81,Medium,High,Yes,7,90,Yes,1,Low,Private,2,Postgraduate,Far,Female,68,yes,Littoral,Private car,80,Bilingual
23,90,High,High,No,7,87,Yes,1,Low,Public,2,High School,Near,Female,72,sometimes,North,Taxi,128,Francophone
23,96,Medium,High,No,6,70,Yes,1,Medium,Public,2,High School,Near,Male,71,no,West,Bike,36,Anglophone
29,97,Medium,High,Yes,9,92,Yes,2,Low,Public,4,High School,Moderate,Female,75,sometimes,North,Taxi,160,Anglophone
28,81,Medium,High,No,6,96,Yes,0,Medium,Public,2,High School,Near,Male,70,no,Far North,Bus,92,Bilingual
16,80,Medium,Medium,No,9,73,Yes,2,Medium,Private,4,College,Near,Male,66,yes,Far North,Bus,163,Bilingual
25,71,Medium,High,Yes,7,52,Yes,3,Low,Private,3,High School,Near,Male,67,sometimes,East,Walk,148,Francophone
14,97,Medium,Medium,Yes,7,75,Yes,1,Medium,Public,4,College,Near,Female,70,no,Centre,Taxi,138,Bilingual
24,78,High,High,Yes,8,87,Yes,2,Medium,Public,3,High School,Near,Male,71,sometimes,West,Bike,62,Francophone
17,65,Medium,Medium,No,6,61,Yes,5,Low,Public,4,High School,Near,Female,64,yes,West,Bus,96,Anglophone
14,77,Medium,Medium,No,8,55,Yes,2,High,Private,4,High School,Near,Male,65,yes,East,Taxi,100,Anglophone
22,65,Medium,Medium,Yes,7,64,Yes,1,Medium,Private,2,High School,Moderate,Male,64,no,Centre,Bus,184,Francophone
4,80,Low,Medium,Yes,8,51,Yes,4,Medium,Public,5,High School,Near,Male,62,no,South,Bus,159,Bilingual
9,82,High,Low,Yes,6,86,Yes,2,Low,Private,2,College,Far,Female,64,yes,Far North,Private car,25,Bilingual
19,74,Medium,High,Yes,6,57,Yes,1,Medium,Private,2,High School,Near,Female,66,sometimes,West,Bike,117,Anglophone
20,63,Medium,Medium,Yes,4,86,Yes,0,High,Public,3,College,Near,Male,64,sometimes,Adamawa,Bus,23,Anglophone
18,98,High,Medium,Yes,6,62,Yes,3,Medium,Public,3,High School,Far,Female,71,sometimes,South West,Walk,174,Bilingual
11,91,High,Low,Yes,6,100,Yes,4,Low,Public,2,Postgraduate,Near,Male,68,yes,West,Bus,97,Anglophone
15,94,Medium,Medium,Yes,6,77,Yes,3,High,Private,4,College,Near,Female,70,sometimes,South,Private car,199,Francophone
22,75,High,Medium,No,7,52,Yes,0,Low,Private,3,College,Near,Female,66,no,Far North,Private car,68,Anglophone
23,90,Medium,Medium,No,7,89,Yes,2,High,Public,4,College,Moderate,Female,71,no,Far North,Bike,132,Bilingual
20,79,Medium,Medium,Yes,8,71,Yes,1,Medium,Public,3,College,Near,Female,68,sometimes,North,Taxi,24,Francophone
27,68,Low,Low,Yes,8,80,Yes,3,Medium,Public,4,High School,Near,Male,66,no,North,Bus,159,Francophone
22,65,Low,Medium,No,8,98,Yes,4,Medium,Private,3,High School,Near,Female,66,yes,Adamawa,Bus,112,Anglophone
16,74,Low,High,No,8,76,Yes,5,Low,Public,3,College,Moderate,Male,65,sometimes,Littoral,Walk,119,Bilingual
18,66,Medium,Medium,Yes,7,90,Yes,0,Medium,Public,4,Postgraduate,Near,Male,64,sometimes,North,Bike,39,Francophone
12,100,Low,Medium,Yes,7,65,Yes,1,Low,Private,2,High School,Near,Male,67,yes,South,Bike,66,Anglophone
19,62,Medium,Medium,Yes,8,86,Yes,1,High,Public,3,College,Near,Male,65,sometimes,Adamawa,Taxi,45,Bilingual
27,78,Medium,Medium,Yes,8,55,Yes,3,High,Public,2,Postgraduate,Moderate,Male,69,no,West,Bus,109,Anglophone
24,78,High,Medium,Yes,5,95,Yes,1,Low,Private,2,College,Near,Male,69,no,North West,Walk,111,Bilingual
28,72,Low,Medium,Yes,7,60,Yes,4,High,Public,3,Postgraduate,Near,Male,69,yes,Littoral,Walk,175,Bilingual
18,83,Medium,High,No,4,65,Yes,3,Low,Public,4,College,Moderate,Male,68,yes,East,Private car,125,Anglophone
28,66,Medium,Low,Yes,4,98,Yes,0,Medium,Public,3,High School,Near,Female,67,yes,West,Bike,63,Francophone
19,91,Medium,Low,No,6,58,Yes,2,Low,Public,3,College,Moderate,Male,68,sometimes,Far North,Private car,97,Anglophone
29,73,Low,Low,Yes,7,63,Yes,1,Low,Public,4,Postgraduate,Far,Female,65,no,Far North,Bike,35,Francophone
20,84,High,Medium,Yes,6,79,Yes,3,Medium,Public,3,College,Moderate,Male,69,sometimes,North West,Taxi,101,Bilingual
24,89,Medium,Low,No,4,99,Yes,1,High,Private,3,Postgraduate,Near,Male,73,yes,South West,Private car,76,Bilingual
29,96,High,Medium,No,8,85,Yes,3,High,Public,3,Postgraduate,Near,Male,76,sometimes,West,Taxi,76,Anglophone
19,93,Medium,High,Yes,6,56,Yes,0,Low,Private,3,College,Near,Male,69,sometimes,Centre,Taxi,40,Francophone
21,84,High,Low,Yes,8,87,Yes,2,High,Public,1,Postgraduate,Far,Female,69,no,South West,Private car,128,Bilingual
28,76,Medium,Medium,Yes,6,71,Yes,3,Low,Private,2,High School,Far,Female,68,yes,Adamawa,Walk,183,Anglophone
19,80,High,High,Yes,6,100,Yes,1,Medium,Public,3,High School,Near,Male,70,yes,North,Private car,168,Bilingual
12,91,Medium,Low,Yes,8,81,Yes,0,Low,Public,4,High School,Moderate,Male,64,no,Adamawa,Bus,47,Anglophone
33,95,Low,Low,Yes,6,77,Yes,2,High,Private,3,High School,Moderate,Female,73,yes,North,Taxi,94,Anglophone
17,64,Medium,Medium,Yes,7,78,Yes,1,Medium,Public,3,High School,Near,Male,64,sometimes,South,Bus,130,Francophone
21,75,Medium,Low,Yes,7,82,Yes,1,Medium,Public,4,High School,Near,Male,65,no,Littoral,Private car,111,Anglophone
27,91,Low,High,No,5,87,No,0,Medium,Public,3,High School,Near,Female,69,no,Adamawa,Private car,135,Bilingual
16,77,Medium,Low,Yes,8,54,No,0,Medium,Public,3,Postgraduate,Near,Male,62,sometimes,West,Taxi,160,Anglophone
14,73,High,Medium,Yes,6,57,Yes,2,Medium,Public,4,High School,Moderate,Female,64,no,Littoral,Taxi,77,Anglophone
22,76,Low,High,No,5,65,Yes,0,Medium,Public,3,High School,Far,Female,64,no,Far North,Walk,28,Bilingual
9,84,Medium,Medium,No,6,74,Yes,5,High,Public,2,High School,Near,Male,67,no,East,Walk,95,Anglophone
18,100,Medium,Low,Yes,8,66,No,3,Low,Public,3,College,Near,Male,69,no,Littoral,Private car,166,Bilingual
21,80,Medium,Low,Yes,5,61,Yes,2,High,Public,3,High School,Near,Male,67,sometimes,South,Walk,166,Francophone
18,68,Low,High,No,8,96,Yes,1,High,Public,3,High School,Moderate,Male,65,sometimes,North West,Private car,31,Bilingual
11,67,Medium,High,No,8,52,Yes,3,High,Public,3,College,Moderate,Female,63,yes,West,Taxi,111,Bilingual
30,62,Low,Low,Yes,7,97,Yes,0,High,Private,5,College,Near,Female,66,yes,Far North,Walk,75,Bilingual
21,82,Medium,High,No,7,95,Yes,1,High,Public,3,High School,Near,Male,70,yes,Far North,Taxi,43,Francophone
29,82,Medium,High,No,7,84,Yes,1,Low,Private,2,High School,Near,Male,70,sometimes,Far North,Bike,58,Bilingual
18,68,High,High,Yes,8,52,Yes,0,High,Public,3,College,Near,Male,67,no,South,Bus,157,Bilingual
15,88,Low,Medium,Yes,6,61,Yes,0,High,Public,4,Postgraduate,Far,Male,65,sometimes,Adamawa,Bus,146,Bilingual
22,90,Low,High,No,5,99,Yes,1,Low,Private,2,College,,Female,70,no,South West,Taxi,26,Bilingual
19,70,Medium,Medium,Yes,7,95,No,0,Medium,Private,3,College,Near,Female,66,sometimes,Adamawa,Private car,122,Bilingual
13,74,Medium,High,Yes,8,98,Yes,1,High,Public,2,High School,Near,Male,66,no,South,Bus,194,Anglophone
29,100,Medium,Low,Yes,8,100,Yes,0,Low,Private,5,High School,Near,Male,72,sometimes,Far North,Bus,146,Anglophone
16,75,High,Low,Yes,10,53,Yes,0,Low,Public,4,College,Near,Female,64,no,Far North,Private car,93,Anglophone
9,90,High,High,Yes,7,79,Yes,4,High,Public,4,High School,,Male,70,yes,North West,Private car,135,Anglophone
28,78,Medium,High,No,7,92,Yes,1,Medium,Public,3,Postgraduate,Moderate,Female,71,yes,East,Bike,72,Bilingual
17,92,Medium,Medium,No,7,66,Yes,2,Low,Public,3,High School,Near,Male,66,sometimes,Adamawa,Taxi,184,Francophone
16,91,High,Medium,Yes,6,72,Yes,0,High,Public,2,Postgraduate,Near,Female,70,yes,North West,Bike,168,Anglophone
9,87,Low,Medium,Yes,6,64,Yes,1,High,Public,2,High School,Near,Female,64,yes,North,Private car,130,Anglophone
30,94,Medium,Low,No,5,52,No,3,High,Private,2,Postgraduate,Moderate,Female,70,yes,West,Bus,44,Bilingual
12,98,Medium,Low,Yes,4,54,Yes,2,Medium,Private,3,High School,Near,Female,67,sometimes,Littoral,Bike,169,Anglophone
20,83,Medium,Low,No,6,51,Yes,2,Medium,Public,4,High School,Moderate,Female,65,yes,West,Bus,42,Bilingual
25,69,High,Medium,No,7,76,Yes,1,High,Public,2,High School,Near,Female,68,sometimes,North West,Walk,147,Anglophone
23,76,High,Medium,No,8,81,Yes,3,Low,Public,2,High School,Near,Female,69,sometimes,South West,Bike,152,Anglophone
20,90,Medium,Low,Yes,6,65,Yes,3,Low,Public,2,Postgraduate,Near,Female,68,yes,South,Taxi,145,Francophone
10,86,High,High,Yes,6,91,Yes,2,Low,Private,3,High School,Far,Female,68,no,South,Bus,158,Bilingual
15,67,Medium,Low,Yes,9,94,Yes,0,Medium,Public,4,Postgraduate,Near,Male,64,no,Adamawa,Bus,61,Bilingual
